Domain Code,Domain,Area Code (M49),Area,Element Code,Element,Item Code (CPC),Item,Year Code,Year,Unit,Value,Flag,Flag Description,Note
"QCL","Crops and livestock products","578","Norway","5312","Area harvested","01341","Apples","2010","2010","ha","1428","A","Official figure",""
"QCL","Crops and livestock products","578","Norway","5412","Yield","01341","Apples","2010","2010","kg/ha","8046.9","A","Official figure",""
"QCL","Crops and livestock products","578","Norway","5510","Production","01341","Apples","2010","2010","t","11491","A","Official figure",""
"QCL","Crops and livestock products","578","Norway","5312","Area harvested","01341","Apples","2011","2011","ha","1401","A","Official figure",""
"QCL","Crops and livestock products","578","Norway","5412","Yield","01341","Apples","2011","2011","kg/ha","6045","A","Official figure",""
"QCL","Crops and livestock products","578","Norway","5510","Production","01341","Apples","2011","2011","t","8469","A","Official figure",""
"QCL","Crops and livestock products","578","Norway","5312","Area harvested","01341","Apples","2012","2012","ha","1396","A","Official figure",""
"QCL","Crops and livestock products","578","Norway","5412","Yield","01341","Apples","2012","2012","kg/ha","7862.5","A","Official figure",""
"QCL","Crops and livestock products","578","Norway","5510","Production","01341","Apples","2012","2012","t","10976","A","Official figure",""
"QCL","Crops and livestock products","578","Norway","5312","Area harvested","01341","Apples","2013","2013","ha","1402","A","Official figure",""
"QCL","Crops and livestock products","578","Norway","5412","Yield","01341","Apples","2013","2013","kg/ha","6967.9","A","Official figure",""
"QCL","Crops and livestock products","578","Norway","5510","Production","01341","Apples","2013","2013","t","9769","A","Official figure",""
"QCL","Crops and livestock products","578","Norway","5312","Area harvested","01341","Apples","2014","2014","ha","1373","A","Official figure",""
"QCL","Crops and livestock products","578","Norway","5412","Yield","01341","Apples","2014","2014","kg/ha","9702.8","A","Official figure",""
"QCL","Crops and livestock products","578","Norway","5510","Production","01341","Apples","2014","2014","t","13322","A","Official figure",""
"QCL","Crops and livestock products","578","Norway","5312","Area harvested","01341","Apples","2015","2015","ha","1373","A","Official figure",""
"QCL","Crops and livestock products","578","Norway","5412","Yield","01341","Apples","2015","2015","kg/ha","7866","A","Official figure",""
"QCL","Crops and livestock products","578","Norway","5510","Production","01341","Apples","2015","2015","t","10800","A","Official figure",""
"QCL","Crops and livestock products","578","Norway","5312","Area harvested","01341","Apples","2016","2016","ha","1368","A","Official figure",""
"QCL","Crops and livestock products","578","Norway","5412","Yield","01341","Apples","2016","2016","kg/ha","9153.5","A","Official figure",""
"QCL","Crops and livestock products","578","Norway","5510","Production","01341","Apples","2016","2016","t","12522","A","Official figure",""
"QCL","Crops and livestock products","578","Norway","5312","Area harvested","01341","Apples","2017","2017","ha","1378","A","Official figure",""
"QCL","Crops and livestock products","578","Norway","5412","Yield","01341","Apples","2017","2017","kg/ha","9187.5","A","Official figure",""
"QCL","Crops and livestock products","578","Norway","5510","Production","01341","Apples","2017","2017","t","12664","A","Official figure",""
"QCL","Crops and livestock products","578","Norway","5312","Area harvested","01341","Apples","2018","2018","ha","1451","A","Official figure",""
"QCL","Crops and livestock products","578","Norway","5412","Yield","01341","Apples","2018","2018","kg/ha","10253.6","A","Official figure",""
"QCL","Crops and livestock products","578","Norway","5510","Production","01341","Apples","2018","2018","t","14878","A","Official figure",""
"QCL","Crops and livestock products","578","Norway","5312","Area harvested","01341","Apples","2019","2019","ha","1506","A","Official figure",""
"QCL","Crops and livestock products","578","Norway","5412","Yield","01341","Apples","2019","2019","kg/ha","10460.2","A","Official figure",""
"QCL","Crops and livestock products","578","Norway","5510","Production","01341","Apples","2019","2019","t","15753","A","Official figure",""
"QCL","Crops and livestock products","578","Norway","5312","Area harvested","01341","Apples","2020","2020","ha","1543","A","Official figure",""
"QCL","Crops and livestock products","578","Norway","5412","Yield","01341","Apples","2020","2020","kg/ha","7812.7","A","Official figure",""
"QCL","Crops and livestock products","578","Norway","5510","Production","01341","Apples","2020","2020","t","12055","A","Official figure",""
"QCL","Crops and livestock products","578","Norway","5312","Area harvested","01341","Apples","2021","2021","ha","1573","A","Official figure",""
"QCL","Crops and livestock products","578","Norway","5412","Yield","01341","Apples","2021","2021","kg/ha","11901.5","A","Official figure",""
"QCL","Crops and livestock products","578","Norway","5510","Production","01341","Apples","2021","2021","t","18721","A","Official figure",""
"QCL","Crops and livestock products","578","Norway","5312","Area harvested","01341","Apples","2022","2022","ha","1596","A","Official figure",""
"QCL","Crops and livestock products","578","Norway","5412","Yield","01341","Apples","2022","2022","kg/ha","10699.9","A","Official figure",""
"QCL","Crops and livestock products","578","Norway","5510","Production","01341","Apples","2022","2022","t","17077","A","Official figure",""
"QCL","Crops and livestock products","578","Norway","5312","Area harvested","01341","Apples","2023","2023","ha","1648","A","Official figure",""
"QCL","Crops and livestock products","578","Norway","5412","Yield","01341","Apples","2023","2023","kg/ha","12199","A","Official figure",""
"QCL","Crops and livestock products","578","Norway","5510","Production","01341","Apples","2023","2023","t","20104","A","Official figure",""
"QCL","Crops and livestock products","578","Norway","5312","Area harvested","0115","Barley","2010","2010","ha","146180","A","Official figure",""
"QCL","Crops and livestock products","578","Norway","5412","Yield","0115","Barley","2010","2010","kg/ha","3702.3","A","Official figure",""
"QCL","Crops and livestock products","578","Norway","5510","Production","0115","Barley","2010","2010","t","541200","A","Official figure",""
"QCL","Crops and livestock products","578","Norway","5312","Area harvested","0115","Barley","2011","2011","ha","147974","A","Official figure",""
"QCL","Crops and livestock products","578","Norway","5412","Yield","0115","Barley","2011","2011","kg/ha","3342.5","A","Official figure",""
"QCL","Crops and livestock products","578","Norway","5510","Production","0115","Barley","2011","2011","t","494600","A","Official figure",""
"QCL","Crops and livestock products","578","Norway","5312","Area harvested","0115","Barley","2012","2012","ha","156535","A","Official figure",""
"QCL","Crops and livestock products","578","Norway","5412","Yield","0115","Barley","2012","2012","kg/ha","3661.8","A","Official figure",""
"QCL","Crops and livestock products","578","Norway","5510","Production","0115","Barley","2012","2012","t","573200","A","Official figure",""
"QCL","Crops and livestock products","578","Norway","5312","Area harvested","0115","Barley","2013","2013","ha","159387","A","Official figure",""
"QCL","Crops and livestock products","578","Norway","5412","Yield","0115","Barley","2013","2013","kg/ha","3233","A","Official figure",""
"QCL","Crops and livestock products","578","Norway","5510","Production","0115","Barley","2013","2013","t","515300","A","Official figure",""
"QCL","Crops and livestock products","578","Norway","5312","Area harvested","0115","Barley","2014","2014","ha","126506","A","Official figure",""
"QCL","Crops and livestock products","578","Norway","5412","Yield","0115","Barley","2014","2014","kg/ha","4169","A","Official figure",""
"QCL","Crops and livestock products","578","Norway","5510","Production","0115","Barley","2014","2014","t","527400","A","Official figure",""
"QCL","Crops and livestock products","578","Norway","5312","Area harvested","0115","Barley","2015","2015","ha","123292","A","Official figure",""
"QCL","Crops and livestock products","578","Norway","5412","Yield","0115","Barley","2015","2015","kg/ha","4142.2","A","Official figure",""
"QCL","Crops and livestock products","578","Norway","5510","Production","0115","Barley","2015","2015","t","510700","A","Official figure",""
"QCL","Crops and livestock products","578","Norway","5312","Area harvested","0115","Barley","2016","2016","ha","137556","A","Official figure",""
"QCL","Crops and livestock products","578","Norway","5412","Yield","0115","Barley","2016","2016","kg/ha","4614.8","A","Official figure",""
"QCL","Crops and livestock products","578","Norway","5510","Production","0115","Barley","2016","2016","t","634800","A","Official figure",""
"QCL","Crops and livestock products","578","Norway","5312","Area harvested","0115","Barley","2017","2017","ha","134857","A","Official figure",""
"QCL","Crops and livestock products","578","Norway","5412","Yield","0115","Barley","2017","2017","kg/ha","4257.1","A","Official figure",""
"QCL","Crops and livestock products","578","Norway","5510","Production","0115","Barley","2017","2017","t","574100","A","Official figure",""
"QCL","Crops and livestock products","578","Norway","5312","Area harvested","0115","Barley","2018","2018","ha","147951","A","Official figure",""
"QCL","Crops and livestock products","578","Norway","5412","Yield","0115","Barley","2018","2018","kg/ha","2980","A","Official figure",""
"QCL","Crops and livestock products","578","Norway","5510","Production","0115","Barley","2018","2018","t","440900","A","Official figure",""
"QCL","Crops and livestock products","578","Norway","5312","Area harvested","0115","Barley","2019","2019","ha","130495","A","Official figure",""
"QCL","Crops and livestock products","578","Norway","5412","Yield","0115","Barley","2019","2019","kg/ha","4333.5","A","Official figure",""
"QCL","Crops and livestock products","578","Norway","5510","Production","0115","Barley","2019","2019","t","565500","A","Official figure",""
"QCL","Crops and livestock products","578","Norway","5312","Area harvested","0115","Barley","2020","2020","ha","139222","A","Official figure",""
"QCL","Crops and livestock products","578","Norway","5412","Yield","0115","Barley","2020","2020","kg/ha","4586.2","A","Official figure",""
"QCL","Crops and livestock products","578","Norway","5510","Production","0115","Barley","2020","2020","t","638500","A","Official figure",""
"QCL","Crops and livestock products","578","Norway","5312","Area harvested","0115","Barley","2021","2021","ha","142745","A","Official figure",""
"QCL","Crops and livestock products","578","Norway","5412","Yield","0115","Barley","2021","2021","kg/ha","4286","A","Official figure",""
"QCL","Crops and livestock products","578","Norway","5510","Production","0115","Barley","2021","2021","t","611800","A","Official figure",""
"QCL","Crops and livestock products","578","Norway","5312","Area harvested","0115","Barley","2022","2022","ha","131305","A","Official figure",""
"QCL","Crops and livestock products","578","Norway","5412","Yield","0115","Barley","2022","2022","kg/ha","4501","A","Official figure",""
"QCL","Crops and livestock products","578","Norway","5510","Production","0115","Barley","2022","2022","t","591000","A","Official figure",""
"QCL","Crops and livestock products","578","Norway","5312","Area harvested","0115","Barley","2023","2023","ha","141922","A","Official figure",""
"QCL","Crops and livestock products","578","Norway","5412","Yield","0115","Barley","2023","2023","kg/ha","2853.7","A","Official figure",""
"QCL","Crops and livestock products","578","Norway","5510","Production","0115","Barley","2023","2023","t","405000","A","Official figure",""
"QCL","Crops and livestock products","578","Norway","5510","Production","24310.01","Beer of barley, malted","2010","2010","t","243600","X","Figure from external organization","Unofficial figure"
"QCL","Crops and livestock products","578","Norway","5510","Production","24310.01","Beer of barley, malted","2011","2011","t","234600","X","Figure from external organization","Unofficial figure"
"QCL","Crops and livestock products","578","Norway","5510","Production","24310.01","Beer of barley, malted","2012","2012","t","230400","X","Figure from external organization","Unofficial figure"
"QCL","Crops and livestock products","578","Norway","5510","Production","24310.01","Beer of barley, malted","2013","2013","t","233900","X","Figure from external organization","Unofficial figure"
"QCL","Crops and livestock products","578","Norway","5510","Production","24310.01","Beer of barley, malted","2014","2014","t","239600","A","Official figure",""
"QCL","Crops and livestock products","578","Norway","5510","Production","24310.01","Beer of barley, malted","2015","2015","t","255400","X","Figure from external organization","Unofficial figure"
"QCL","Crops and livestock products","578","Norway","5510","Production","24310.01","Beer of barley, malted","2016","2016","t","253480.3","A","Official figure",""
"QCL","Crops and livestock products","578","Norway","5510","Production","24310.01","Beer of barley, malted","2017","2017","t","248188.9","A","Official figure",""
"QCL","Crops and livestock products","578","Norway","5510","Production","24310.01","Beer of barley, malted","2018","2018","t","545324","A","Official figure",""
"QCL","Crops and livestock products","578","Norway","5510","Production","24310.01","Beer of barley, malted","2019","2019","t","225967","A","Official figure",""
"QCL","Crops and livestock products","578","Norway","5510","Production","24310.01","Beer of barley, malted","2020","2020","t","290840","A","Official figure",""
"QCL","Crops and livestock products","578","Norway","5510","Production","24310.01","Beer of barley, malted","2021","2021","t","245105","A","Official figure",""
"QCL","Crops and livestock products","578","Norway","5510","Production","24310.01","Beer of barley, malted","2022","2022","t","228756","A","Official figure",""
"QCL","Crops and livestock products","578","Norway","5312","Area harvested","01355.01","Blueberries","2010","2010","ha","23","A","Official figure",""
"QCL","Crops and livestock products","578","Norway","5412","Yield","01355.01","Blueberries","2010","2010","kg/ha","2521.7","A","Official figure",""
"QCL","Crops and livestock products","578","Norway","5510","Production","01355.01","Blueberries","2010","2010","t","58","A","Official figure",""
"QCL","Crops and livestock products","578","Norway","5312","Area harvested","01355.01","Blueberries","2011","2011","ha","25","A","Official figure",""
"QCL","Crops and livestock products","578","Norway","5412","Yield","01355.01","Blueberries","2011","2011","kg/ha","560","A","Official figure",""
"QCL","Crops and livestock products","578","Norway","5510","Production","01355.01","Blueberries","2011","2011","t","14","A","Official figure",""
"QCL","Crops and livestock products","578","Norway","5312","Area harvested","01355.01","Blueberries","2012","2012","ha","23","A","Official figure",""
"QCL","Crops and livestock products","578","Norway","5412","Yield","01355.01","Blueberries","2012","2012","kg/ha","1521.7","A","Official figure",""
"QCL","Crops and livestock products","578","Norway","5510","Production","01355.01","Blueberries","2012","2012","t","35","A","Official figure",""
"QCL","Crops and livestock products","578","Norway","5312","Area harvested","01355.01","Blueberries","2013","2013","ha","25","A","Official figure",""
"QCL","Crops and livestock products","578","Norway","5412","Yield","01355.01","Blueberries","2013","2013","kg/ha","1080","A","Official figure",""
"QCL","Crops and livestock products","578","Norway","5510","Production","01355.01","Blueberries","2013","2013","t","27","A","Official figure",""
"QCL","Crops and livestock products","578","Norway","5312","Area harvested","01355.01","Blueberries","2014","2014","ha","22","A","Official figure",""
"QCL","Crops and livestock products","578","Norway","5412","Yield","01355.01","Blueberries","2014","2014","kg/ha","136.4","A","Official figure",""
"QCL","Crops and livestock products","578","Norway","5510","Production","01355.01","Blueberries","2014","2014","t","3","A","Official figure",""
"QCL","Crops and livestock products","578","Norway","5312","Area harvested","01355.01","Blueberries","2015","2015","ha","20","A","Official figure",""
"QCL","Crops and livestock products","578","Norway","5412","Yield","01355.01","Blueberries","2015","2015","kg/ha","200","A","Official figure",""
"QCL","Crops and livestock products","578","Norway","5510","Production","01355.01","Blueberries","2015","2015","t","4","A","Official figure",""
"QCL","Crops and livestock products","578","Norway","5312","Area harvested","01355.01","Blueberries","2016","2016","ha","20","A","Official figure",""
"QCL","Crops and livestock products","578","Norway","5412","Yield","01355.01","Blueberries","2016","2016","kg/ha","450","A","Official figure",""
"QCL","Crops and livestock products","578","Norway","5510","Production","01355.01","Blueberries","2016","2016","t","9","A","Official figure",""
"QCL","Crops and livestock products","578","Norway","5312","Area harvested","01355.01","Blueberries","2017","2017","ha","19","A","Official figure",""
"QCL","Crops and livestock products","578","Norway","5412","Yield","01355.01","Blueberries","2017","2017","kg/ha","1587.3","A","Official figure",""
"QCL","Crops and livestock products","578","Norway","5510","Production","01355.01","Blueberries","2017","2017","t","30","A","Official figure",""
"QCL","Crops and livestock products","578","Norway","5312","Area harvested","01355.01","Blueberries","2018","2018","ha","18","A","Official figure",""
"QCL","Crops and livestock products","578","Norway","5412","Yield","01355.01","Blueberries","2018","2018","kg/ha","1428.6","A","Official figure",""
"QCL","Crops and livestock products","578","Norway","5510","Production","01355.01","Blueberries","2018","2018","t","26","A","Official figure",""
"QCL","Crops and livestock products","578","Norway","5312","Area harvested","01355.01","Blueberries","2019","2019","ha","18","A","Official figure",""
"QCL","Crops and livestock products","578","Norway","5412","Yield","01355.01","Blueberries","2019","2019","kg/ha","2111.1","A","Official figure",""
"QCL","Crops and livestock products","578","Norway","5510","Production","01355.01","Blueberries","2019","2019","t","38","A","Official figure",""
"QCL","Crops and livestock products","578","Norway","5312","Area harvested","01355.01","Blueberries","2020","2020","ha","20","A","Official figure",""
"QCL","Crops and livestock products","578","Norway","5412","Yield","01355.01","Blueberries","2020","2020","kg/ha","1150","A","Official figure",""
"QCL","Crops and livestock products","578","Norway","5510","Production","01355.01","Blueberries","2020","2020","t","23","A","Official figure",""
"QCL","Crops and livestock products","578","Norway","5312","Area harvested","01355.01","Blueberries","2021","2021","ha","20","A","Official figure",""
"QCL","Crops and livestock products","578","Norway","5412","Yield","01355.01","Blueberries","2021","2021","kg/ha","2000","A","Official figure",""
"QCL","Crops and livestock products","578","Norway","5510","Production","01355.01","Blueberries","2021","2021","t","40","A","Official figure",""
"QCL","Crops and livestock products","578","Norway","5312","Area harvested","01355.01","Blueberries","2022","2022","ha","19","A","Official figure",""
"QCL","Crops and livestock products","578","Norway","5412","Yield","01355.01","Blueberries","2022","2022","kg/ha","2000","A","Official figure",""
"QCL","Crops and livestock products","578","Norway","5510","Production","01355.01","Blueberries","2022","2022","t","38","A","Official figure",""
"QCL","Crops and livestock products","578","Norway","5312","Area harvested","01355.01","Blueberries","2023","2023","ha","19","A","Official figure",""
"QCL","Crops and livestock products","578","Norway","5412","Yield","01355.01","Blueberries","2023","2023","kg/ha","2105.3","A","Official figure",""
"QCL","Crops and livestock products","578","Norway","5510","Production","01355.01","Blueberries","2023","2023","t","40","A","Official figure",""
"QCL","Crops and livestock products","578","Norway","5510","Production","21513","Buffalo fat, unrendered","2023","2023","t","","M","Missing value; data cannot exist",""
"QCL","Crops and livestock products","578","Norway","5510","Production","22241.01","Butter of cow milk","2010","2010","t","15800","X","Figure from external organization","Unofficial figure"
"QCL","Crops and livestock products","578","Norway","5510","Production","22241.01","Butter of cow milk","2011","2011","t","15300","X","Figure from external organization","Unofficial figure"
"QCL","Crops and livestock products","578","Norway","5510","Production","22241.01","Butter of cow milk","2012","2012","t","15100","X","Figure from external organization","Unofficial figure"
"QCL","Crops and livestock products","578","Norway","5510","Production","22241.01","Butter of cow milk","2013","2013","t","15500","X","Figure from external organization","Unofficial figure"
"QCL","Crops and livestock products","578","Norway","5510","Production","22241.01","Butter of cow milk","2014","2014","t","14200","X","Figure from external organization","Unofficial figure"
"QCL","Crops and livestock products","578","Norway","5510","Production","22241.01","Butter of cow milk","2015","2015","t","15800","X","Figure from external organization","Unofficial figure"
"QCL","Crops and livestock products","578","Norway","5510","Production","22241.01","Butter of cow milk","2016","2016","t","16500","X","Figure from external organization","Unofficial figure"
"QCL","Crops and livestock products","578","Norway","5510","Production","22241.01","Butter of cow milk","2017","2017","t","14900","X","Figure from external organization","Unofficial figure"
"QCL","Crops and livestock products","578","Norway","5510","Production","22241.01","Butter of cow milk","2018","2018","t","15800","X","Figure from external organization","Unofficial figure"
"QCL","Crops and livestock products","578","Norway","5510","Production","22241.01","Butter of cow milk","2019","2019","t","16300","X","Figure from external organization","Unofficial figure"
"QCL","Crops and livestock products","578","Norway","5510","Production","22241.01","Butter of cow milk","2020","2020","t","15000","X","Figure from external organization","Unofficial figure"
"QCL","Crops and livestock products","578","Norway","5510","Production","22241.01","Butter of cow milk","2021","2021","t","17300","X","Figure from external organization","Unofficial figure"
"QCL","Crops and livestock products","578","Norway","5510","Production","22241.01","Butter of cow milk","2022","2022","t","18100","X","Figure from external organization","Unofficial figure"
"QCL","Crops and livestock products","578","Norway","5510","Production","22230.04","Buttermilk, dry","2014","2014","t","1689.13","I","Value 
imputed by a
receiving 
agency",""
"QCL","Crops and livestock products","578","Norway","5510","Production","22230.04","Buttermilk, dry","2015","2015","t","1852.49","I","Value 
imputed by a
receiving 
agency",""
"QCL","Crops and livestock products","578","Norway","5510","Production","22230.04","Buttermilk, dry","2016","2016","t","1932.66","I","Value 
imputed by a
receiving 
agency",""
"QCL","Crops and livestock products","578","Norway","5510","Production","22230.04","Buttermilk, dry","2017","2017","t","1757.3","I","Value 
imputed by a
receiving 
agency",""
"QCL","Crops and livestock products","578","Norway","5510","Production","22230.04","Buttermilk, dry","2018","2018","t","1857.23","I","Value 
imputed by a
receiving 
agency",""
"QCL","Crops and livestock products","578","Norway","5510","Production","22230.04","Buttermilk, dry","2019","2019","t","1827","I","Value 
imputed by a
receiving 
agency",""
"QCL","Crops and livestock products","578","Norway","5510","Production","22230.04","Buttermilk, dry","2020","2020","t","1764","I","Value 
imputed by a
receiving 
agency",""
"QCL","Crops and livestock products","578","Norway","5510","Production","22230.04","Buttermilk, dry","2021","2021","t","1764.58","I","Value 
imputed by a
receiving 
agency",""
"QCL","Crops and livestock products","578","Norway","5510","Production","22230.04","Buttermilk, dry","2022","2022","t","2128.48","I","Value 
imputed by a
receiving 
agency",""
"QCL","Crops and livestock products","578","Norway","5312","Area harvested","01212","Cabbages","2010","2010","ha","1262","A","Official figure",""
"QCL","Crops and livestock products","578","Norway","5412","Yield","01212","Cabbages","2010","2010","kg/ha","28943.7","A","Official figure",""
"QCL","Crops and livestock products","578","Norway","5510","Production","01212","Cabbages","2010","2010","t","36527","A","Official figure",""
"QCL","Crops and livestock products","578","Norway","5312","Area harvested","01212","Cabbages","2011","2011","ha","1268","A","Official figure",""
"QCL","Crops and livestock products","578","Norway","5412","Yield","01212","Cabbages","2011","2011","kg/ha","26921.1","A","Official figure",""
"QCL","Crops and livestock products","578","Norway","5510","Production","01212","Cabbages","2011","2011","t","34136","A","Official figure",""
"QCL","Crops and livestock products","578","Norway","5312","Area harvested","01212","Cabbages","2012","2012","ha","1344","A","Official figure",""
"QCL","Crops and livestock products","578","Norway","5412","Yield","01212","Cabbages","2012","2012","kg/ha","27796.1","A","Official figure",""
"QCL","Crops and livestock products","578","Norway","5510","Production","01212","Cabbages","2012","2012","t","37358","A","Official figure",""
"QCL","Crops and livestock products","578","Norway","5312","Area harvested","01212","Cabbages","2013","2013","ha","1347","A","Official figure",""
"QCL","Crops and livestock products","578","Norway","5412","Yield","01212","Cabbages","2013","2013","kg/ha","27256.1","A","Official figure",""
"QCL","Crops and livestock products","578","Norway","5510","Production","01212","Cabbages","2013","2013","t","36714","A","Official figure",""
"QCL","Crops and livestock products","578","Norway","5312","Area harvested","01212","Cabbages","2014","2014","ha","900","A","Official figure",""
"QCL","Crops and livestock products","578","Norway","5412","Yield","01212","Cabbages","2014","2014","kg/ha","43413.3","A","Official figure",""
"QCL","Crops and livestock products","578","Norway","5510","Production","01212","Cabbages","2014","2014","t","39072","A","Official figure",""
"QCL","Crops and livestock products","578","Norway","5312","Area harvested","01212","Cabbages","2015","2015","ha","1461","A","Official figure",""
"QCL","Crops and livestock products","578","Norway","5412","Yield","01212","Cabbages","2015","2015","kg/ha","25627","A","Official figure",""
"QCL","Crops and livestock products","578","Norway","5510","Production","01212","Cabbages","2015","2015","t","37441","A","Official figure",""
"QCL","Crops and livestock products","578","Norway","5312","Area harvested","01212","Cabbages","2016","2016","ha","1568","A","Official figure",""
"QCL","Crops and livestock products","578","Norway","5412","Yield","01212","Cabbages","2016","2016","kg/ha","25011.5","A","Official figure",""
"QCL","Crops and livestock products","578","Norway","5510","Production","01212","Cabbages","2016","2016","t","39218","A","Official figure",""
"QCL","Crops and livestock products","578","Norway","5312","Area harvested","01212","Cabbages","2017","2017","ha","1365","A","Official figure",""
"QCL","Crops and livestock products","578","Norway","5412","Yield","01212","Cabbages","2017","2017","kg/ha","27779.7","A","Official figure",""
"QCL","Crops and livestock products","578","Norway","5510","Production","01212","Cabbages","2017","2017","t","37911","A","Official figure",""
"QCL","Crops and livestock products","578","Norway","5312","Area harvested","01212","Cabbages","2018","2018","ha","1285","A","Official figure",""
"QCL","Crops and livestock products","578","Norway","5412","Yield","01212","Cabbages","2018","2018","kg/ha","24595.8","A","Official figure",""
"QCL","Crops and livestock products","578","Norway","5510","Production","01212","Cabbages","2018","2018","t","31613","A","Official figure",""
"QCL","Crops and livestock products","578","Norway","5312","Area harvested","01212","Cabbages","2019","2019","ha","1414","A","Official figure",""
"QCL","Crops and livestock products","578","Norway","5412","Yield","01212","Cabbages","2019","2019","kg/ha","23681","A","Official figure",""
"QCL","Crops and livestock products","578","Norway","5510","Production","01212","Cabbages","2019","2019","t","33485","A","Official figure",""
"QCL","Crops and livestock products","578","Norway","5312","Area harvested","01212","Cabbages","2020","2020","ha","1334","A","Official figure",""
"QCL","Crops and livestock products","578","Norway","5412","Yield","01212","Cabbages","2020","2020","kg/ha","27345.6","A","Official figure",""
"QCL","Crops and livestock products","578","Norway","5510","Production","01212","Cabbages","2020","2020","t","36479","A","Official figure",""
"QCL","Crops and livestock products","578","Norway","5312","Area harvested","01212","Cabbages","2021","2021","ha","1492","A","Official figure",""
"QCL","Crops and livestock products","578","Norway","5412","Yield","01212","Cabbages","2021","2021","kg/ha","25406.2","A","Official figure",""
"QCL","Crops and livestock products","578","Norway","5510","Production","01212","Cabbages","2021","2021","t","37906","A","Official figure",""
"QCL","Crops and livestock products","578","Norway","5312","Area harvested","01212","Cabbages","2022","2022","ha","1370","A","Official figure",""
"QCL","Crops and livestock products","578","Norway","5412","Yield","01212","Cabbages","2022","2022","kg/ha","23220.4","A","Official figure",""
"QCL","Crops and livestock products","578","Norway","5510","Production","01212","Cabbages","2022","2022","t","31812","A","Official figure",""
"QCL","Crops and livestock products","578","Norway","5312","Area harvested","01212","Cabbages","2023","2023","ha","1368","A","Official figure",""
"QCL","Crops and livestock products","578","Norway","5412","Yield","01212","Cabbages","2023","2023","kg/ha","22693.7","A","Official figure",""
"QCL","Crops and livestock products","578","Norway","5510","Production","01212","Cabbages","2023","2023","t","31045","A","Official figure",""
"QCL","Crops and livestock products","578","Norway","5312","Area harvested","01251","Carrots and turnips","2010","2010","ha","1432","A","Official figure",""
"QCL","Crops and livestock products","578","Norway","5412","Yield","01251","Carrots and turnips","2010","2010","kg/ha","32509.1","A","Official figure",""
"QCL","Crops and livestock products","578","Norway","5510","Production","01251","Carrots and turnips","2010","2010","t","46553","A","Official figure",""
"QCL","Crops and livestock products","578","Norway","5312","Area harvested","01251","Carrots and turnips","2011","2011","ha","1452","A","Official figure",""
"QCL","Crops and livestock products","578","Norway","5412","Yield","01251","Carrots and turnips","2011","2011","kg/ha","28542","A","Official figure",""
"QCL","Crops and livestock products","578","Norway","5510","Production","01251","Carrots and turnips","2011","2011","t","41443","A","Official figure",""
"QCL","Crops and livestock products","578","Norway","5312","Area harvested","01251","Carrots and turnips","2012","2012","ha","1469","A","Official figure",""
"QCL","Crops and livestock products","578","Norway","5412","Yield","01251","Carrots and turnips","2012","2012","kg/ha","29871.3","A","Official figure",""
"QCL","Crops and livestock products","578","Norway","5510","Production","01251","Carrots and turnips","2012","2012","t","43881","A","Official figure",""
"QCL","Crops and livestock products","578","Norway","5312","Area harvested","01251","Carrots and turnips","2013","2013","ha","1563","A","Official figure",""
"QCL","Crops and livestock products","578","Norway","5412","Yield","01251","Carrots and turnips","2013","2013","kg/ha","29970.6","A","Official figure",""
"QCL","Crops and livestock products","578","Norway","5510","Production","01251","Carrots and turnips","2013","2013","t","46844","A","Official figure",""
"QCL","Crops and livestock products","578","Norway","5312","Area harvested","01251","Carrots and turnips","2014","2014","ha","1602","A","Official figure",""
"QCL","Crops and livestock products","578","Norway","5412","Yield","01251","Carrots and turnips","2014","2014","kg/ha","34773.4","A","Official figure",""
"QCL","Crops and livestock products","578","Norway","5510","Production","01251","Carrots and turnips","2014","2014","t","55707","A","Official figure",""
"QCL","Crops and livestock products","578","Norway","5312","Area harvested","01251","Carrots and turnips","2015","2015","ha","1540","A","Official figure",""
"QCL","Crops and livestock products","578","Norway","5412","Yield","01251","Carrots and turnips","2015","2015","kg/ha","33864.9","A","Official figure",""
"QCL","Crops and livestock products","578","Norway","5510","Production","01251","Carrots and turnips","2015","2015","t","52152","A","Official figure",""
"QCL","Crops and livestock products","578","Norway","5312","Area harvested","01251","Carrots and turnips","2016","2016","ha","1666","A","Official figure",""
"QCL","Crops and livestock products","578","Norway","5412","Yield","01251","Carrots and turnips","2016","2016","kg/ha","31566","A","Official figure",""
"QCL","Crops and livestock products","578","Norway","5510","Production","01251","Carrots and turnips","2016","2016","t","52589","A","Official figure",""
"QCL","Crops and livestock products","578","Norway","5312","Area harvested","01251","Carrots and turnips","2017","2017","ha","1476","A","Official figure",""
"QCL","Crops and livestock products","578","Norway","5412","Yield","01251","Carrots and turnips","2017","2017","kg/ha","35145.6","A","Official figure",""
"QCL","Crops and livestock products","578","Norway","5510","Production","01251","Carrots and turnips","2017","2017","t","51889","A","Official figure",""
"QCL","Crops and livestock products","578","Norway","5312","Area harvested","01251","Carrots and turnips","2018","2018","ha","1669","A","Official figure",""
"QCL","Crops and livestock products","578","Norway","5412","Yield","01251","Carrots and turnips","2018","2018","kg/ha","25936.1","A","Official figure",""
"QCL","Crops and livestock products","578","Norway","5510","Production","01251","Carrots and turnips","2018","2018","t","43290","A","Official figure",""
"QCL","Crops and livestock products","578","Norway","5312","Area harvested","01251","Carrots and turnips","2019","2019","ha","1838","A","Official figure",""
"QCL","Crops and livestock products","578","Norway","5412","Yield","01251","Carrots and turnips","2019","2019","kg/ha","26948.3","A","Official figure",""
"QCL","Crops and livestock products","578","Norway","5510","Production","01251","Carrots and turnips","2019","2019","t","49531","A","Official figure",""
"QCL","Crops and livestock products","578","Norway","5312","Area harvested","01251","Carrots and turnips","2020","2020","ha","1649","A","Official figure",""
"QCL","Crops and livestock products","578","Norway","5412","Yield","01251","Carrots and turnips","2020","2020","kg/ha","32477.3","A","Official figure",""
"QCL","Crops and livestock products","578","Norway","5510","Production","01251","Carrots and turnips","2020","2020","t","53555","A","Official figure",""
"QCL","Crops and livestock products","578","Norway","5312","Area harvested","01251","Carrots and turnips","2021","2021","ha","1738","A","Official figure",""
"QCL","Crops and livestock products","578","Norway","5412","Yield","01251","Carrots and turnips","2021","2021","kg/ha","31253.7","A","Official figure",""
"QCL","Crops and livestock products","578","Norway","5510","Production","01251","Carrots and turnips","2021","2021","t","54319","A","Official figure",""
"QCL","Crops and livestock products","578","Norway","5312","Area harvested","01251","Carrots and turnips","2022","2022","ha","1607","A","Official figure",""
"QCL","Crops and livestock products","578","Norway","5412","Yield","01251","Carrots and turnips","2022","2022","kg/ha","30891.1","A","Official figure",""
"QCL","Crops and livestock products","578","Norway","5510","Production","01251","Carrots and turnips","2022","2022","t","49642","A","Official figure",""
"QCL","Crops and livestock products","578","Norway","5312","Area harvested","01251","Carrots and turnips","2023","2023","ha","1533","A","Official figure",""
"QCL","Crops and livestock products","578","Norway","5412","Yield","01251","Carrots and turnips","2023","2023","kg/ha","29539.5","A","Official figure",""
"QCL","Crops and livestock products","578","Norway","5510","Production","01251","Carrots and turnips","2023","2023","t","45284","A","Official figure",""
"QCL","Crops and livestock products","578","Norway","5111","Stocks","02111","Cattle","2010","2010","An","874529","A","Official figure",""
"QCL","Crops and livestock products","578","Norway","5111","Stocks","02111","Cattle","2011","2011","An","864139","A","Official figure",""
"QCL","Crops and livestock products","578","Norway","5111","Stocks","02111","Cattle","2012","2012","An","861924","A","Official figure",""
"QCL","Crops and livestock products","578","Norway","5111","Stocks","02111","Cattle","2013","2013","An","853655","A","Official figure",""
"QCL","Crops and livestock products","578","Norway","5111","Stocks","02111","Cattle","2014","2014","An","840000","A","Official figure",""
"QCL","Crops and livestock products","578","Norway","5111","Stocks","02111","Cattle","2015","2015","An","853327","A","Official figure",""
"QCL","Crops and livestock products","578","Norway","5111","Stocks","02111","Cattle","2016","2016","An","872145","A","Official figure",""
"QCL","Crops and livestock products","578","Norway","5111","Stocks","02111","Cattle","2017","2017","An","885292","A","Official figure",""
"QCL","Crops and livestock products","578","Norway","5111","Stocks","02111","Cattle","2018","2018","An","881991","A","Official figure",""
"QCL","Crops and livestock products","578","Norway","5111","Stocks","02111","Cattle","2019","2019","An","874136","A","Official figure",""
"QCL","Crops and livestock products","578","Norway","5111","Stocks","02111","Cattle","2020","2020","An","882961","A","Official figure",""
"QCL","Crops and livestock products","578","Norway","5111","Stocks","02111","Cattle","2021","2021","An","901026","A","Official figure",""
"QCL","Crops and livestock products","578","Norway","5111","Stocks","02111","Cattle","2022","2022","An","898800","A","Official figure",""
"QCL","Crops and livestock products","578","Norway","5111","Stocks","02111","Cattle","2023","2023","An","875600","A","Official figure",""
"QCL","Crops and livestock products","578","Norway","5510","Production","21512","Cattle fat, unrendered","2010","2010","t","2408.88","I","Value 
imputed by a
receiving 
agency",""
"QCL","Crops and livestock products","578","Norway","5320","Producing Animals/Slaughtered","21512","Cattle fat, unrendered","2010","2010","An","306840","A","Official figure",""
"QCL","Crops and livestock products","578","Norway","5510","Production","21512","Cattle fat, unrendered","2011","2011","t","2354.94","I","Value 
imputed by a
receiving 
agency",""
"QCL","Crops and livestock products","578","Norway","5320","Producing Animals/Slaughtered","21512","Cattle fat, unrendered","2011","2011","An","305595","A","Official figure",""
"QCL","Crops and livestock products","578","Norway","5510","Production","21512","Cattle fat, unrendered","2012","2012","t","2249.48","I","Value 
imputed by a
receiving 
agency",""
"QCL","Crops and livestock products","578","Norway","5320","Producing Animals/Slaughtered","21512","Cattle fat, unrendered","2012","2012","An","294032","A","Official figure",""
"QCL","Crops and livestock products","578","Norway","5510","Production","21512","Cattle fat, unrendered","2013","2013","t","2414.31","I","Value 
imputed by a
receiving 
agency",""
"QCL","Crops and livestock products","578","Norway","5320","Producing Animals/Slaughtered","21512","Cattle fat, unrendered","2013","2013","An","312331","A","Official figure",""
"QCL","Crops and livestock products","578","Norway","5510","Production","21512","Cattle fat, unrendered","2014","2014","t","2271.12","I","Value 
imputed by a
receiving 
agency",""
"QCL","Crops and livestock products","578","Norway","5320","Producing Animals/Slaughtered","21512","Cattle fat, unrendered","2014","2014","An","290328","A","Official figure",""
"QCL","Crops and livestock products","578","Norway","5510","Production","21512","Cattle fat, unrendered","2015","2015","t","2298.23","I","Value 
imputed by a
receiving 
agency",""
"QCL","Crops and livestock products","578","Norway","5320","Producing Animals/Slaughtered","21512","Cattle fat, unrendered","2015","2015","An","284092","A","Official figure",""
"QCL","Crops and livestock products","578","Norway","5510","Production","21512","Cattle fat, unrendered","2016","2016","t","2356.04","I","Value 
imputed by a
receiving 
agency",""
"QCL","Crops and livestock products","578","Norway","5320","Producing Animals/Slaughtered","21512","Cattle fat, unrendered","2016","2016","An","286213","A","Official figure",""
"QCL","Crops and livestock products","578","Norway","5510","Production","21512","Cattle fat, unrendered","2017","2017","t","2457.58","I","Value 
imputed by a
receiving 
agency",""
"QCL","Crops and livestock products","578","Norway","5320","Producing Animals/Slaughtered","21512","Cattle fat, unrendered","2017","2017","An","298013","A","Official figure",""
"QCL","Crops and livestock products","578","Norway","5510","Production","21512","Cattle fat, unrendered","2018","2018","t","2578.73","I","Value 
imputed by a
receiving 
agency",""
"QCL","Crops and livestock products","578","Norway","5320","Producing Animals/Slaughtered","21512","Cattle fat, unrendered","2018","2018","An","320081","A","Official figure",""
"QCL","Crops and livestock products","578","Norway","5510","Production","21512","Cattle fat, unrendered","2019","2019","t","2509.85","I","Value 
imputed by a
receiving 
agency",""
"QCL","Crops and livestock products","578","Norway","5320","Producing Animals/Slaughtered","21512","Cattle fat, unrendered","2019","2019","An","306075","A","Official figure",""
"QCL","Crops and livestock products","578","Norway","5510","Production","21512","Cattle fat, unrendered","2020","2020","t","2460.43","I","Value 
imputed by a
receiving 
agency",""
"QCL","Crops and livestock products","578","Norway","5320","Producing Animals/Slaughtered","21512","Cattle fat, unrendered","2020","2020","An","295680","A","Official figure",""
"QCL","Crops and livestock products","578","Norway","5510","Production","21512","Cattle fat, unrendered","2021","2021","t","2530.85","I","Value 
imputed by a
receiving 
agency",""
"QCL","Crops and livestock products","578","Norway","5320","Producing Animals/Slaughtered","21512","Cattle fat, unrendered","2021","2021","An","299941","A","Official figure",""
"QCL","Crops and livestock products","578","Norway","5510","Production","21512","Cattle fat, unrendered","2022","2022","t","2662.82","I","Value 
imputed by a
receiving 
agency",""
"QCL","Crops and livestock products","578","Norway","5320","Producing Animals/Slaughtered","21512","Cattle fat, unrendered","2022","2022","An","317800","A","Official figure",""
"QCL","Crops and livestock products","578","Norway","5510","Production","21512","Cattle fat, unrendered","2023","2023","t","2612.28","I","Value 
imputed by a
receiving 
agency",""
"QCL","Crops and livestock products","578","Norway","5320","Producing Animals/Slaughtered","21512","Cattle fat, unrendered","2023","2023","An","318900","A","Official figure",""
"QCL","Crops and livestock products","578","Norway","5312","Area harvested","01213","Cauliflowers and broccoli","2010","2010","ha","855","A","Official figure",""
"QCL","Crops and livestock products","578","Norway","5412","Yield","01213","Cauliflowers and broccoli","2010","2010","kg/ha","13812.9","A","Official figure",""
"QCL","Crops and livestock products","578","Norway","5510","Production","01213","Cauliflowers and broccoli","2010","2010","t","11810","A","Official figure",""
"QCL","Crops and livestock products","578","Norway","5312","Area harvested","01213","Cauliflowers and broccoli","2011","2011","ha","961","A","Official figure",""
"QCL","Crops and livestock products","578","Norway","5412","Yield","01213","Cauliflowers and broccoli","2011","2011","kg/ha","12618.1","A","Official figure",""
"QCL","Crops and livestock products","578","Norway","5510","Production","01213","Cauliflowers and broccoli","2011","2011","t","12126","A","Official figure",""
"QCL","Crops and livestock products","578","Norway","5312","Area harvested","01213","Cauliflowers and broccoli","2012","2012","ha","948","A","Official figure",""
"QCL","Crops and livestock products","578","Norway","5412","Yield","01213","Cauliflowers and broccoli","2012","2012","kg/ha","12639.2","A","Official figure",""
"QCL","Crops and livestock products","578","Norway","5510","Production","01213","Cauliflowers and broccoli","2012","2012","t","11982","A","Official figure",""
"QCL","Crops and livestock products","578","Norway","5312","Area harvested","01213","Cauliflowers and broccoli","2013","2013","ha","969","A","Official figure",""
"QCL","Crops and livestock products","578","Norway","5412","Yield","01213","Cauliflowers and broccoli","2013","2013","kg/ha","13009.3","A","Official figure",""
"QCL","Crops and livestock products","578","Norway","5510","Production","01213","Cauliflowers and broccoli","2013","2013","t","12606","A","Official figure",""
"QCL","Crops and livestock products","578","Norway","5312","Area harvested","01213","Cauliflowers and broccoli","2014","2014","ha","1010","A","Official figure",""
"QCL","Crops and livestock products","578","Norway","5412","Yield","01213","Cauliflowers and broccoli","2014","2014","kg/ha","11611.9","A","Official figure",""
"QCL","Crops and livestock products","578","Norway","5510","Production","01213","Cauliflowers and broccoli","2014","2014","t","11728","A","Official figure",""
"QCL","Crops and livestock products","578","Norway","5312","Area harvested","01213","Cauliflowers and broccoli","2015","2015","ha","1019","A","Official figure",""
"QCL","Crops and livestock products","578","Norway","5412","Yield","01213","Cauliflowers and broccoli","2015","2015","kg/ha","12298.3","A","Official figure",""
"QCL","Crops and livestock products","578","Norway","5510","Production","01213","Cauliflowers and broccoli","2015","2015","t","12532","A","Official figure",""
"QCL","Crops and livestock products","578","Norway","5312","Area harvested","01213","Cauliflowers and broccoli","2016","2016","ha","1064","A","Official figure",""
"QCL","Crops and livestock products","578","Norway","5412","Yield","01213","Cauliflowers and broccoli","2016","2016","kg/ha","13282.9","A","Official figure",""
"QCL","Crops and livestock products","578","Norway","5510","Production","01213","Cauliflowers and broccoli","2016","2016","t","14133","A","Official figure",""
"QCL","Crops and livestock products","578","Norway","5312","Area harvested","01213","Cauliflowers and broccoli","2017","2017","ha","1005","A","Official figure",""
"QCL","Crops and livestock products","578","Norway","5412","Yield","01213","Cauliflowers and broccoli","2017","2017","kg/ha","11471.1","A","Official figure",""
"QCL","Crops and livestock products","578","Norway","5510","Production","01213","Cauliflowers and broccoli","2017","2017","t","11525","A","Official figure",""
"QCL","Crops and livestock products","578","Norway","5312","Area harvested","01213","Cauliflowers and broccoli","2018","2018","ha","1070","A","Official figure",""
"QCL","Crops and livestock products","578","Norway","5412","Yield","01213","Cauliflowers and broccoli","2018","2018","kg/ha","11362.7","A","Official figure",""
"QCL","Crops and livestock products","578","Norway","5510","Production","01213","Cauliflowers and broccoli","2018","2018","t","12157","A","Official figure",""
"QCL","Crops and livestock products","578","Norway","5312","Area harvested","01213","Cauliflowers and broccoli","2019","2019","ha","967","A","Official figure",""
"QCL","Crops and livestock products","578","Norway","5412","Yield","01213","Cauliflowers and broccoli","2019","2019","kg/ha","12106.5","A","Official figure",""
"QCL","Crops and livestock products","578","Norway","5510","Production","01213","Cauliflowers and broccoli","2019","2019","t","11707","A","Official figure",""
"QCL","Crops and livestock products","578","Norway","5312","Area harvested","01213","Cauliflowers and broccoli","2020","2020","ha","1015","A","Official figure",""
"QCL","Crops and livestock products","578","Norway","5412","Yield","01213","Cauliflowers and broccoli","2020","2020","kg/ha","11867","A","Official figure",""
"QCL","Crops and livestock products","578","Norway","5510","Production","01213","Cauliflowers and broccoli","2020","2020","t","12045","A","Official figure",""
"QCL","Crops and livestock products","578","Norway","5312","Area harvested","01213","Cauliflowers and broccoli","2021","2021","ha","997","A","Official figure",""
"QCL","Crops and livestock products","578","Norway","5412","Yield","01213","Cauliflowers and broccoli","2021","2021","kg/ha","11283.9","A","Official figure",""
"QCL","Crops and livestock products","578","Norway","5510","Production","01213","Cauliflowers and broccoli","2021","2021","t","11250","A","Official figure",""
"QCL","Crops and livestock products","578","Norway","5312","Area harvested","01213","Cauliflowers and broccoli","2022","2022","ha","905","A","Official figure",""
"QCL","Crops and livestock products","578","Norway","5412","Yield","01213","Cauliflowers and broccoli","2022","2022","kg/ha","11911.6","A","Official figure",""
"QCL","Crops and livestock products","578","Norway","5510","Production","01213","Cauliflowers and broccoli","2022","2022","t","10780","A","Official figure",""
"QCL","Crops and livestock products","578","Norway","5312","Area harvested","01213","Cauliflowers and broccoli","2023","2023","ha","918","A","Official figure",""
"QCL","Crops and livestock products","578","Norway","5412","Yield","01213","Cauliflowers and broccoli","2023","2023","kg/ha","11568.6","A","Official figure",""
"QCL","Crops and livestock products","578","Norway","5510","Production","01213","Cauliflowers and broccoli","2023","2023","t","10620","A","Official figure",""
"QCL","Crops and livestock products","578","Norway","5510","Production","22254","Cheese from milk of goats, fresh or processed","2010","2010","t","1200","E","Estimated value",""
"QCL","Crops and livestock products","578","Norway","5510","Production","22254","Cheese from milk of goats, fresh or processed","2011","2011","t","1200","E","Estimated value",""
"QCL","Crops and livestock products","578","Norway","5510","Production","22254","Cheese from milk of goats, fresh or processed","2012","2012","t","1200","E","Estimated value",""
"QCL","Crops and livestock products","578","Norway","5510","Production","22254","Cheese from milk of goats, fresh or processed","2013","2013","t","1200","E","Estimated value",""
"QCL","Crops and livestock products","578","Norway","5510","Production","22254","Cheese from milk of goats, fresh or processed","2014","2014","t","1073.16","I","Value 
imputed by a
receiving 
agency",""
"QCL","Crops and livestock products","578","Norway","5510","Production","22254","Cheese from milk of goats, fresh or processed","2015","2015","t","1169.38","I","Value 
imputed by a
receiving 
agency",""
"QCL","Crops and livestock products","578","Norway","5510","Production","22254","Cheese from milk of goats, fresh or processed","2016","2016","t","1185.09","I","Value 
imputed by a
receiving 
agency",""
"QCL","Crops and livestock products","578","Norway","5510","Production","22254","Cheese from milk of goats, fresh or processed","2017","2017","t","1163.06","I","Value 
imputed by a
receiving 
agency",""
"QCL","Crops and livestock products","578","Norway","5510","Production","22254","Cheese from milk of goats, fresh or processed","2018","2018","t","1174.26","I","Value 
imputed by a
receiving 
agency",""
"QCL","Crops and livestock products","578","Norway","5510","Production","22254","Cheese from milk of goats, fresh or processed","2019","2019","t","1036.64","I","Value 
imputed by a
receiving 
agency",""
"QCL","Crops and livestock products","578","Norway","5510","Production","22254","Cheese from milk of goats, fresh or processed","2020","2020","t","1111.16","I","Value 
imputed by a
receiving 
agency",""
"QCL","Crops and livestock products","578","Norway","5510","Production","22254","Cheese from milk of goats, fresh or processed","2021","2021","t","1005.8","I","Value 
imputed by a
receiving 
agency",""
"QCL","Crops and livestock products","578","Norway","5510","Production","22254","Cheese from milk of goats, fresh or processed","2022","2022","t","969.98","I","Value 
imputed by a
receiving 
agency",""
"QCL","Crops and livestock products","578","Norway","5510","Production","22251.01","Cheese from whole cow milk","2010","2010","t","75000","E","Estimated value",""
"QCL","Crops and livestock products","578","Norway","5510","Production","22251.01","Cheese from whole cow milk","2011","2011","t","74000","E","Estimated value",""
"QCL","Crops and livestock products","578","Norway","5510","Production","22251.01","Cheese from whole cow milk","2012","2012","t","75000","E","Estimated value",""
"QCL","Crops and livestock products","578","Norway","5510","Production","22251.01","Cheese from whole cow milk","2013","2013","t","75000","E","Estimated value",""
"QCL","Crops and livestock products","578","Norway","5510","Production","22251.01","Cheese from whole cow milk","2014","2014","t","75000","E","Estimated value",""
"QCL","Crops and livestock products","578","Norway","5510","Production","22251.01","Cheese from whole cow milk","2015","2015","t","77187.71","I","Value 
imputed by a
receiving 
agency",""
"QCL","Crops and livestock products","578","Norway","5510","Production","22251.01","Cheese from whole cow milk","2016","2016","t","80166.14","I","Value 
imputed by a
receiving 
agency",""
"QCL","Crops and livestock products","578","Norway","5510","Production","22251.01","Cheese from whole cow milk","2017","2017","t","72647.76","I","Value 
imputed by a
receiving 
agency",""
"QCL","Crops and livestock products","578","Norway","5510","Production","22251.01","Cheese from whole cow milk","2018","2018","t","76995.94","I","Value 
imputed by a
receiving 
agency",""
"QCL","Crops and livestock products","578","Norway","5510","Production","22251.01","Cheese from whole cow milk","2019","2019","t","74000","E","Estimated value",""
"QCL","Crops and livestock products","578","Norway","5510","Production","22251.01","Cheese from whole cow milk","2020","2020","t","73097.42","I","Value 
imputed by a
receiving 
agency",""
"QCL","Crops and livestock products","578","Norway","5510","Production","22251.01","Cheese from whole cow milk","2021","2021","t","73097.42","I","Value 
imputed by a
receiving 
agency",""
"QCL","Crops and livestock products","578","Norway","5510","Production","22251.01","Cheese from whole cow milk","2022","2022","t","70139.66","I","Value 
imputed by a
receiving 
agency",""
"QCL","Crops and livestock products","578","Norway","5312","Area harvested","01344.02","Cherries","2010","2010","ha","243","A","Official figure",""
"QCL","Crops and livestock products","578","Norway","5412","Yield","01344.02","Cherries","2010","2010","kg/ha","3674.9","A","Official figure",""
"QCL","Crops and livestock products","578","Norway","5510","Production","01344.02","Cherries","2010","2010","t","893","A","Official figure",""
"QCL","Crops and livestock products","578","Norway","5312","Area harvested","01344.02","Cherries","2011","2011","ha","221","A","Official figure",""
"QCL","Crops and livestock products","578","Norway","5412","Yield","01344.02","Cherries","2011","2011","kg/ha","2484.2","A","Official figure",""
"QCL","Crops and livestock products","578","Norway","5510","Production","01344.02","Cherries","2011","2011","t","549","A","Official figure",""
"QCL","Crops and livestock products","578","Norway","5312","Area harvested","01344.02","Cherries","2012","2012","ha","211","A","Official figure",""
"QCL","Crops and livestock products","578","Norway","5412","Yield","01344.02","Cherries","2012","2012","kg/ha","2710.9","A","Official figure",""
"QCL","Crops and livestock products","578","Norway","5510","Production","01344.02","Cherries","2012","2012","t","572","A","Official figure",""
"QCL","Crops and livestock products","578","Norway","5312","Area harvested","01344.02","Cherries","2013","2013","ha","191","A","Official figure",""
"QCL","Crops and livestock products","578","Norway","5412","Yield","01344.02","Cherries","2013","2013","kg/ha","3581.2","A","Official figure",""
"QCL","Crops and livestock products","578","Norway","5510","Production","01344.02","Cherries","2013","2013","t","684","A","Official figure",""
"QCL","Crops and livestock products","578","Norway","5312","Area harvested","01344.02","Cherries","2014","2014","ha","190","A","Official figure",""
"QCL","Crops and livestock products","578","Norway","5412","Yield","01344.02","Cherries","2014","2014","kg/ha","4510.5","A","Official figure",""
"QCL","Crops and livestock products","578","Norway","5510","Production","01344.02","Cherries","2014","2014","t","857","A","Official figure",""
"QCL","Crops and livestock products","578","Norway","5312","Area harvested","01344.02","Cherries","2015","2015","ha","189","A","Official figure",""
"QCL","Crops and livestock products","578","Norway","5412","Yield","01344.02","Cherries","2015","2015","kg/ha","3238.1","A","Official figure",""
"QCL","Crops and livestock products","578","Norway","5510","Production","01344.02","Cherries","2015","2015","t","612","A","Official figure",""
"QCL","Crops and livestock products","578","Norway","5312","Area harvested","01344.02","Cherries","2016","2016","ha","192","A","Official figure",""
"QCL","Crops and livestock products","578","Norway","5412","Yield","01344.02","Cherries","2016","2016","kg/ha","3572.9","A","Official figure",""
"QCL","Crops and livestock products","578","Norway","5510","Production","01344.02","Cherries","2016","2016","t","686","A","Official figure",""
"QCL","Crops and livestock products","578","Norway","5312","Area harvested","01344.02","Cherries","2017","2017","ha","184","A","Official figure",""
"QCL","Crops and livestock products","578","Norway","5412","Yield","01344.02","Cherries","2017","2017","kg/ha","3385.9","A","Official figure",""
"QCL","Crops and livestock products","578","Norway","5510","Production","01344.02","Cherries","2017","2017","t","623","A","Official figure",""
"QCL","Crops and livestock products","578","Norway","5312","Area harvested","01344.02","Cherries","2018","2018","ha","178","A","Official figure",""
"QCL","Crops and livestock products","578","Norway","5412","Yield","01344.02","Cherries","2018","2018","kg/ha","5370.8","A","Official figure",""
"QCL","Crops and livestock products","578","Norway","5510","Production","01344.02","Cherries","2018","2018","t","956","A","Official figure",""
"QCL","Crops and livestock products","578","Norway","5312","Area harvested","01344.02","Cherries","2019","2019","ha","181","A","Official figure",""
"QCL","Crops and livestock products","578","Norway","5412","Yield","01344.02","Cherries","2019","2019","kg/ha","3828.7","A","Official figure",""
"QCL","Crops and livestock products","578","Norway","5510","Production","01344.02","Cherries","2019","2019","t","693","A","Official figure",""
"QCL","Crops and livestock products","578","Norway","5312","Area harvested","01344.02","Cherries","2020","2020","ha","186","A","Official figure",""
"QCL","Crops and livestock products","578","Norway","5412","Yield","01344.02","Cherries","2020","2020","kg/ha","3457","A","Official figure",""
"QCL","Crops and livestock products","578","Norway","5510","Production","01344.02","Cherries","2020","2020","t","643","A","Official figure",""
"QCL","Crops and livestock products","578","Norway","5312","Area harvested","01344.02","Cherries","2021","2021","ha","194","A","Official figure",""
"QCL","Crops and livestock products","578","Norway","5412","Yield","01344.02","Cherries","2021","2021","kg/ha","4634","A","Official figure",""
"QCL","Crops and livestock products","578","Norway","5510","Production","01344.02","Cherries","2021","2021","t","899","A","Official figure",""
"QCL","Crops and livestock products","578","Norway","5312","Area harvested","01344.02","Cherries","2022","2022","ha","185","A","Official figure",""
"QCL","Crops and livestock products","578","Norway","5412","Yield","01344.02","Cherries","2022","2022","kg/ha","6081.1","A","Official figure",""
"QCL","Crops and livestock products","578","Norway","5510","Production","01344.02","Cherries","2022","2022","t","1125","A","Official figure",""
"QCL","Crops and livestock products","578","Norway","5312","Area harvested","01344.02","Cherries","2023","2023","ha","178","A","Official figure",""
"QCL","Crops and livestock products","578","Norway","5412","Yield","01344.02","Cherries","2023","2023","kg/ha","6275.3","A","Official figure",""
"QCL","Crops and livestock products","578","Norway","5510","Production","01344.02","Cherries","2023","2023","t","1117","A","Official figure",""
"QCL","Crops and livestock products","578","Norway","5112","Stocks","02151","Chickens","2010","2010","1000 An","11854","A","Official figure",""
"QCL","Crops and livestock products","578","Norway","5112","Stocks","02151","Chickens","2011","2011","1000 An","11782","A","Official figure",""
"QCL","Crops and livestock products","578","Norway","5112","Stocks","02151","Chickens","2012","2012","1000 An","14406","A","Official figure",""
"QCL","Crops and livestock products","578","Norway","5112","Stocks","02151","Chickens","2013","2013","1000 An","15975","A","Official figure",""
"QCL","Crops and livestock products","578","Norway","5112","Stocks","02151","Chickens","2014","2014","1000 An","16565","A","Official figure",""
"QCL","Crops and livestock products","578","Norway","5112","Stocks","02151","Chickens","2015","2015","1000 An","14584","A","Official figure",""
"QCL","Crops and livestock products","578","Norway","5112","Stocks","02151","Chickens","2016","2016","1000 An","13919","A","Official figure",""
"QCL","Crops and livestock products","578","Norway","5112","Stocks","02151","Chickens","2017","2017","1000 An","15643","A","Official figure",""
"QCL","Crops and livestock products","578","Norway","5112","Stocks","02151","Chickens","2018","2018","1000 An","15598","A","Official figure",""
"QCL","Crops and livestock products","578","Norway","5112","Stocks","02151","Chickens","2019","2019","1000 An","16096","A","Official figure",""
"QCL","Crops and livestock products","578","Norway","5112","Stocks","02151","Chickens","2020","2020","1000 An","14218","A","Official figure",""
"QCL","Crops and livestock products","578","Norway","5112","Stocks","02151","Chickens","2021","2021","1000 An","16336","A","Official figure",""
"QCL","Crops and livestock products","578","Norway","5112","Stocks","02151","Chickens","2022","2022","1000 An","16131","A","Official figure",""
"QCL","Crops and livestock products","578","Norway","5112","Stocks","02151","Chickens","2023","2023","1000 An","16484","A","Official figure",""
"QCL","Crops and livestock products","578","Norway","5510","Production","2166","Coconut oil","2010","2010","t","0","I","Value 
imputed by a
receiving 
agency",""
"QCL","Crops and livestock products","578","Norway","5510","Production","2168","Cottonseed oil","2010","2010","t","","M","Missing value; data cannot exist",""
"QCL","Crops and livestock products","578","Norway","5510","Production","22120","Cream, fresh","2010","2010","t","36000","E","Estimated value",""
"QCL","Crops and livestock products","578","Norway","5510","Production","22120","Cream, fresh","2011","2011","t","36000","E","Estimated value",""
"QCL","Crops and livestock products","578","Norway","5510","Production","22120","Cream, fresh","2012","2012","t","36000","E","Estimated value",""
"QCL","Crops and livestock products","578","Norway","5510","Production","22120","Cream, fresh","2013","2013","t","36000","E","Estimated value",""
"QCL","Crops and livestock products","578","Norway","5510","Production","22120","Cream, fresh","2014","2014","t","35164.46","I","Value 
imputed by a
receiving 
agency",""
"QCL","Crops and livestock products","578","Norway","5510","Production","22120","Cream, fresh","2015","2015","t","37070.96","I","Value 
imputed by a
receiving 
agency",""
"QCL","Crops and livestock products","578","Norway","5510","Production","22120","Cream, fresh","2016","2016","t","38508.67","I","Value 
imputed by a
receiving 
agency",""
"QCL","Crops and livestock products","578","Norway","5510","Production","22120","Cream, fresh","2017","2017","t","34905.84","I","Value 
imputed by a
receiving 
agency",""
"QCL","Crops and livestock products","578","Norway","5510","Production","22120","Cream, fresh","2018","2018","t","36986.58","I","Value 
imputed by a
receiving 
agency",""
"QCL","Crops and livestock products","578","Norway","5510","Production","22120","Cream, fresh","2019","2019","t","36408.54","I","Value 
imputed by a
receiving 
agency",""
"QCL","Crops and livestock products","578","Norway","5510","Production","22120","Cream, fresh","2020","2020","t","35113.84","I","Value 
imputed by a
receiving 
agency",""
"QCL","Crops and livestock products","578","Norway","5510","Production","22120","Cream, fresh","2021","2021","t","35113.84","I","Value 
imputed by a
receiving 
agency",""
"QCL","Crops and livestock products","578","Norway","5510","Production","22120","Cream, fresh","2022","2022","t","33247.21","I","Value 
imputed by a
receiving 
agency",""
"QCL","Crops and livestock products","578","Norway","5312","Area harvested","01232","Cucumbers and gherkins","2010","2010","ha","92","A","Official figure",""
"QCL","Crops and livestock products","578","Norway","5412","Yield","01232","Cucumbers and gherkins","2010","2010","kg/ha","179380.4","A","Official figure",""
"QCL","Crops and livestock products","578","Norway","5510","Production","01232","Cucumbers and gherkins","2010","2010","t","16503","A","Official figure",""
"QCL","Crops and livestock products","578","Norway","5312","Area harvested","01232","Cucumbers and gherkins","2011","2011","ha","101","A","Official figure",""
"QCL","Crops and livestock products","578","Norway","5412","Yield","01232","Cucumbers and gherkins","2011","2011","kg/ha","164287.1","A","Official figure",""
"QCL","Crops and livestock products","578","Norway","5510","Production","01232","Cucumbers and gherkins","2011","2011","t","16593","A","Official figure",""
"QCL","Crops and livestock products","578","Norway","5312","Area harvested","01232","Cucumbers and gherkins","2012","2012","ha","91","A","Official figure",""
"QCL","Crops and livestock products","578","Norway","5412","Yield","01232","Cucumbers and gherkins","2012","2012","kg/ha","162780.2","A","Official figure",""
"QCL","Crops and livestock products","578","Norway","5510","Production","01232","Cucumbers and gherkins","2012","2012","t","14813","A","Official figure",""
"QCL","Crops and livestock products","578","Norway","5312","Area harvested","01232","Cucumbers and gherkins","2013","2013","ha","109","A","Official figure",""
"QCL","Crops and livestock products","578","Norway","5412","Yield","01232","Cucumbers and gherkins","2013","2013","kg/ha","162798.2","A","Official figure",""
"QCL","Crops and livestock products","578","Norway","5510","Production","01232","Cucumbers and gherkins","2013","2013","t","17745","A","Official figure",""
"QCL","Crops and livestock products","578","Norway","5312","Area harvested","01232","Cucumbers and gherkins","2014","2014","ha","97","A","Official figure",""
"QCL","Crops and livestock products","578","Norway","5412","Yield","01232","Cucumbers and gherkins","2014","2014","kg/ha","183433","A","Official figure",""
"QCL","Crops and livestock products","578","Norway","5510","Production","01232","Cucumbers and gherkins","2014","2014","t","17793","A","Official figure",""
"QCL","Crops and livestock products","578","Norway","5312","Area harvested","01232","Cucumbers and gherkins","2015","2015","ha","67","A","Official figure",""
"QCL","Crops and livestock products","578","Norway","5412","Yield","01232","Cucumbers and gherkins","2015","2015","kg/ha","239268.7","A","Official figure",""
"QCL","Crops and livestock products","578","Norway","5510","Production","01232","Cucumbers and gherkins","2015","2015","t","16031","A","Official figure",""
"QCL","Crops and livestock products","578","Norway","5312","Area harvested","01232","Cucumbers and gherkins","2016","2016","ha","77","A","Official figure",""
"QCL","Crops and livestock products","578","Norway","5412","Yield","01232","Cucumbers and gherkins","2016","2016","kg/ha","226753.2","A","Official figure",""
"QCL","Crops and livestock products","578","Norway","5510","Production","01232","Cucumbers and gherkins","2016","2016","t","17460","A","Official figure",""
"QCL","Crops and livestock products","578","Norway","5312","Area harvested","01232","Cucumbers and gherkins","2017","2017","ha","102","A","Official figure",""
"QCL","Crops and livestock products","578","Norway","5412","Yield","01232","Cucumbers and gherkins","2017","2017","kg/ha","161449.6","A","Official figure",""
"QCL","Crops and livestock products","578","Norway","5510","Production","01232","Cucumbers and gherkins","2017","2017","t","16484","A","Official figure",""
"QCL","Crops and livestock products","578","Norway","5312","Area harvested","01232","Cucumbers and gherkins","2018","2018","ha","94","A","Official figure",""
"QCL","Crops and livestock products","578","Norway","5412","Yield","01232","Cucumbers and gherkins","2018","2018","kg/ha","185175","A","Official figure",""
"QCL","Crops and livestock products","578","Norway","5510","Production","01232","Cucumbers and gherkins","2018","2018","t","17462","A","Official figure",""
"QCL","Crops and livestock products","578","Norway","5312","Area harvested","01232","Cucumbers and gherkins","2019","2019","ha","98","A","Official figure",""
"QCL","Crops and livestock products","578","Norway","5412","Yield","01232","Cucumbers and gherkins","2019","2019","kg/ha","194540.8","A","Official figure",""
"QCL","Crops and livestock products","578","Norway","5510","Production","01232","Cucumbers and gherkins","2019","2019","t","19065","A","Official figure",""
"QCL","Crops and livestock products","578","Norway","5312","Area harvested","01232","Cucumbers and gherkins","2020","2020","ha","91","A","Official figure",""
"QCL","Crops and livestock products","578","Norway","5412","Yield","01232","Cucumbers and gherkins","2020","2020","kg/ha","232835.2","A","Official figure",""
"QCL","Crops and livestock products","578","Norway","5510","Production","01232","Cucumbers and gherkins","2020","2020","t","21188","A","Official figure",""
"QCL","Crops and livestock products","578","Norway","5312","Area harvested","01232","Cucumbers and gherkins","2021","2021","ha","82","A","Official figure",""
"QCL","Crops and livestock products","578","Norway","5412","Yield","01232","Cucumbers and gherkins","2021","2021","kg/ha","264024.4","A","Official figure",""
"QCL","Crops and livestock products","578","Norway","5510","Production","01232","Cucumbers and gherkins","2021","2021","t","21650","A","Official figure",""
"QCL","Crops and livestock products","578","Norway","5312","Area harvested","01232","Cucumbers and gherkins","2022","2022","ha","104","A","Official figure",""
"QCL","Crops and livestock products","578","Norway","5412","Yield","01232","Cucumbers and gherkins","2022","2022","kg/ha","208740.4","A","Official figure",""
"QCL","Crops and livestock products","578","Norway","5510","Production","01232","Cucumbers and gherkins","2022","2022","t","21709","A","Official figure",""
"QCL","Crops and livestock products","578","Norway","5312","Area harvested","01232","Cucumbers and gherkins","2023","2023","ha","96","A","Official figure",""
"QCL","Crops and livestock products","578","Norway","5412","Yield","01232","Cucumbers and gherkins","2023","2023","kg/ha","206281.3","A","Official figure",""
"QCL","Crops and livestock products","578","Norway","5510","Production","01232","Cucumbers and gherkins","2023","2023","t","19803","A","Official figure",""
"QCL","Crops and livestock products","578","Norway","5312","Area harvested","01351.01","Currants","2010","2010","ha","241","A","Official figure",""
"QCL","Crops and livestock products","578","Norway","5412","Yield","01351.01","Currants","2010","2010","kg/ha","1875.5","A","Official figure",""
"QCL","Crops and livestock products","578","Norway","5510","Production","01351.01","Currants","2010","2010","t","452","A","Official figure",""
"QCL","Crops and livestock products","578","Norway","5312","Area harvested","01351.01","Currants","2011","2011","ha","242","A","Official figure",""
"QCL","Crops and livestock products","578","Norway","5412","Yield","01351.01","Currants","2011","2011","kg/ha","2466.9","A","Official figure",""
"QCL","Crops and livestock products","578","Norway","5510","Production","01351.01","Currants","2011","2011","t","597","A","Official figure",""
"QCL","Crops and livestock products","578","Norway","5312","Area harvested","01351.01","Currants","2012","2012","ha","246","A","Official figure",""
"QCL","Crops and livestock products","578","Norway","5412","Yield","01351.01","Currants","2012","2012","kg/ha","2369.9","A","Official figure",""
"QCL","Crops and livestock products","578","Norway","5510","Production","01351.01","Currants","2012","2012","t","583","A","Official figure",""
"QCL","Crops and livestock products","578","Norway","5312","Area harvested","01351.01","Currants","2013","2013","ha","237","A","Official figure",""
"QCL","Crops and livestock products","578","Norway","5412","Yield","01351.01","Currants","2013","2013","kg/ha","1801.7","A","Official figure",""
"QCL","Crops and livestock products","578","Norway","5510","Production","01351.01","Currants","2013","2013","t","427","A","Official figure",""
"QCL","Crops and livestock products","578","Norway","5312","Area harvested","01351.01","Currants","2014","2014","ha","254","A","Official figure",""
"QCL","Crops and livestock products","578","Norway","5412","Yield","01351.01","Currants","2014","2014","kg/ha","2307.1","A","Official figure",""
"QCL","Crops and livestock products","578","Norway","5510","Production","01351.01","Currants","2014","2014","t","586","A","Official figure",""
"QCL","Crops and livestock products","578","Norway","5312","Area harvested","01351.01","Currants","2015","2015","ha","279","A","Official figure",""
"QCL","Crops and livestock products","578","Norway","5412","Yield","01351.01","Currants","2015","2015","kg/ha","3093.2","A","Official figure",""
"QCL","Crops and livestock products","578","Norway","5510","Production","01351.01","Currants","2015","2015","t","863","A","Official figure",""
"QCL","Crops and livestock products","578","Norway","5312","Area harvested","01351.01","Currants","2016","2016","ha","284","A","Official figure",""
"QCL","Crops and livestock products","578","Norway","5412","Yield","01351.01","Currants","2016","2016","kg/ha","2686.6","A","Official figure",""
"QCL","Crops and livestock products","578","Norway","5510","Production","01351.01","Currants","2016","2016","t","763","A","Official figure",""
"QCL","Crops and livestock products","578","Norway","5312","Area harvested","01351.01","Currants","2017","2017","ha","287","A","Official figure",""
"QCL","Crops and livestock products","578","Norway","5412","Yield","01351.01","Currants","2017","2017","kg/ha","2421.6","A","Official figure",""
"QCL","Crops and livestock products","578","Norway","5510","Production","01351.01","Currants","2017","2017","t","695","A","Official figure",""
"QCL","Crops and livestock products","578","Norway","5312","Area harvested","01351.01","Currants","2018","2018","ha","289","A","Official figure",""
"QCL","Crops and livestock products","578","Norway","5412","Yield","01351.01","Currants","2018","2018","kg/ha","2339.1","A","Official figure",""
"QCL","Crops and livestock products","578","Norway","5510","Production","01351.01","Currants","2018","2018","t","676","A","Official figure",""
"QCL","Crops and livestock products","578","Norway","5312","Area harvested","01351.01","Currants","2019","2019","ha","281","A","Official figure",""
"QCL","Crops and livestock products","578","Norway","5412","Yield","01351.01","Currants","2019","2019","kg/ha","2320.3","A","Official figure",""
"QCL","Crops and livestock products","578","Norway","5510","Production","01351.01","Currants","2019","2019","t","652","A","Official figure",""
"QCL","Crops and livestock products","578","Norway","5312","Area harvested","01351.01","Currants","2020","2020","ha","274","A","Official figure",""
"QCL","Crops and livestock products","578","Norway","5412","Yield","01351.01","Currants","2020","2020","kg/ha","2416.1","A","Official figure",""
"QCL","Crops and livestock products","578","Norway","5510","Production","01351.01","Currants","2020","2020","t","662","A","Official figure",""
"QCL","Crops and livestock products","578","Norway","5312","Area harvested","01351.01","Currants","2021","2021","ha","284","A","Official figure",""
"QCL","Crops and livestock products","578","Norway","5412","Yield","01351.01","Currants","2021","2021","kg/ha","1876.8","A","Official figure",""
"QCL","Crops and livestock products","578","Norway","5510","Production","01351.01","Currants","2021","2021","t","533","A","Official figure",""
"QCL","Crops and livestock products","578","Norway","5312","Area harvested","01351.01","Currants","2022","2022","ha","263","A","Official figure",""
"QCL","Crops and livestock products","578","Norway","5412","Yield","01351.01","Currants","2022","2022","kg/ha","2030.4","A","Official figure",""
"QCL","Crops and livestock products","578","Norway","5510","Production","01351.01","Currants","2022","2022","t","534","A","Official figure",""
"QCL","Crops and livestock products","578","Norway","5312","Area harvested","01351.01","Currants","2023","2023","ha","282","A","Official figure",""
"QCL","Crops and livestock products","578","Norway","5412","Yield","01351.01","Currants","2023","2023","kg/ha","1741.1","A","Official figure",""
"QCL","Crops and livestock products","578","Norway","5510","Production","01351.01","Currants","2023","2023","t","491","A","Official figure",""
"QCL","Crops and livestock products","578","Norway","5112","Stocks","02154","Ducks","2010","2010","1000 An","110","E","Estimated value",""
"QCL","Crops and livestock products","578","Norway","5112","Stocks","02154","Ducks","2011","2011","1000 An","115","E","Estimated value",""
"QCL","Crops and livestock products","578","Norway","5112","Stocks","02154","Ducks","2012","2012","1000 An","60","E","Estimated value",""
"QCL","Crops and livestock products","578","Norway","5112","Stocks","02154","Ducks","2013","2013","1000 An","115","E","Estimated value",""
"QCL","Crops and livestock products","578","Norway","5112","Stocks","02154","Ducks","2014","2014","1000 An","114","E","Estimated value",""
"QCL","Crops and livestock products","578","Norway","5112","Stocks","02154","Ducks","2015","2015","1000 An","115","I","Value 
imputed by a
receiving 
agency",""
"QCL","Crops and livestock products","578","Norway","5112","Stocks","02154","Ducks","2016","2016","1000 An","117","I","Value 
imputed by a
receiving 
agency",""
"QCL","Crops and livestock products","578","Norway","5112","Stocks","02154","Ducks","2017","2017","1000 An","118","I","Value 
imputed by a
receiving 
agency",""
"QCL","Crops and livestock products","578","Norway","5112","Stocks","02154","Ducks","2018","2018","1000 An","118","I","Value 
imputed by a
receiving 
agency",""
"QCL","Crops and livestock products","578","Norway","5112","Stocks","02154","Ducks","2019","2019","1000 An","116","I","Value 
imputed by a
receiving 
agency",""
"QCL","Crops and livestock products","578","Norway","5112","Stocks","02154","Ducks","2020","2020","1000 An","121","I","Value 
imputed by a
receiving 
agency",""
"QCL","Crops and livestock products","578","Norway","5112","Stocks","02154","Ducks","2021","2021","1000 An","119","I","Value 
imputed by a
receiving 
agency",""
"QCL","Crops and livestock products","578","Norway","5112","Stocks","02154","Ducks","2022","2022","1000 An","121","I","Value 
imputed by a
receiving 
agency",""
"QCL","Crops and livestock products","578","Norway","5112","Stocks","02154","Ducks","2023","2023","1000 An","122","I","Value 
imputed by a
receiving 
agency",""
"QCL","Crops and livestock products","578","Norway","5510","Production","21152","Edible offal of buffalo, fresh, chilled or frozen","2023","2023","t","","M","Missing value; data cannot exist",""
"QCL","Crops and livestock products","578","Norway","5510","Production","21151","Edible offal of cattle, fresh, chilled or frozen","2010","2010","t","4978.36","I","Value 
imputed by a
receiving 
agency",""
"QCL","Crops and livestock products","578","Norway","5320","Producing Animals/Slaughtered","21151","Edible offal of cattle, fresh, chilled or frozen","2010","2010","An","306840","A","Official figure",""
"QCL","Crops and livestock products","578","Norway","5510","Production","21151","Edible offal of cattle, fresh, chilled or frozen","2011","2011","t","4866.88","I","Value 
imputed by a
receiving 
agency",""
"QCL","Crops and livestock products","578","Norway","5320","Producing Animals/Slaughtered","21151","Edible offal of cattle, fresh, chilled or frozen","2011","2011","An","305595","A","Official figure",""
"QCL","Crops and livestock products","578","Norway","5510","Production","21151","Edible offal of cattle, fresh, chilled or frozen","2012","2012","t","4648.93","I","Value 
imputed by a
receiving 
agency",""
"QCL","Crops and livestock products","578","Norway","5320","Producing Animals/Slaughtered","21151","Edible offal of cattle, fresh, chilled or frozen","2012","2012","An","294032","A","Official figure",""
"QCL","Crops and livestock products","578","Norway","5510","Production","21151","Edible offal of cattle, fresh, chilled or frozen","2013","2013","t","4989.57","I","Value 
imputed by a
receiving 
agency",""
"QCL","Crops and livestock products","578","Norway","5320","Producing Animals/Slaughtered","21151","Edible offal of cattle, fresh, chilled or frozen","2013","2013","An","312331","A","Official figure",""
"QCL","Crops and livestock products","578","Norway","5510","Production","21151","Edible offal of cattle, fresh, chilled or frozen","2014","2014","t","4693.64","I","Value 
imputed by a
receiving 
agency",""
"QCL","Crops and livestock products","578","Norway","5320","Producing Animals/Slaughtered","21151","Edible offal of cattle, fresh, chilled or frozen","2014","2014","An","290328","A","Official figure",""
"QCL","Crops and livestock products","578","Norway","5510","Production","21151","Edible offal of cattle, fresh, chilled or frozen","2015","2015","t","4749.68","I","Value 
imputed by a
receiving 
agency",""
"QCL","Crops and livestock products","578","Norway","5320","Producing Animals/Slaughtered","21151","Edible offal of cattle, fresh, chilled or frozen","2015","2015","An","284092","A","Official figure",""
"QCL","Crops and livestock products","578","Norway","5510","Production","21151","Edible offal of cattle, fresh, chilled or frozen","2016","2016","t","4869.15","I","Value 
imputed by a
receiving 
agency",""
"QCL","Crops and livestock products","578","Norway","5320","Producing Animals/Slaughtered","21151","Edible offal of cattle, fresh, chilled or frozen","2016","2016","An","286213","A","Official figure",""
"QCL","Crops and livestock products","578","Norway","5510","Production","21151","Edible offal of cattle, fresh, chilled or frozen","2017","2017","t","5078.99","I","Value 
imputed by a
receiving 
agency",""
"QCL","Crops and livestock products","578","Norway","5320","Producing Animals/Slaughtered","21151","Edible offal of cattle, fresh, chilled or frozen","2017","2017","An","298013","A","Official figure",""
"QCL","Crops and livestock products","578","Norway","5510","Production","21151","Edible offal of cattle, fresh, chilled or frozen","2018","2018","t","5329.38","I","Value 
imputed by a
receiving 
agency",""
"QCL","Crops and livestock products","578","Norway","5320","Producing Animals/Slaughtered","21151","Edible offal of cattle, fresh, chilled or frozen","2018","2018","An","320081","A","Official figure",""
"QCL","Crops and livestock products","578","Norway","5510","Production","21151","Edible offal of cattle, fresh, chilled or frozen","2019","2019","t","5187.02","I","Value 
imputed by a
receiving 
agency",""
"QCL","Crops and livestock products","578","Norway","5320","Producing Animals/Slaughtered","21151","Edible offal of cattle, fresh, chilled or frozen","2019","2019","An","306075","A","Official figure",""
"QCL","Crops and livestock products","578","Norway","5510","Production","21151","Edible offal of cattle, fresh, chilled or frozen","2020","2020","t","5084.89","I","Value 
imputed by a
receiving 
agency",""
"QCL","Crops and livestock products","578","Norway","5320","Producing Animals/Slaughtered","21151","Edible offal of cattle, fresh, chilled or frozen","2020","2020","An","295680","A","Official figure",""
"QCL","Crops and livestock products","578","Norway","5510","Production","21151","Edible offal of cattle, fresh, chilled or frozen","2021","2021","t","5230.42","I","Value 
imputed by a
receiving 
agency",""
"QCL","Crops and livestock products","578","Norway","5320","Producing Animals/Slaughtered","21151","Edible offal of cattle, fresh, chilled or frozen","2021","2021","An","299941","A","Official figure",""
"QCL","Crops and livestock products","578","Norway","5510","Production","21151","Edible offal of cattle, fresh, chilled or frozen","2022","2022","t","5503.16","I","Value 
imputed by a
receiving 
agency",""
"QCL","Crops and livestock products","578","Norway","5320","Producing Animals/Slaughtered","21151","Edible offal of cattle, fresh, chilled or frozen","2022","2022","An","317800","A","Official figure",""
"QCL","Crops and livestock products","578","Norway","5510","Production","21151","Edible offal of cattle, fresh, chilled or frozen","2023","2023","t","5398.71","I","Value 
imputed by a
receiving 
agency",""
"QCL","Crops and livestock products","578","Norway","5320","Producing Animals/Slaughtered","21151","Edible offal of cattle, fresh, chilled or frozen","2023","2023","An","318900","A","Official figure",""
"QCL","Crops and livestock products","578","Norway","5510","Production","21156","Edible offal of goat, fresh, chilled or frozen","2010","2010","t","28.93","I","Value 
imputed by a
receiving 
agency",""
"QCL","Crops and livestock products","578","Norway","5320","Producing Animals/Slaughtered","21156","Edible offal of goat, fresh, chilled or frozen","2010","2010","An","24295","A","Official figure",""
"QCL","Crops and livestock products","578","Norway","5510","Production","21156","Edible offal of goat, fresh, chilled or frozen","2011","2011","t","23.89","I","Value 
imputed by a
receiving 
agency",""
"QCL","Crops and livestock products","578","Norway","5320","Producing Animals/Slaughtered","21156","Edible offal of goat, fresh, chilled or frozen","2011","2011","An","19889","A","Official figure",""
"QCL","Crops and livestock products","578","Norway","5510","Production","21156","Edible offal of goat, fresh, chilled or frozen","2012","2012","t","26.88","I","Value 
imputed by a
receiving 
agency",""
"QCL","Crops and livestock products","578","Norway","5320","Producing Animals/Slaughtered","21156","Edible offal of goat, fresh, chilled or frozen","2012","2012","An","20771","A","Official figure",""
"QCL","Crops and livestock products","578","Norway","5510","Production","21156","Edible offal of goat, fresh, chilled or frozen","2013","2013","t","31.92","I","Value 
imputed by a
receiving 
agency",""
"QCL","Crops and livestock products","578","Norway","5320","Producing Animals/Slaughtered","21156","Edible offal of goat, fresh, chilled or frozen","2013","2013","An","23630","A","Official figure",""
"QCL","Crops and livestock products","578","Norway","5510","Production","21156","Edible offal of goat, fresh, chilled or frozen","2014","2014","t","27.07","I","Value 
imputed by a
receiving 
agency",""
"QCL","Crops and livestock products","578","Norway","5320","Producing Animals/Slaughtered","21156","Edible offal of goat, fresh, chilled or frozen","2014","2014","An","21398","A","Official figure",""
"QCL","Crops and livestock products","578","Norway","5510","Production","21156","Edible offal of goat, fresh, chilled or frozen","2015","2015","t","26.97","I","Value 
imputed by a
receiving 
agency",""
"QCL","Crops and livestock products","578","Norway","5320","Producing Animals/Slaughtered","21156","Edible offal of goat, fresh, chilled or frozen","2015","2015","An","24011","A","Official figure",""
"QCL","Crops and livestock products","578","Norway","5510","Production","21156","Edible offal of goat, fresh, chilled or frozen","2016","2016","t","28.09","I","Value 
imputed by a
receiving 
agency",""
"QCL","Crops and livestock products","578","Norway","5320","Producing Animals/Slaughtered","21156","Edible offal of goat, fresh, chilled or frozen","2016","2016","An","23820","A","Official figure",""
"QCL","Crops and livestock products","578","Norway","5510","Production","21156","Edible offal of goat, fresh, chilled or frozen","2017","2017","t","33.23","I","Value 
imputed by a
receiving 
agency",""
"QCL","Crops and livestock products","578","Norway","5320","Producing Animals/Slaughtered","21156","Edible offal of goat, fresh, chilled or frozen","2017","2017","An","28617","A","Official figure",""
"QCL","Crops and livestock products","578","Norway","5510","Production","21156","Edible offal of goat, fresh, chilled or frozen","2018","2018","t","33.13","I","Value 
imputed by a
receiving 
agency",""
"QCL","Crops and livestock products","578","Norway","5320","Producing Animals/Slaughtered","21156","Edible offal of goat, fresh, chilled or frozen","2018","2018","An","29165","A","Official figure",""
"QCL","Crops and livestock products","578","Norway","5510","Production","21156","Edible offal of goat, fresh, chilled or frozen","2019","2019","t","32.01","I","Value 
imputed by a
receiving 
agency",""
"QCL","Crops and livestock products","578","Norway","5320","Producing Animals/Slaughtered","21156","Edible offal of goat, fresh, chilled or frozen","2019","2019","An","27722","A","Official figure",""
"QCL","Crops and livestock products","578","Norway","5510","Production","21156","Edible offal of goat, fresh, chilled or frozen","2020","2020","t","32.57","I","Value 
imputed by a
receiving 
agency",""
"QCL","Crops and livestock products","578","Norway","5320","Producing Animals/Slaughtered","21156","Edible offal of goat, fresh, chilled or frozen","2020","2020","An","27777","A","Official figure",""
"QCL","Crops and livestock products","578","Norway","5510","Production","21156","Edible offal of goat, fresh, chilled or frozen","2021","2021","t","32.57","I","Value 
imputed by a
receiving 
agency",""
"QCL","Crops and livestock products","578","Norway","5320","Producing Animals/Slaughtered","21156","Edible offal of goat, fresh, chilled or frozen","2021","2021","An","27449","A","Official figure",""
"QCL","Crops and livestock products","578","Norway","5510","Production","21156","Edible offal of goat, fresh, chilled or frozen","2022","2022","t","31.64","I","Value 
imputed by a
receiving 
agency",""
"QCL","Crops and livestock products","578","Norway","5320","Producing Animals/Slaughtered","21156","Edible offal of goat, fresh, chilled or frozen","2022","2022","An","20900","A","Official figure",""
"QCL","Crops and livestock products","578","Norway","5510","Production","21156","Edible offal of goat, fresh, chilled or frozen","2023","2023","t","32.11","I","Value 
imputed by a
receiving 
agency",""
"QCL","Crops and livestock products","578","Norway","5320","Producing Animals/Slaughtered","21156","Edible offal of goat, fresh, chilled or frozen","2023","2023","An","27800","A","Official figure",""
"QCL","Crops and livestock products","578","Norway","5510","Production","21153","Edible offal of pigs, fresh, chilled or frozen","2010","2010","t","5686.06","I","Value 
imputed by a
receiving 
agency",""
"QCL","Crops and livestock products","578","Norway","5320","Producing Animals/Slaughtered","21153","Edible offal of pigs, fresh, chilled or frozen","2010","2010","An","1627488","A","Official figure",""
"QCL","Crops and livestock products","578","Norway","5510","Production","21153","Edible offal of pigs, fresh, chilled or frozen","2011","2011","t","5778.36","I","Value 
imputed by a
receiving 
agency",""
"QCL","Crops and livestock products","578","Norway","5320","Producing Animals/Slaughtered","21153","Edible offal of pigs, fresh, chilled or frozen","2011","2011","An","1643417","A","Official figure",""
"QCL","Crops and livestock products","578","Norway","5510","Production","21153","Edible offal of pigs, fresh, chilled or frozen","2012","2012","t","5437.77","I","Value 
imputed by a
receiving 
agency",""
"QCL","Crops and livestock products","578","Norway","5320","Producing Animals/Slaughtered","21153","Edible offal of pigs, fresh, chilled or frozen","2012","2012","An","1599697","A","Official figure",""
"QCL","Crops and livestock products","578","Norway","5510","Production","21153","Edible offal of pigs, fresh, chilled or frozen","2013","2013","t","5270.66","I","Value 
imputed by a
receiving 
agency",""
"QCL","Crops and livestock products","578","Norway","5320","Producing Animals/Slaughtered","21153","Edible offal of pigs, fresh, chilled or frozen","2013","2013","An","1605477","A","Official figure",""
"QCL","Crops and livestock products","578","Norway","5510","Production","21153","Edible offal of pigs, fresh, chilled or frozen","2014","2014","t","5324.56","I","Value 
imputed by a
receiving 
agency",""
"QCL","Crops and livestock products","578","Norway","5320","Producing Animals/Slaughtered","21153","Edible offal of pigs, fresh, chilled or frozen","2014","2014","An","1587993","A","Official figure",""
"QCL","Crops and livestock products","578","Norway","5510","Production","21153","Edible offal of pigs, fresh, chilled or frozen","2015","2015","t","5566.32","I","Value 
imputed by a
receiving 
agency",""
"QCL","Crops and livestock products","578","Norway","5320","Producing Animals/Slaughtered","21153","Edible offal of pigs, fresh, chilled or frozen","2015","2015","An","1604700","A","Official figure",""
"QCL","Crops and livestock products","578","Norway","5510","Production","21153","Edible offal of pigs, fresh, chilled or frozen","2016","2016","t","5692.26","I","Value 
imputed by a
receiving 
agency",""
"QCL","Crops and livestock products","578","Norway","5320","Producing Animals/Slaughtered","21153","Edible offal of pigs, fresh, chilled or frozen","2016","2016","An","1651378","A","Official figure",""
"QCL","Crops and livestock products","578","Norway","5510","Production","21153","Edible offal of pigs, fresh, chilled or frozen","2017","2017","t","5673","I","Value 
imputed by a
receiving 
agency",""
"QCL","Crops and livestock products","578","Norway","5320","Producing Animals/Slaughtered","21153","Edible offal of pigs, fresh, chilled or frozen","2017","2017","An","1648097","A","Official figure",""
"QCL","Crops and livestock products","578","Norway","5510","Production","21153","Edible offal of pigs, fresh, chilled or frozen","2018","2018","t","5675.73","I","Value 
imputed by a
receiving 
agency",""
"QCL","Crops and livestock products","578","Norway","5320","Producing Animals/Slaughtered","21153","Edible offal of pigs, fresh, chilled or frozen","2018","2018","An","1703823","A","Official figure",""
"QCL","Crops and livestock products","578","Norway","5510","Production","21153","Edible offal of pigs, fresh, chilled or frozen","2019","2019","t","5466","I","Value 
imputed by a
receiving 
agency",""
"QCL","Crops and livestock products","578","Norway","5320","Producing Animals/Slaughtered","21153","Edible offal of pigs, fresh, chilled or frozen","2019","2019","An","1625295","A","Official figure",""
"QCL","Crops and livestock products","578","Norway","5510","Production","21153","Edible offal of pigs, fresh, chilled or frozen","2020","2020","t","5416.15","I","Value 
imputed by a
receiving 
agency",""
"QCL","Crops and livestock products","578","Norway","5320","Producing Animals/Slaughtered","21153","Edible offal of pigs, fresh, chilled or frozen","2020","2020","An","1565906","A","Official figure",""
"QCL","Crops and livestock products","578","Norway","5510","Production","21153","Edible offal of pigs, fresh, chilled or frozen","2021","2021","t","5545.78","I","Value 
imputed by a
receiving 
agency",""
"QCL","Crops and livestock products","578","Norway","5320","Producing Animals/Slaughtered","21153","Edible offal of pigs, fresh, chilled or frozen","2021","2021","An","1556930","A","Official figure",""
"QCL","Crops and livestock products","578","Norway","5510","Production","21153","Edible offal of pigs, fresh, chilled or frozen","2022","2022","t","5481.05","I","Value 
imputed by a
receiving 
agency",""
"QCL","Crops and livestock products","578","Norway","5320","Producing Animals/Slaughtered","21153","Edible offal of pigs, fresh, chilled or frozen","2022","2022","An","1523500","A","Official figure",""
"QCL","Crops and livestock products","578","Norway","5510","Production","21153","Edible offal of pigs, fresh, chilled or frozen","2023","2023","t","5421.4","I","Value 
imputed by a
receiving 
agency",""
"QCL","Crops and livestock products","578","Norway","5320","Producing Animals/Slaughtered","21153","Edible offal of pigs, fresh, chilled or frozen","2023","2023","An","1528700","A","Official figure",""
"QCL","Crops and livestock products","578","Norway","5510","Production","21155","Edible offal of sheep, fresh, chilled or frozen","2010","2010","t","1357.67","I","Value 
imputed by a
receiving 
agency",""
"QCL","Crops and livestock products","578","Norway","5320","Producing Animals/Slaughtered","21155","Edible offal of sheep, fresh, chilled or frozen","2010","2010","An","1203824","A","Official figure",""
"QCL","Crops and livestock products","578","Norway","5510","Production","21155","Edible offal of sheep, fresh, chilled or frozen","2011","2011","t","1299","I","Value 
imputed by a
receiving 
agency",""
"QCL","Crops and livestock products","578","Norway","5320","Producing Animals/Slaughtered","21155","Edible offal of sheep, fresh, chilled or frozen","2011","2011","An","1184459","A","Official figure",""
"QCL","Crops and livestock products","578","Norway","5510","Production","21155","Edible offal of sheep, fresh, chilled or frozen","2012","2012","t","1265.39","I","Value 
imputed by a
receiving 
agency",""
"QCL","Crops and livestock products","578","Norway","5320","Producing Animals/Slaughtered","21155","Edible offal of sheep, fresh, chilled or frozen","2012","2012","An","1133891","A","Official figure",""
"QCL","Crops and livestock products","578","Norway","5510","Production","21155","Edible offal of sheep, fresh, chilled or frozen","2013","2013","t","1301.33","I","Value 
imputed by a
receiving 
agency",""
"QCL","Crops and livestock products","578","Norway","5320","Producing Animals/Slaughtered","21155","Edible offal of sheep, fresh, chilled or frozen","2013","2013","An","1174920","A","Official figure",""
"QCL","Crops and livestock products","578","Norway","5510","Production","21155","Edible offal of sheep, fresh, chilled or frozen","2014","2014","t","1342","I","Value 
imputed by a
receiving 
agency",""
"QCL","Crops and livestock products","578","Norway","5320","Producing Animals/Slaughtered","21155","Edible offal of sheep, fresh, chilled or frozen","2014","2014","An","1177866","A","Official figure",""
"QCL","Crops and livestock products","578","Norway","5510","Production","21155","Edible offal of sheep, fresh, chilled or frozen","2015","2015","t","1419.72","I","Value 
imputed by a
receiving 
agency",""
"QCL","Crops and livestock products","578","Norway","5320","Producing Animals/Slaughtered","21155","Edible offal of sheep, fresh, chilled or frozen","2015","2015","An","1227830","A","Official figure",""
"QCL","Crops and livestock products","578","Norway","5510","Production","21155","Edible offal of sheep, fresh, chilled or frozen","2016","2016","t","1443.89","I","Value 
imputed by a
receiving 
agency",""
"QCL","Crops and livestock products","578","Norway","5320","Producing Animals/Slaughtered","21155","Edible offal of sheep, fresh, chilled or frozen","2016","2016","An","1284601","A","Official figure",""
"QCL","Crops and livestock products","578","Norway","5510","Production","21155","Edible offal of sheep, fresh, chilled or frozen","2017","2017","t","1524.72","I","Value 
imputed by a
receiving 
agency",""
"QCL","Crops and livestock products","578","Norway","5320","Producing Animals/Slaughtered","21155","Edible offal of sheep, fresh, chilled or frozen","2017","2017","An","1376317","A","Official figure",""
"QCL","Crops and livestock products","578","Norway","5510","Production","21155","Edible offal of sheep, fresh, chilled or frozen","2018","2018","t","1498.5","I","Value 
imputed by a
receiving 
agency",""
"QCL","Crops and livestock products","578","Norway","5320","Producing Animals/Slaughtered","21155","Edible offal of sheep, fresh, chilled or frozen","2018","2018","An","1351716","A","Official figure",""
"QCL","Crops and livestock products","578","Norway","5510","Production","21155","Edible offal of sheep, fresh, chilled or frozen","2019","2019","t","1349.17","I","Value 
imputed by a
receiving 
agency",""
"QCL","Crops and livestock products","578","Norway","5320","Producing Animals/Slaughtered","21155","Edible offal of sheep, fresh, chilled or frozen","2019","2019","An","1208744","A","Official figure",""
"QCL","Crops and livestock products","578","Norway","5510","Production","21155","Edible offal of sheep, fresh, chilled or frozen","2020","2020","t","1364.5","I","Value 
imputed by a
receiving 
agency",""
"QCL","Crops and livestock products","578","Norway","5320","Producing Animals/Slaughtered","21155","Edible offal of sheep, fresh, chilled or frozen","2020","2020","An","1212726","A","Official figure",""
"QCL","Crops and livestock products","578","Norway","5510","Production","21155","Edible offal of sheep, fresh, chilled or frozen","2021","2021","t","1353.83","I","Value 
imputed by a
receiving 
agency",""
"QCL","Crops and livestock products","578","Norway","5320","Producing Animals/Slaughtered","21155","Edible offal of sheep, fresh, chilled or frozen","2021","2021","An","1200088","A","Official figure",""
"QCL","Crops and livestock products","578","Norway","5510","Production","21155","Edible offal of sheep, fresh, chilled or frozen","2022","2022","t","1304.44","I","Value 
imputed by a
receiving 
agency",""
"QCL","Crops and livestock products","578","Norway","5320","Producing Animals/Slaughtered","21155","Edible offal of sheep, fresh, chilled or frozen","2022","2022","An","1164900","A","Official figure",""
"QCL","Crops and livestock products","578","Norway","5510","Production","21155","Edible offal of sheep, fresh, chilled or frozen","2023","2023","t","1242.78","I","Value 
imputed by a
receiving 
agency",""
"QCL","Crops and livestock products","578","Norway","5320","Producing Animals/Slaughtered","21155","Edible offal of sheep, fresh, chilled or frozen","2023","2023","An","1112600","A","Official figure",""
"QCL","Crops and livestock products","578","Norway","5510","Production","21159.02","Edible offals of camels and other camelids, fresh, chilled or frozen","2023","2023","t","","M","Missing value; data cannot exist",""
"QCL","Crops and livestock products","578","Norway","5510","Production","21159.01","Edible offals of horses and other equines,  fresh, chilled or frozen","2010","2010","t","45.68","I","Value 
imputed by a
receiving 
agency",""
"QCL","Crops and livestock products","578","Norway","5320","Producing Animals/Slaughtered","21159.01","Edible offals of horses and other equines,  fresh, chilled or frozen","2010","2010","An","1527","A","Official figure",""
"QCL","Crops and livestock products","578","Norway","5510","Production","21159.01","Edible offals of horses and other equines,  fresh, chilled or frozen","2011","2011","t","47.33","I","Value 
imputed by a
receiving 
agency",""
"QCL","Crops and livestock products","578","Norway","5320","Producing Animals/Slaughtered","21159.01","Edible offals of horses and other equines,  fresh, chilled or frozen","2011","2011","An","1610","A","Official figure",""
"QCL","Crops and livestock products","578","Norway","5510","Production","21159.01","Edible offals of horses and other equines,  fresh, chilled or frozen","2012","2012","t","40.3","I","Value 
imputed by a
receiving 
agency",""
"QCL","Crops and livestock products","578","Norway","5320","Producing Animals/Slaughtered","21159.01","Edible offals of horses and other equines,  fresh, chilled or frozen","2012","2012","An","1355","A","Official figure",""
"QCL","Crops and livestock products","578","Norway","5510","Production","21159.01","Edible offals of horses and other equines,  fresh, chilled or frozen","2013","2013","t","32.39","I","Value 
imputed by a
receiving 
agency",""
"QCL","Crops and livestock products","578","Norway","5320","Producing Animals/Slaughtered","21159.01","Edible offals of horses and other equines,  fresh, chilled or frozen","2013","2013","An","1098","A","Official figure",""
"QCL","Crops and livestock products","578","Norway","5510","Production","21159.01","Edible offals of horses and other equines,  fresh, chilled or frozen","2014","2014","t","16.8","I","Value 
imputed by a
receiving 
agency",""
"QCL","Crops and livestock products","578","Norway","5320","Producing Animals/Slaughtered","21159.01","Edible offals of horses and other equines,  fresh, chilled or frozen","2014","2014","An","555","A","Official figure",""
"QCL","Crops and livestock products","578","Norway","5510","Production","21159.01","Edible offals of horses and other equines,  fresh, chilled or frozen","2015","2015","t","10.1","I","Value 
imputed by a
receiving 
agency",""
"QCL","Crops and livestock products","578","Norway","5320","Producing Animals/Slaughtered","21159.01","Edible offals of horses and other equines,  fresh, chilled or frozen","2015","2015","An","330","A","Official figure",""
"QCL","Crops and livestock products","578","Norway","5510","Production","21159.01","Edible offals of horses and other equines,  fresh, chilled or frozen","2016","2016","t","7.8","I","Value 
imputed by a
receiving 
agency",""
"QCL","Crops and livestock products","578","Norway","5320","Producing Animals/Slaughtered","21159.01","Edible offals of horses and other equines,  fresh, chilled or frozen","2016","2016","An","253","A","Official figure",""
"QCL","Crops and livestock products","578","Norway","5510","Production","21159.01","Edible offals of horses and other equines,  fresh, chilled or frozen","2017","2017","t","6.7","I","Value 
imputed by a
receiving 
agency",""
"QCL","Crops and livestock products","578","Norway","5320","Producing Animals/Slaughtered","21159.01","Edible offals of horses and other equines,  fresh, chilled or frozen","2017","2017","An","212","A","Official figure",""
"QCL","Crops and livestock products","578","Norway","5510","Production","21159.01","Edible offals of horses and other equines,  fresh, chilled or frozen","2018","2018","t","6.15","I","Value 
imputed by a
receiving 
agency",""
"QCL","Crops and livestock products","578","Norway","5320","Producing Animals/Slaughtered","21159.01","Edible offals of horses and other equines,  fresh, chilled or frozen","2018","2018","An","201","A","Official figure",""
"QCL","Crops and livestock products","578","Norway","5510","Production","21159.01","Edible offals of horses and other equines,  fresh, chilled or frozen","2019","2019","t","3.4","I","Value 
imputed by a
receiving 
agency",""
"QCL","Crops and livestock products","578","Norway","5320","Producing Animals/Slaughtered","21159.01","Edible offals of horses and other equines,  fresh, chilled or frozen","2019","2019","An","108","A","Official figure",""
"QCL","Crops and livestock products","578","Norway","5510","Production","21159.01","Edible offals of horses and other equines,  fresh, chilled or frozen","2020","2020","t","1.76","I","Value 
imputed by a
receiving 
agency",""
"QCL","Crops and livestock products","578","Norway","5320","Producing Animals/Slaughtered","21159.01","Edible offals of horses and other equines,  fresh, chilled or frozen","2020","2020","An","57","A","Official figure",""
"QCL","Crops and livestock products","578","Norway","5510","Production","21159.01","Edible offals of horses and other equines,  fresh, chilled or frozen","2021","2021","t","1.43","I","Value 
imputed by a
receiving 
agency",""
"QCL","Crops and livestock products","578","Norway","5320","Producing Animals/Slaughtered","21159.01","Edible offals of horses and other equines,  fresh, chilled or frozen","2021","2021","An","45","A","Official figure",""
"QCL","Crops and livestock products","578","Norway","5510","Production","21159.01","Edible offals of horses and other equines,  fresh, chilled or frozen","2022","2022","t","1.1","I","Value 
imputed by a
receiving 
agency",""
"QCL","Crops and livestock products","578","Norway","5320","Producing Animals/Slaughtered","21159.01","Edible offals of horses and other equines,  fresh, chilled or frozen","2022","2022","An","38","A","Official figure",""
"QCL","Crops and livestock products","578","Norway","5510","Production","21159.01","Edible offals of horses and other equines,  fresh, chilled or frozen","2023","2023","t","1.1","I","Value 
imputed by a
receiving 
agency",""
"QCL","Crops and livestock products","578","Norway","5320","Producing Animals/Slaughtered","21159.01","Edible offals of horses and other equines,  fresh, chilled or frozen","2023","2023","An","38","A","Official figure",""
"QCL","Crops and livestock products","578","Norway","5510","Production","21519.02","Fat of camels","2023","2023","t","","M","Missing value; data cannot exist",""
"QCL","Crops and livestock products","578","Norway","5510","Production","21511.01","Fat of pigs","2010","2010","t","5319.22","I","Value 
imputed by a
receiving 
agency",""
"QCL","Crops and livestock products","578","Norway","5320","Producing Animals/Slaughtered","21511.01","Fat of pigs","2010","2010","An","1627488","A","Official figure",""
"QCL","Crops and livestock products","578","Norway","5510","Production","21511.01","Fat of pigs","2011","2011","t","5405.56","I","Value 
imputed by a
receiving 
agency",""
"QCL","Crops and livestock products","578","Norway","5320","Producing Animals/Slaughtered","21511.01","Fat of pigs","2011","2011","An","1643417","A","Official figure",""
"QCL","Crops and livestock products","578","Norway","5510","Production","21511.01","Fat of pigs","2012","2012","t","5086.95","I","Value 
imputed by a
receiving 
agency",""
"QCL","Crops and livestock products","578","Norway","5320","Producing Animals/Slaughtered","21511.01","Fat of pigs","2012","2012","An","1599697","A","Official figure",""
"QCL","Crops and livestock products","578","Norway","5510","Production","21511.01","Fat of pigs","2013","2013","t","4930.62","I","Value 
imputed by a
receiving 
agency",""
"QCL","Crops and livestock products","578","Norway","5320","Producing Animals/Slaughtered","21511.01","Fat of pigs","2013","2013","An","1605477","A","Official figure",""
"QCL","Crops and livestock products","578","Norway","5510","Production","21511.01","Fat of pigs","2014","2014","t","4981.04","I","Value 
imputed by a
receiving 
agency",""
"QCL","Crops and livestock products","578","Norway","5320","Producing Animals/Slaughtered","21511.01","Fat of pigs","2014","2014","An","1587993","A","Official figure",""
"QCL","Crops and livestock products","578","Norway","5510","Production","21511.01","Fat of pigs","2015","2015","t","5207.2","I","Value 
imputed by a
receiving 
agency",""
"QCL","Crops and livestock products","578","Norway","5320","Producing Animals/Slaughtered","21511.01","Fat of pigs","2015","2015","An","1604700","A","Official figure",""
"QCL","Crops and livestock products","578","Norway","5510","Production","21511.01","Fat of pigs","2016","2016","t","5325.02","I","Value 
imputed by a
receiving 
agency",""
"QCL","Crops and livestock products","578","Norway","5320","Producing Animals/Slaughtered","21511.01","Fat of pigs","2016","2016","An","1651378","A","Official figure",""
"QCL","Crops and livestock products","578","Norway","5510","Production","21511.01","Fat of pigs","2017","2017","t","5307","I","Value 
imputed by a
receiving 
agency",""
"QCL","Crops and livestock products","578","Norway","5320","Producing Animals/Slaughtered","21511.01","Fat of pigs","2017","2017","An","1648097","A","Official figure",""
"QCL","Crops and livestock products","578","Norway","5510","Production","21511.01","Fat of pigs","2018","2018","t","5309.55","I","Value 
imputed by a
receiving 
agency",""
"QCL","Crops and livestock products","578","Norway","5320","Producing Animals/Slaughtered","21511.01","Fat of pigs","2018","2018","An","1703823","A","Official figure",""
"QCL","Crops and livestock products","578","Norway","5510","Production","21511.01","Fat of pigs","2019","2019","t","5113.36","I","Value 
imputed by a
receiving 
agency",""
"QCL","Crops and livestock products","578","Norway","5320","Producing Animals/Slaughtered","21511.01","Fat of pigs","2019","2019","An","1625295","A","Official figure",""
"QCL","Crops and livestock products","578","Norway","5510","Production","21511.01","Fat of pigs","2020","2020","t","5066.73","I","Value 
imputed by a
receiving 
agency",""
"QCL","Crops and livestock products","578","Norway","5320","Producing Animals/Slaughtered","21511.01","Fat of pigs","2020","2020","An","1565906","A","Official figure",""
"QCL","Crops and livestock products","578","Norway","5510","Production","21511.01","Fat of pigs","2021","2021","t","5187.98","I","Value 
imputed by a
receiving 
agency",""
"QCL","Crops and livestock products","578","Norway","5320","Producing Animals/Slaughtered","21511.01","Fat of pigs","2021","2021","An","1556930","A","Official figure",""
"QCL","Crops and livestock products","578","Norway","5510","Production","21511.01","Fat of pigs","2022","2022","t","5127.43","I","Value 
imputed by a
receiving 
agency",""
"QCL","Crops and livestock products","578","Norway","5320","Producing Animals/Slaughtered","21511.01","Fat of pigs","2022","2022","An","1523500","A","Official figure",""
"QCL","Crops and livestock products","578","Norway","5510","Production","21511.01","Fat of pigs","2023","2023","t","5071.64","I","Value 
imputed by a
receiving 
agency",""
"QCL","Crops and livestock products","578","Norway","5320","Producing Animals/Slaughtered","21511.01","Fat of pigs","2023","2023","An","1528700","A","Official figure",""
"QCL","Crops and livestock products","578","Norway","5510","Production","21170.02","Game meat, fresh, chilled or frozen","2010","2010","t","8050","A","Official figure",""
"QCL","Crops and livestock products","578","Norway","5510","Production","21170.02","Game meat, fresh, chilled or frozen","2011","2011","t","7930","A","Official figure",""
"QCL","Crops and livestock products","578","Norway","5510","Production","21170.02","Game meat, fresh, chilled or frozen","2012","2012","t","7110","A","Official figure",""
"QCL","Crops and livestock products","578","Norway","5510","Production","21170.02","Game meat, fresh, chilled or frozen","2013","2013","t","7300","A","Official figure",""
"QCL","Crops and livestock products","578","Norway","5510","Production","21170.02","Game meat, fresh, chilled or frozen","2014","2014","t","7108","A","Official figure",""
"QCL","Crops and livestock products","578","Norway","5510","Production","21170.02","Game meat, fresh, chilled or frozen","2015","2015","t","6714","A","Official figure",""
"QCL","Crops and livestock products","578","Norway","5510","Production","21170.02","Game meat, fresh, chilled or frozen","2016","2016","t","6523","A","Official figure",""
"QCL","Crops and livestock products","578","Norway","5510","Production","21170.02","Game meat, fresh, chilled or frozen","2017","2017","t","6812","A","Official figure",""
"QCL","Crops and livestock products","578","Norway","5510","Production","21170.02","Game meat, fresh, chilled or frozen","2018","2018","t","6640","A","Official figure",""
"QCL","Crops and livestock products","578","Norway","5510","Production","21170.02","Game meat, fresh, chilled or frozen","2019","2019","t","6715","A","Official figure",""
"QCL","Crops and livestock products","578","Norway","5510","Production","21170.02","Game meat, fresh, chilled or frozen","2020","2020","t","7412","A","Official figure",""
"QCL","Crops and livestock products","578","Norway","5510","Production","21170.02","Game meat, fresh, chilled or frozen","2021","2021","t","7389","A","Official figure",""
"QCL","Crops and livestock products","578","Norway","5510","Production","21170.02","Game meat, fresh, chilled or frozen","2022","2022","t","7389","A","Official figure",""
"QCL","Crops and livestock products","578","Norway","5510","Production","21170.02","Game meat, fresh, chilled or frozen","2023","2023","t","6459","A","Official figure",""
"QCL","Crops and livestock products","578","Norway","5510","Production","21515","Goat fat, unrendered","2010","2010","t","13.09","I","Value 
imputed by a
receiving 
agency",""
"QCL","Crops and livestock products","578","Norway","5320","Producing Animals/Slaughtered","21515","Goat fat, unrendered","2010","2010","An","24295","A","Official figure",""
"QCL","Crops and livestock products","578","Norway","5510","Production","21515","Goat fat, unrendered","2011","2011","t","10.81","I","Value 
imputed by a
receiving 
agency",""
"QCL","Crops and livestock products","578","Norway","5320","Producing Animals/Slaughtered","21515","Goat fat, unrendered","2011","2011","An","19889","A","Official figure",""
"QCL","Crops and livestock products","578","Norway","5510","Production","21515","Goat fat, unrendered","2012","2012","t","12.16","I","Value 
imputed by a
receiving 
agency",""
"QCL","Crops and livestock products","578","Norway","5320","Producing Animals/Slaughtered","21515","Goat fat, unrendered","2012","2012","An","20771","A","Official figure",""
"QCL","Crops and livestock products","578","Norway","5510","Production","21515","Goat fat, unrendered","2013","2013","t","14.44","I","Value 
imputed by a
receiving 
agency",""
"QCL","Crops and livestock products","578","Norway","5320","Producing Animals/Slaughtered","21515","Goat fat, unrendered","2013","2013","An","23630","A","Official figure",""
"QCL","Crops and livestock products","578","Norway","5510","Production","21515","Goat fat, unrendered","2014","2014","t","12.24","I","Value 
imputed by a
receiving 
agency",""
"QCL","Crops and livestock products","578","Norway","5320","Producing Animals/Slaughtered","21515","Goat fat, unrendered","2014","2014","An","21398","A","Official figure",""
"QCL","Crops and livestock products","578","Norway","5510","Production","21515","Goat fat, unrendered","2015","2015","t","12.2","I","Value 
imputed by a
receiving 
agency",""
"QCL","Crops and livestock products","578","Norway","5320","Producing Animals/Slaughtered","21515","Goat fat, unrendered","2015","2015","An","24011","A","Official figure",""
"QCL","Crops and livestock products","578","Norway","5510","Production","21515","Goat fat, unrendered","2016","2016","t","12.71","I","Value 
imputed by a
receiving 
agency",""
"QCL","Crops and livestock products","578","Norway","5320","Producing Animals/Slaughtered","21515","Goat fat, unrendered","2016","2016","An","23820","A","Official figure",""
"QCL","Crops and livestock products","578","Norway","5510","Production","21515","Goat fat, unrendered","2017","2017","t","15.03","I","Value 
imputed by a
receiving 
agency",""
"QCL","Crops and livestock products","578","Norway","5320","Producing Animals/Slaughtered","21515","Goat fat, unrendered","2017","2017","An","28617","A","Official figure",""
"QCL","Crops and livestock products","578","Norway","5510","Production","21515","Goat fat, unrendered","2018","2018","t","14.99","I","Value 
imputed by a
receiving 
agency",""
"QCL","Crops and livestock products","578","Norway","5320","Producing Animals/Slaughtered","21515","Goat fat, unrendered","2018","2018","An","29165","A","Official figure",""
"QCL","Crops and livestock products","578","Norway","5510","Production","21515","Goat fat, unrendered","2019","2019","t","14.48","I","Value 
imputed by a
receiving 
agency",""
"QCL","Crops and livestock products","578","Norway","5320","Producing Animals/Slaughtered","21515","Goat fat, unrendered","2019","2019","An","27722","A","Official figure",""
"QCL","Crops and livestock products","578","Norway","5510","Production","21515","Goat fat, unrendered","2020","2020","t","14.74","I","Value 
imputed by a
receiving 
agency",""
"QCL","Crops and livestock products","578","Norway","5320","Producing Animals/Slaughtered","21515","Goat fat, unrendered","2020","2020","An","27777","A","Official figure",""
"QCL","Crops and livestock products","578","Norway","5510","Production","21515","Goat fat, unrendered","2021","2021","t","14.74","I","Value 
imputed by a
receiving 
agency",""
"QCL","Crops and livestock products","578","Norway","5320","Producing Animals/Slaughtered","21515","Goat fat, unrendered","2021","2021","An","27449","A","Official figure",""
"QCL","Crops and livestock products","578","Norway","5510","Production","21515","Goat fat, unrendered","2022","2022","t","14.31","I","Value 
imputed by a
receiving 
agency",""
"QCL","Crops and livestock products","578","Norway","5320","Producing Animals/Slaughtered","21515","Goat fat, unrendered","2022","2022","An","20900","A","Official figure",""
"QCL","Crops and livestock products","578","Norway","5510","Production","21515","Goat fat, unrendered","2023","2023","t","14.52","I","Value 
imputed by a
receiving 
agency",""
"QCL","Crops and livestock products","578","Norway","5320","Producing Animals/Slaughtered","21515","Goat fat, unrendered","2023","2023","An","27800","A","Official figure",""
"QCL","Crops and livestock products","578","Norway","5111","Stocks","02123","Goats","2010","2010","An","67485","A","Official figure",""
"QCL","Crops and livestock products","578","Norway","5111","Stocks","02123","Goats","2011","2011","An","67232","A","Official figure",""
"QCL","Crops and livestock products","578","Norway","5111","Stocks","02123","Goats","2012","2012","An","65683","A","Official figure",""
"QCL","Crops and livestock products","578","Norway","5111","Stocks","02123","Goats","2013","2013","An","64128","A","Official figure",""
"QCL","Crops and livestock products","578","Norway","5111","Stocks","02123","Goats","2014","2014","An","64361","A","Official figure",""
"QCL","Crops and livestock products","578","Norway","5111","Stocks","02123","Goats","2015","2015","An","67007","A","Official figure",""
"QCL","Crops and livestock products","578","Norway","5111","Stocks","02123","Goats","2016","2016","An","68646","A","Official figure",""
"QCL","Crops and livestock products","578","Norway","5111","Stocks","02123","Goats","2017","2017","An","65564","A","Official figure",""
"QCL","Crops and livestock products","578","Norway","5111","Stocks","02123","Goats","2018","2018","An","65826","A","Official figure",""
"QCL","Crops and livestock products","578","Norway","5111","Stocks","02123","Goats","2019","2019","An","65171","A","Official figure",""
"QCL","Crops and livestock products","578","Norway","5111","Stocks","02123","Goats","2020","2020","An","67007","A","Official figure",""
"QCL","Crops and livestock products","578","Norway","5111","Stocks","02123","Goats","2021","2021","An","69320","A","Official figure",""
"QCL","Crops and livestock products","578","Norway","5111","Stocks","02123","Goats","2022","2022","An","70400","A","Official figure",""
"QCL","Crops and livestock products","578","Norway","5111","Stocks","02123","Goats","2023","2023","An","71800","A","Official figure",""
"QCL","Crops and livestock products","578","Norway","5312","Area harvested","01351.02","Gooseberries","2010","2010","ha","0","E","Estimated value",""
"QCL","Crops and livestock products","578","Norway","5510","Production","01351.02","Gooseberries","2010","2010","t","0","E","Estimated value",""
"QCL","Crops and livestock products","578","Norway","5312","Area harvested","01351.02","Gooseberries","2011","2011","ha","0","E","Estimated value",""
"QCL","Crops and livestock products","578","Norway","5510","Production","01351.02","Gooseberries","2011","2011","t","0","E","Estimated value",""
"QCL","Crops and livestock products","578","Norway","5312","Area harvested","01351.02","Gooseberries","2012","2012","ha","0","E","Estimated value",""
"QCL","Crops and livestock products","578","Norway","5510","Production","01351.02","Gooseberries","2012","2012","t","0","E","Estimated value",""
"QCL","Crops and livestock products","578","Norway","5312","Area harvested","01351.02","Gooseberries","2013","2013","ha","0","E","Estimated value",""
"QCL","Crops and livestock products","578","Norway","5510","Production","01351.02","Gooseberries","2013","2013","t","0","E","Estimated value",""
"QCL","Crops and livestock products","578","Norway","5312","Area harvested","01351.02","Gooseberries","2014","2014","ha","0","A","Official figure",""
"QCL","Crops and livestock products","578","Norway","5510","Production","01351.02","Gooseberries","2014","2014","t","0","A","Official figure",""
"QCL","Crops and livestock products","578","Norway","5312","Area harvested","01351.02","Gooseberries","2015","2015","ha","0","A","Official figure",""
"QCL","Crops and livestock products","578","Norway","5510","Production","01351.02","Gooseberries","2015","2015","t","0","A","Official figure",""
"QCL","Crops and livestock products","578","Norway","5312","Area harvested","01351.02","Gooseberries","2016","2016","ha","0","A","Official figure",""
"QCL","Crops and livestock products","578","Norway","5510","Production","01351.02","Gooseberries","2016","2016","t","0","A","Official figure",""
"QCL","Crops and livestock products","578","Norway","5312","Area harvested","01351.02","Gooseberries","2017","2017","ha","0","E","Estimated value",""
"QCL","Crops and livestock products","578","Norway","5510","Production","01351.02","Gooseberries","2017","2017","t","0","E","Estimated value",""
"QCL","Crops and livestock products","578","Norway","5312","Area harvested","01351.02","Gooseberries","2018","2018","ha","","M","Missing value; data cannot exist",""
"QCL","Crops and livestock products","578","Norway","5510","Production","01351.02","Gooseberries","2018","2018","t","","M","Missing value; data cannot exist",""
"QCL","Crops and livestock products","578","Norway","5312","Area harvested","01351.02","Gooseberries","2019","2019","ha","","M","Missing value; data cannot exist",""
"QCL","Crops and livestock products","578","Norway","5510","Production","01351.02","Gooseberries","2019","2019","t","","M","Missing value; data cannot exist",""
"QCL","Crops and livestock products","578","Norway","5312","Area harvested","01351.02","Gooseberries","2020","2020","ha","","M","Missing value; data cannot exist",""
"QCL","Crops and livestock products","578","Norway","5510","Production","01351.02","Gooseberries","2020","2020","t","","M","Missing value; data cannot exist",""
"QCL","Crops and livestock products","578","Norway","5312","Area harvested","01351.02","Gooseberries","2021","2021","ha","","M","Missing value; data cannot exist",""
"QCL","Crops and livestock products","578","Norway","5510","Production","01351.02","Gooseberries","2021","2021","t","","M","Missing value; data cannot exist",""
"QCL","Crops and livestock products","578","Norway","5312","Area harvested","01351.02","Gooseberries","2022","2022","ha","","M","Missing value; data cannot exist",""
"QCL","Crops and livestock products","578","Norway","5510","Production","01351.02","Gooseberries","2022","2022","t","","M","Missing value; data cannot exist",""
"QCL","Crops and livestock products","578","Norway","5312","Area harvested","01351.02","Gooseberries","2023","2023","ha","","M","Missing value; data cannot exist",""
"QCL","Crops and livestock products","578","Norway","5510","Production","01351.02","Gooseberries","2023","2023","t","","M","Missing value; data cannot exist",""
"QCL","Crops and livestock products","578","Norway","5312","Area harvested","01290.01","Green corn (maize)","2010","2010","ha","52","A","Official figure",""
"QCL","Crops and livestock products","578","Norway","5412","Yield","01290.01","Green corn (maize)","2010","2010","kg/ha","5730.8","A","Official figure",""
"QCL","Crops and livestock products","578","Norway","5510","Production","01290.01","Green corn (maize)","2010","2010","t","298","A","Official figure",""
"QCL","Crops and livestock products","578","Norway","5312","Area harvested","01290.01","Green corn (maize)","2011","2011","ha","30","A","Official figure",""
"QCL","Crops and livestock products","578","Norway","5412","Yield","01290.01","Green corn (maize)","2011","2011","kg/ha","3533.3","A","Official figure",""
"QCL","Crops and livestock products","578","Norway","5510","Production","01290.01","Green corn (maize)","2011","2011","t","106","A","Official figure",""
"QCL","Crops and livestock products","578","Norway","5312","Area harvested","01290.01","Green corn (maize)","2012","2012","ha","30","A","Official figure",""
"QCL","Crops and livestock products","578","Norway","5412","Yield","01290.01","Green corn (maize)","2012","2012","kg/ha","3933.3","A","Official figure",""
"QCL","Crops and livestock products","578","Norway","5510","Production","01290.01","Green corn (maize)","2012","2012","t","118","A","Official figure",""
"QCL","Crops and livestock products","578","Norway","5312","Area harvested","01290.01","Green corn (maize)","2013","2013","ha","21","A","Official figure",""
"QCL","Crops and livestock products","578","Norway","5412","Yield","01290.01","Green corn (maize)","2013","2013","kg/ha","3714.3","A","Official figure",""
"QCL","Crops and livestock products","578","Norway","5510","Production","01290.01","Green corn (maize)","2013","2013","t","78","A","Official figure",""
"QCL","Crops and livestock products","578","Norway","5312","Area harvested","01290.01","Green corn (maize)","2014","2014","ha","30","A","Official figure",""
"QCL","Crops and livestock products","578","Norway","5412","Yield","01290.01","Green corn (maize)","2014","2014","kg/ha","4800","A","Official figure",""
"QCL","Crops and livestock products","578","Norway","5510","Production","01290.01","Green corn (maize)","2014","2014","t","144","A","Official figure",""
"QCL","Crops and livestock products","578","Norway","5312","Area harvested","01290.01","Green corn (maize)","2015","2015","ha","8","A","Official figure",""
"QCL","Crops and livestock products","578","Norway","5412","Yield","01290.01","Green corn (maize)","2015","2015","kg/ha","3250","A","Official figure",""
"QCL","Crops and livestock products","578","Norway","5510","Production","01290.01","Green corn (maize)","2015","2015","t","26","A","Official figure",""
"QCL","Crops and livestock products","578","Norway","5312","Area harvested","01290.01","Green corn (maize)","2016","2016","ha","114","A","Official figure",""
"QCL","Crops and livestock products","578","Norway","5412","Yield","01290.01","Green corn (maize)","2016","2016","kg/ha","2412.3","A","Official figure",""
"QCL","Crops and livestock products","578","Norway","5510","Production","01290.01","Green corn (maize)","2016","2016","t","275","A","Official figure",""
"QCL","Crops and livestock products","578","Norway","5312","Area harvested","01290.01","Green corn (maize)","2017","2017","ha","40","A","Official figure",""
"QCL","Crops and livestock products","578","Norway","5412","Yield","01290.01","Green corn (maize)","2017","2017","kg/ha","3880.6","A","Official figure",""
"QCL","Crops and livestock products","578","Norway","5510","Production","01290.01","Green corn (maize)","2017","2017","t","156","A","Official figure",""
"QCL","Crops and livestock products","578","Norway","5312","Area harvested","01290.01","Green corn (maize)","2018","2018","ha","32","A","Official figure",""
"QCL","Crops and livestock products","578","Norway","5412","Yield","01290.01","Green corn (maize)","2018","2018","kg/ha","4409.9","A","Official figure",""
"QCL","Crops and livestock products","578","Norway","5510","Production","01290.01","Green corn (maize)","2018","2018","t","142","A","Official figure",""
"QCL","Crops and livestock products","578","Norway","5312","Area harvested","01290.01","Green corn (maize)","2019","2019","ha","29","A","Official figure",""
"QCL","Crops and livestock products","578","Norway","5412","Yield","01290.01","Green corn (maize)","2019","2019","kg/ha","3689.7","A","Official figure",""
"QCL","Crops and livestock products","578","Norway","5510","Production","01290.01","Green corn (maize)","2019","2019","t","107","A","Official figure",""
"QCL","Crops and livestock products","578","Norway","5312","Area harvested","01290.01","Green corn (maize)","2020","2020","ha","57","A","Official figure",""
"QCL","Crops and livestock products","578","Norway","5412","Yield","01290.01","Green corn (maize)","2020","2020","kg/ha","3578.9","A","Official figure",""
"QCL","Crops and livestock products","578","Norway","5510","Production","01290.01","Green corn (maize)","2020","2020","t","204","A","Official figure",""
"QCL","Crops and livestock products","578","Norway","5312","Area harvested","01290.01","Green corn (maize)","2021","2021","ha","32","A","Official figure",""
"QCL","Crops and livestock products","578","Norway","5412","Yield","01290.01","Green corn (maize)","2021","2021","kg/ha","8312.5","A","Official figure",""
"QCL","Crops and livestock products","578","Norway","5510","Production","01290.01","Green corn (maize)","2021","2021","t","266","A","Official figure",""
"QCL","Crops and livestock products","578","Norway","5312","Area harvested","01290.01","Green corn (maize)","2022","2022","ha","35","A","Official figure",""
"QCL","Crops and livestock products","578","Norway","5412","Yield","01290.01","Green corn (maize)","2022","2022","kg/ha","6057.1","A","Official figure",""
"QCL","Crops and livestock products","578","Norway","5510","Production","01290.01","Green corn (maize)","2022","2022","t","212","A","Official figure",""
"QCL","Crops and livestock products","578","Norway","5312","Area harvested","01290.01","Green corn (maize)","2023","2023","ha","39","A","Official figure",""
"QCL","Crops and livestock products","578","Norway","5412","Yield","01290.01","Green corn (maize)","2023","2023","kg/ha","4717.9","A","Official figure",""
"QCL","Crops and livestock products","578","Norway","5510","Production","01290.01","Green corn (maize)","2023","2023","t","184","A","Official figure",""
"QCL","Crops and livestock products","578","Norway","5510","Production","23913","Green tea (not fermented), black tea (fermented) and partly fermented tea, in immediate packings of a content not exceeding 3 kg","2020","2020","t","645.12","I","Value 
imputed by a
receiving 
agency",""
"QCL","Crops and livestock products","578","Norway","5510","Production","23913","Green tea (not fermented), black tea (fermented) and partly fermented tea, in immediate packings of a content not exceeding 3 kg","2021","2021","t","240","I","Value 
imputed by a
receiving 
agency",""
"QCL","Crops and livestock products","578","Norway","5510","Production","23913","Green tea (not fermented), black tea (fermented) and partly fermented tea, in immediate packings of a content not exceeding 3 kg","2022","2022","t","217.78","I","Value 
imputed by a
receiving 
agency",""
"QCL","Crops and livestock products","578","Norway","5510","Production","2162","Groundnut oil","2010","2010","t","0","I","Value 
imputed by a
receiving 
agency",""
"QCL","Crops and livestock products","578","Norway","5413","Yield","0231","Hen eggs in shell, fresh","2010","2010","No/An","253","A","Official figure",""
"QCL","Crops and livestock products","578","Norway","5424","Yield/Carcass Weight","0231","Hen eggs in shell, fresh","2010","2010","g/An","15066","A","Official figure",""
"QCL","Crops and livestock products","578","Norway","5510","Production","0231","Hen eggs in shell, fresh","2010","2010","t","59556","A","Official figure",""
"QCL","Crops and livestock products","578","Norway","5513","Production","0231","Hen eggs in shell, fresh","2010","2010","1000 No","999660","A","Official figure",""
"QCL","Crops and livestock products","578","Norway","5313","Laying","0231","Hen eggs in shell, fresh","2010","2010","1000 An","3953","A","Official figure",""
"QCL","Crops and livestock products","578","Norway","5413","Yield","0231","Hen eggs in shell, fresh","2011","2011","No/An","254","A","Official figure",""
"QCL","Crops and livestock products","578","Norway","5424","Yield/Carcass Weight","0231","Hen eggs in shell, fresh","2011","2011","g/An","15111","A","Official figure",""
"QCL","Crops and livestock products","578","Norway","5510","Production","0231","Hen eggs in shell, fresh","2011","2011","t","58829","A","Official figure",""
"QCL","Crops and livestock products","578","Norway","5513","Production","0231","Hen eggs in shell, fresh","2011","2011","1000 No","988700","A","Official figure",""
"QCL","Crops and livestock products","578","Norway","5313","Laying","0231","Hen eggs in shell, fresh","2011","2011","1000 An","3893","A","Official figure",""
"QCL","Crops and livestock products","578","Norway","5413","Yield","0231","Hen eggs in shell, fresh","2012","2012","No/An","259","A","Official figure",""
"QCL","Crops and livestock products","578","Norway","5424","Yield/Carcass Weight","0231","Hen eggs in shell, fresh","2012","2012","g/An","15845","A","Official figure",""
"QCL","Crops and livestock products","578","Norway","5510","Production","0231","Hen eggs in shell, fresh","2012","2012","t","63682","A","Official figure",""
"QCL","Crops and livestock products","578","Norway","5513","Production","0231","Hen eggs in shell, fresh","2012","2012","1000 No","1039400","A","Official figure",""
"QCL","Crops and livestock products","578","Norway","5313","Laying","0231","Hen eggs in shell, fresh","2012","2012","1000 An","4019","A","Official figure",""
"QCL","Crops and livestock products","578","Norway","5413","Yield","0231","Hen eggs in shell, fresh","2013","2013","No/An","262","A","Official figure",""
"QCL","Crops and livestock products","578","Norway","5424","Yield/Carcass Weight","0231","Hen eggs in shell, fresh","2013","2013","g/An","15309","A","Official figure",""
"QCL","Crops and livestock products","578","Norway","5510","Production","0231","Hen eggs in shell, fresh","2013","2013","t","63809","A","Official figure",""
"QCL","Crops and livestock products","578","Norway","5513","Production","0231","Hen eggs in shell, fresh","2013","2013","1000 No","1093800","A","Official figure",""
"QCL","Crops and livestock products","578","Norway","5313","Laying","0231","Hen eggs in shell, fresh","2013","2013","1000 An","4168","A","Official figure",""
"QCL","Crops and livestock products","578","Norway","5413","Yield","0231","Hen eggs in shell, fresh","2014","2014","No/An","262","A","Official figure",""
"QCL","Crops and livestock products","578","Norway","5424","Yield/Carcass Weight","0231","Hen eggs in shell, fresh","2014","2014","g/An","15839","A","Official figure",""
"QCL","Crops and livestock products","578","Norway","5510","Production","0231","Hen eggs in shell, fresh","2014","2014","t","67254","A","Official figure",""
"QCL","Crops and livestock products","578","Norway","5513","Production","0231","Hen eggs in shell, fresh","2014","2014","1000 No","1111046","A","Official figure",""
"QCL","Crops and livestock products","578","Norway","5313","Laying","0231","Hen eggs in shell, fresh","2014","2014","1000 An","4246","A","Official figure",""
"QCL","Crops and livestock products","578","Norway","5413","Yield","0231","Hen eggs in shell, fresh","2015","2015","No/An","259","E","Estimated value",""
"QCL","Crops and livestock products","578","Norway","5424","Yield/Carcass Weight","0231","Hen eggs in shell, fresh","2015","2015","g/An","15561","A","Official figure",""
"QCL","Crops and livestock products","578","Norway","5510","Production","0231","Hen eggs in shell, fresh","2015","2015","t","67393","A","Official figure",""
"QCL","Crops and livestock products","578","Norway","5513","Production","0231","Hen eggs in shell, fresh","2015","2015","1000 No","1122696","E","Estimated value",""
"QCL","Crops and livestock products","578","Norway","5313","Laying","0231","Hen eggs in shell, fresh","2015","2015","1000 An","4331","A","Official figure",""
"QCL","Crops and livestock products","578","Norway","5413","Yield","0231","Hen eggs in shell, fresh","2016","2016","No/An","259","E","Estimated value",""
"QCL","Crops and livestock products","578","Norway","5424","Yield/Carcass Weight","0231","Hen eggs in shell, fresh","2016","2016","g/An","15729","A","Official figure",""
"QCL","Crops and livestock products","578","Norway","5510","Production","0231","Hen eggs in shell, fresh","2016","2016","t","68247","A","Official figure",""
"QCL","Crops and livestock products","578","Norway","5513","Production","0231","Hen eggs in shell, fresh","2016","2016","1000 No","1122696","E","Estimated value",""
"QCL","Crops and livestock products","578","Norway","5313","Laying","0231","Hen eggs in shell, fresh","2016","2016","1000 An","4339","A","Official figure",""
"QCL","Crops and livestock products","578","Norway","5413","Yield","0231","Hen eggs in shell, fresh","2017","2017","No/An","266","E","Estimated value",""
"QCL","Crops and livestock products","578","Norway","5424","Yield/Carcass Weight","0231","Hen eggs in shell, fresh","2017","2017","g/An","15927","A","Official figure",""
"QCL","Crops and livestock products","578","Norway","5510","Production","0231","Hen eggs in shell, fresh","2017","2017","t","69762","A","Official figure",""
"QCL","Crops and livestock products","578","Norway","5513","Production","0231","Hen eggs in shell, fresh","2017","2017","1000 No","1164850","E","Estimated value",""
"QCL","Crops and livestock products","578","Norway","5313","Laying","0231","Hen eggs in shell, fresh","2017","2017","1000 An","4380","A","Official figure",""
"QCL","Crops and livestock products","578","Norway","5413","Yield","0231","Hen eggs in shell, fresh","2018","2018","No/An","264","E","Estimated value",""
"QCL","Crops and livestock products","578","Norway","5424","Yield/Carcass Weight","0231","Hen eggs in shell, fresh","2018","2018","g/An","15853","A","Official figure",""
"QCL","Crops and livestock products","578","Norway","5510","Production","0231","Hen eggs in shell, fresh","2018","2018","t","71147","A","Official figure",""
"QCL","Crops and livestock products","578","Norway","5513","Production","0231","Hen eggs in shell, fresh","2018","2018","1000 No","1185783","E","Estimated value",""
"QCL","Crops and livestock products","578","Norway","5313","Laying","0231","Hen eggs in shell, fresh","2018","2018","1000 An","4488","A","Official figure",""
"QCL","Crops and livestock products","578","Norway","5413","Yield","0231","Hen eggs in shell, fresh","2019","2019","No/An","265","E","Estimated value",""
"QCL","Crops and livestock products","578","Norway","5424","Yield/Carcass Weight","0231","Hen eggs in shell, fresh","2019","2019","g/An","15884","A","Official figure",""
"QCL","Crops and livestock products","578","Norway","5510","Production","0231","Hen eggs in shell, fresh","2019","2019","t","73511","A","Official figure",""
"QCL","Crops and livestock products","578","Norway","5513","Production","0231","Hen eggs in shell, fresh","2019","2019","1000 No","1225183","E","Estimated value",""
"QCL","Crops and livestock products","578","Norway","5313","Laying","0231","Hen eggs in shell, fresh","2019","2019","1000 An","4628","A","Official figure",""
"QCL","Crops and livestock products","578","Norway","5413","Yield","0231","Hen eggs in shell, fresh","2020","2020","No/An","265","E","Estimated value",""
"QCL","Crops and livestock products","578","Norway","5424","Yield/Carcass Weight","0231","Hen eggs in shell, fresh","2020","2020","g/An","15919","A","Official figure",""
"QCL","Crops and livestock products","578","Norway","5510","Production","0231","Hen eggs in shell, fresh","2020","2020","t","73117","A","Official figure",""
"QCL","Crops and livestock products","578","Norway","5513","Production","0231","Hen eggs in shell, fresh","2020","2020","1000 No","1218617","E","Estimated value",""
"QCL","Crops and livestock products","578","Norway","5313","Laying","0231","Hen eggs in shell, fresh","2020","2020","1000 An","4593","A","Official figure",""
"QCL","Crops and livestock products","578","Norway","5413","Yield","0231","Hen eggs in shell, fresh","2021","2021","No/An","268","A","Official figure",""
"QCL","Crops and livestock products","578","Norway","5424","Yield/Carcass Weight","0231","Hen eggs in shell, fresh","2021","2021","g/An","16089","A","Official figure",""
"QCL","Crops and livestock products","578","Norway","5510","Production","0231","Hen eggs in shell, fresh","2021","2021","t","73510","A","Official figure",""
"QCL","Crops and livestock products","578","Norway","5513","Production","0231","Hen eggs in shell, fresh","2021","2021","1000 No","1225167","A","Official figure",""
"QCL","Crops and livestock products","578","Norway","5313","Laying","0231","Hen eggs in shell, fresh","2021","2021","1000 An","4569","A","Official figure",""
"QCL","Crops and livestock products","578","Norway","5413","Yield","0231","Hen eggs in shell, fresh","2022","2022","No/An","265","A","Official figure",""
"QCL","Crops and livestock products","578","Norway","5424","Yield/Carcass Weight","0231","Hen eggs in shell, fresh","2022","2022","g/An","15896","A","Official figure",""
"QCL","Crops and livestock products","578","Norway","5510","Production","0231","Hen eggs in shell, fresh","2022","2022","t","74028","A","Official figure",""
"QCL","Crops and livestock products","578","Norway","5513","Production","0231","Hen eggs in shell, fresh","2022","2022","1000 No","1233800","A","Official figure",""
"QCL","Crops and livestock products","578","Norway","5313","Laying","0231","Hen eggs in shell, fresh","2022","2022","1000 An","4657","A","Official figure",""
"QCL","Crops and livestock products","578","Norway","5413","Yield","0231","Hen eggs in shell, fresh","2023","2023","No/An","268","A","Official figure",""
"QCL","Crops and livestock products","578","Norway","5424","Yield/Carcass Weight","0231","Hen eggs in shell, fresh","2023","2023","g/An","16089","A","Official figure",""
"QCL","Crops and livestock products","578","Norway","5510","Production","0231","Hen eggs in shell, fresh","2023","2023","t","73303","A","Official figure",""
"QCL","Crops and livestock products","578","Norway","5513","Production","0231","Hen eggs in shell, fresh","2023","2023","1000 No","1221717","A","Official figure",""
"QCL","Crops and livestock products","578","Norway","5313","Laying","0231","Hen eggs in shell, fresh","2023","2023","1000 An","4556","A","Official figure",""
"QCL","Crops and livestock products","578","Norway","5417","Yield/Carcass Weight","21118.01","Horse meat, fresh or chilled","2010","2010","kg/An","272","A","Official figure",""
"QCL","Crops and livestock products","578","Norway","5510","Production","21118.01","Horse meat, fresh or chilled","2010","2010","t","416","A","Official figure",""
"QCL","Crops and livestock products","578","Norway","5320","Producing Animals/Slaughtered","21118.01","Horse meat, fresh or chilled","2010","2010","An","1527","A","Official figure",""
"QCL","Crops and livestock products","578","Norway","5417","Yield/Carcass Weight","21118.01","Horse meat, fresh or chilled","2011","2011","kg/An","268","A","Official figure",""
"QCL","Crops and livestock products","578","Norway","5510","Production","21118.01","Horse meat, fresh or chilled","2011","2011","t","431","A","Official figure",""
"QCL","Crops and livestock products","578","Norway","5320","Producing Animals/Slaughtered","21118.01","Horse meat, fresh or chilled","2011","2011","An","1610","A","Official figure",""
"QCL","Crops and livestock products","578","Norway","5417","Yield/Carcass Weight","21118.01","Horse meat, fresh or chilled","2012","2012","kg/An","271","A","Official figure",""
"QCL","Crops and livestock products","578","Norway","5510","Production","21118.01","Horse meat, fresh or chilled","2012","2012","t","367","A","Official figure",""
"QCL","Crops and livestock products","578","Norway","5320","Producing Animals/Slaughtered","21118.01","Horse meat, fresh or chilled","2012","2012","An","1355","A","Official figure",""
"QCL","Crops and livestock products","578","Norway","5417","Yield/Carcass Weight","21118.01","Horse meat, fresh or chilled","2013","2013","kg/An","269","A","Official figure",""
"QCL","Crops and livestock products","578","Norway","5510","Production","21118.01","Horse meat, fresh or chilled","2013","2013","t","295","A","Official figure",""
"QCL","Crops and livestock products","578","Norway","5320","Producing Animals/Slaughtered","21118.01","Horse meat, fresh or chilled","2013","2013","An","1098","A","Official figure",""
"QCL","Crops and livestock products","578","Norway","5417","Yield/Carcass Weight","21118.01","Horse meat, fresh or chilled","2014","2014","kg/An","276","A","Official figure",""
"QCL","Crops and livestock products","578","Norway","5510","Production","21118.01","Horse meat, fresh or chilled","2014","2014","t","153","A","Official figure",""
"QCL","Crops and livestock products","578","Norway","5320","Producing Animals/Slaughtered","21118.01","Horse meat, fresh or chilled","2014","2014","An","555","A","Official figure",""
"QCL","Crops and livestock products","578","Norway","5417","Yield/Carcass Weight","21118.01","Horse meat, fresh or chilled","2015","2015","kg/An","279","A","Official figure",""
"QCL","Crops and livestock products","578","Norway","5510","Production","21118.01","Horse meat, fresh or chilled","2015","2015","t","92","A","Official figure",""
"QCL","Crops and livestock products","578","Norway","5320","Producing Animals/Slaughtered","21118.01","Horse meat, fresh or chilled","2015","2015","An","330","A","Official figure",""
"QCL","Crops and livestock products","578","Norway","5417","Yield/Carcass Weight","21118.01","Horse meat, fresh or chilled","2016","2016","kg/An","281","A","Official figure",""
"QCL","Crops and livestock products","578","Norway","5510","Production","21118.01","Horse meat, fresh or chilled","2016","2016","t","71","A","Official figure",""
"QCL","Crops and livestock products","578","Norway","5320","Producing Animals/Slaughtered","21118.01","Horse meat, fresh or chilled","2016","2016","An","253","A","Official figure",""
"QCL","Crops and livestock products","578","Norway","5417","Yield/Carcass Weight","21118.01","Horse meat, fresh or chilled","2017","2017","kg/An","288","A","Official figure",""
"QCL","Crops and livestock products","578","Norway","5510","Production","21118.01","Horse meat, fresh or chilled","2017","2017","t","61","A","Official figure",""
"QCL","Crops and livestock products","578","Norway","5320","Producing Animals/Slaughtered","21118.01","Horse meat, fresh or chilled","2017","2017","An","212","A","Official figure",""
"QCL","Crops and livestock products","578","Norway","5417","Yield/Carcass Weight","21118.01","Horse meat, fresh or chilled","2018","2018","kg/An","279","A","Official figure",""
"QCL","Crops and livestock products","578","Norway","5510","Production","21118.01","Horse meat, fresh or chilled","2018","2018","t","56","A","Official figure",""
"QCL","Crops and livestock products","578","Norway","5320","Producing Animals/Slaughtered","21118.01","Horse meat, fresh or chilled","2018","2018","An","201","A","Official figure",""
"QCL","Crops and livestock products","578","Norway","5417","Yield/Carcass Weight","21118.01","Horse meat, fresh or chilled","2019","2019","kg/An","287","A","Official figure",""
"QCL","Crops and livestock products","578","Norway","5510","Production","21118.01","Horse meat, fresh or chilled","2019","2019","t","31","A","Official figure",""
"QCL","Crops and livestock products","578","Norway","5320","Producing Animals/Slaughtered","21118.01","Horse meat, fresh or chilled","2019","2019","An","108","A","Official figure",""
"QCL","Crops and livestock products","578","Norway","5417","Yield/Carcass Weight","21118.01","Horse meat, fresh or chilled","2020","2020","kg/An","281","A","Official figure",""
"QCL","Crops and livestock products","578","Norway","5510","Production","21118.01","Horse meat, fresh or chilled","2020","2020","t","16","A","Official figure",""
"QCL","Crops and livestock products","578","Norway","5320","Producing Animals/Slaughtered","21118.01","Horse meat, fresh or chilled","2020","2020","An","57","A","Official figure",""
"QCL","Crops and livestock products","578","Norway","5417","Yield/Carcass Weight","21118.01","Horse meat, fresh or chilled","2021","2021","kg/An","289","A","Official figure",""
"QCL","Crops and livestock products","578","Norway","5510","Production","21118.01","Horse meat, fresh or chilled","2021","2021","t","13","A","Official figure",""
"QCL","Crops and livestock products","578","Norway","5320","Producing Animals/Slaughtered","21118.01","Horse meat, fresh or chilled","2021","2021","An","45","A","Official figure",""
"QCL","Crops and livestock products","578","Norway","5417","Yield/Carcass Weight","21118.01","Horse meat, fresh or chilled","2022","2022","kg/An","263","A","Official figure",""
"QCL","Crops and livestock products","578","Norway","5510","Production","21118.01","Horse meat, fresh or chilled","2022","2022","t","10","A","Official figure",""
"QCL","Crops and livestock products","578","Norway","5320","Producing Animals/Slaughtered","21118.01","Horse meat, fresh or chilled","2022","2022","An","38","A","Official figure",""
"QCL","Crops and livestock products","578","Norway","5417","Yield/Carcass Weight","21118.01","Horse meat, fresh or chilled","2023","2023","kg/An","263","A","Official figure",""
"QCL","Crops and livestock products","578","Norway","5510","Production","21118.01","Horse meat, fresh or chilled","2023","2023","t","10","A","Official figure",""
"QCL","Crops and livestock products","578","Norway","5320","Producing Animals/Slaughtered","21118.01","Horse meat, fresh or chilled","2023","2023","An","38","A","Official figure",""
"QCL","Crops and livestock products","578","Norway","5111","Stocks","02131","Horses","2010","2010","An","36712","A","Official figure",""
"QCL","Crops and livestock products","578","Norway","5111","Stocks","02131","Horses","2011","2011","An","36424","A","Official figure",""
"QCL","Crops and livestock products","578","Norway","5111","Stocks","02131","Horses","2012","2012","An","36340","A","Official figure",""
"QCL","Crops and livestock products","578","Norway","5111","Stocks","02131","Horses","2013","2013","An","34452","A","Official figure",""
"QCL","Crops and livestock products","578","Norway","5111","Stocks","02131","Horses","2014","2014","An","38794","A","Official figure",""
"QCL","Crops and livestock products","578","Norway","5111","Stocks","02131","Horses","2015","2015","An","37005","A","Official figure",""
"QCL","Crops and livestock products","578","Norway","5111","Stocks","02131","Horses","2016","2016","An","34996","A","Official figure",""
"QCL","Crops and livestock products","578","Norway","5111","Stocks","02131","Horses","2017","2017","An","33239","A","Official figure",""
"QCL","Crops and livestock products","578","Norway","5111","Stocks","02131","Horses","2018","2018","An","34069","A","Official figure",""
"QCL","Crops and livestock products","578","Norway","5111","Stocks","02131","Horses","2019","2019","An","34387","A","Official figure",""
"QCL","Crops and livestock products","578","Norway","5111","Stocks","02131","Horses","2020","2020","An","34249","A","Official figure",""
"QCL","Crops and livestock products","578","Norway","5111","Stocks","02131","Horses","2021","2021","An","36133","A","Official figure",""
"QCL","Crops and livestock products","578","Norway","5111","Stocks","02131","Horses","2022","2022","An","35800","A","Official figure",""
"QCL","Crops and livestock products","578","Norway","5111","Stocks","02131","Horses","2023","2023","An","37700","A","Official figure",""
"QCL","Crops and livestock products","578","Norway","5312","Area harvested","01254","Leeks and other alliaceous vegetables","2010","2010","ha","134","A","Official figure",""
"QCL","Crops and livestock products","578","Norway","5412","Yield","01254","Leeks and other alliaceous vegetables","2010","2010","kg/ha","18328.4","A","Official figure",""
"QCL","Crops and livestock products","578","Norway","5510","Production","01254","Leeks and other alliaceous vegetables","2010","2010","t","2456","A","Official figure",""
"QCL","Crops and livestock products","578","Norway","5312","Area harvested","01254","Leeks and other alliaceous vegetables","2011","2011","ha","123","A","Official figure",""
"QCL","Crops and livestock products","578","Norway","5412","Yield","01254","Leeks and other alliaceous vegetables","2011","2011","kg/ha","19284.6","A","Official figure",""
"QCL","Crops and livestock products","578","Norway","5510","Production","01254","Leeks and other alliaceous vegetables","2011","2011","t","2372","A","Official figure",""
"QCL","Crops and livestock products","578","Norway","5312","Area harvested","01254","Leeks and other alliaceous vegetables","2012","2012","ha","149","A","Official figure",""
"QCL","Crops and livestock products","578","Norway","5412","Yield","01254","Leeks and other alliaceous vegetables","2012","2012","kg/ha","18510.1","A","Official figure",""
"QCL","Crops and livestock products","578","Norway","5510","Production","01254","Leeks and other alliaceous vegetables","2012","2012","t","2758","A","Official figure",""
"QCL","Crops and livestock products","578","Norway","5312","Area harvested","01254","Leeks and other alliaceous vegetables","2013","2013","ha","145","A","Official figure",""
"QCL","Crops and livestock products","578","Norway","5412","Yield","01254","Leeks and other alliaceous vegetables","2013","2013","kg/ha","20144.8","A","Official figure",""
"QCL","Crops and livestock products","578","Norway","5510","Production","01254","Leeks and other alliaceous vegetables","2013","2013","t","2921","A","Official figure",""
"QCL","Crops and livestock products","578","Norway","5312","Area harvested","01254","Leeks and other alliaceous vegetables","2014","2014","ha","157","A","Official figure",""
"QCL","Crops and livestock products","578","Norway","5412","Yield","01254","Leeks and other alliaceous vegetables","2014","2014","kg/ha","21114.6","A","Official figure",""
"QCL","Crops and livestock products","578","Norway","5510","Production","01254","Leeks and other alliaceous vegetables","2014","2014","t","3315","A","Official figure",""
"QCL","Crops and livestock products","578","Norway","5312","Area harvested","01254","Leeks and other alliaceous vegetables","2015","2015","ha","160","A","Official figure",""
"QCL","Crops and livestock products","578","Norway","5412","Yield","01254","Leeks and other alliaceous vegetables","2015","2015","kg/ha","22612.5","A","Official figure",""
"QCL","Crops and livestock products","578","Norway","5510","Production","01254","Leeks and other alliaceous vegetables","2015","2015","t","3618","A","Official figure",""
"QCL","Crops and livestock products","578","Norway","5312","Area harvested","01254","Leeks and other alliaceous vegetables","2016","2016","ha","163","A","Official figure",""
"QCL","Crops and livestock products","578","Norway","5412","Yield","01254","Leeks and other alliaceous vegetables","2016","2016","kg/ha","20122.7","A","Official figure",""
"QCL","Crops and livestock products","578","Norway","5510","Production","01254","Leeks and other alliaceous vegetables","2016","2016","t","3280","A","Official figure",""
"QCL","Crops and livestock products","578","Norway","5312","Area harvested","01254","Leeks and other alliaceous vegetables","2017","2017","ha","135","A","Official figure",""
"QCL","Crops and livestock products","578","Norway","5412","Yield","01254","Leeks and other alliaceous vegetables","2017","2017","kg/ha","20125.9","A","Official figure",""
"QCL","Crops and livestock products","578","Norway","5510","Production","01254","Leeks and other alliaceous vegetables","2017","2017","t","2717","A","Official figure",""
"QCL","Crops and livestock products","578","Norway","5312","Area harvested","01254","Leeks and other alliaceous vegetables","2018","2018","ha","140","A","Official figure",""
"QCL","Crops and livestock products","578","Norway","5412","Yield","01254","Leeks and other alliaceous vegetables","2018","2018","kg/ha","23770.5","A","Official figure",""
"QCL","Crops and livestock products","578","Norway","5510","Production","01254","Leeks and other alliaceous vegetables","2018","2018","t","3335","A","Official figure",""
"QCL","Crops and livestock products","578","Norway","5312","Area harvested","01254","Leeks and other alliaceous vegetables","2019","2019","ha","141","A","Official figure",""
"QCL","Crops and livestock products","578","Norway","5412","Yield","01254","Leeks and other alliaceous vegetables","2019","2019","kg/ha","18780.1","A","Official figure",""
"QCL","Crops and livestock products","578","Norway","5510","Production","01254","Leeks and other alliaceous vegetables","2019","2019","t","2648","A","Official figure",""
"QCL","Crops and livestock products","578","Norway","5312","Area harvested","01254","Leeks and other alliaceous vegetables","2020","2020","ha","133","A","Official figure",""
"QCL","Crops and livestock products","578","Norway","5412","Yield","01254","Leeks and other alliaceous vegetables","2020","2020","kg/ha","20834.6","A","Official figure",""
"QCL","Crops and livestock products","578","Norway","5510","Production","01254","Leeks and other alliaceous vegetables","2020","2020","t","2771","A","Official figure",""
"QCL","Crops and livestock products","578","Norway","5312","Area harvested","01254","Leeks and other alliaceous vegetables","2021","2021","ha","128","A","Official figure",""
"QCL","Crops and livestock products","578","Norway","5412","Yield","01254","Leeks and other alliaceous vegetables","2021","2021","kg/ha","24210.9","A","Official figure",""
"QCL","Crops and livestock products","578","Norway","5510","Production","01254","Leeks and other alliaceous vegetables","2021","2021","t","3099","A","Official figure",""
"QCL","Crops and livestock products","578","Norway","5312","Area harvested","01254","Leeks and other alliaceous vegetables","2022","2022","ha","124","A","Official figure",""
"QCL","Crops and livestock products","578","Norway","5412","Yield","01254","Leeks and other alliaceous vegetables","2022","2022","kg/ha","26096.8","A","Official figure",""
"QCL","Crops and livestock products","578","Norway","5510","Production","01254","Leeks and other alliaceous vegetables","2022","2022","t","3236","A","Official figure",""
"QCL","Crops and livestock products","578","Norway","5312","Area harvested","01254","Leeks and other alliaceous vegetables","2023","2023","ha","135","A","Official figure",""
"QCL","Crops and livestock products","578","Norway","5412","Yield","01254","Leeks and other alliaceous vegetables","2023","2023","kg/ha","23370.4","A","Official figure",""
"QCL","Crops and livestock products","578","Norway","5510","Production","01254","Leeks and other alliaceous vegetables","2023","2023","t","3155","A","Official figure",""
"QCL","Crops and livestock products","578","Norway","5312","Area harvested","01214","Lettuce and chicory","2010","2010","ha","667","A","Official figure",""
"QCL","Crops and livestock products","578","Norway","5412","Yield","01214","Lettuce and chicory","2010","2010","kg/ha","17149.9","A","Official figure",""
"QCL","Crops and livestock products","578","Norway","5510","Production","01214","Lettuce and chicory","2010","2010","t","11439","A","Official figure",""
"QCL","Crops and livestock products","578","Norway","5312","Area harvested","01214","Lettuce and chicory","2011","2011","ha","716","A","Official figure",""
"QCL","Crops and livestock products","578","Norway","5412","Yield","01214","Lettuce and chicory","2011","2011","kg/ha","19164.8","A","Official figure",""
"QCL","Crops and livestock products","578","Norway","5510","Production","01214","Lettuce and chicory","2011","2011","t","13722","A","Official figure",""
"QCL","Crops and livestock products","578","Norway","5312","Area harvested","01214","Lettuce and chicory","2012","2012","ha","816","A","Official figure",""
"QCL","Crops and livestock products","578","Norway","5412","Yield","01214","Lettuce and chicory","2012","2012","kg/ha","17944.9","A","Official figure",""
"QCL","Crops and livestock products","578","Norway","5510","Production","01214","Lettuce and chicory","2012","2012","t","14643","A","Official figure",""
"QCL","Crops and livestock products","578","Norway","5312","Area harvested","01214","Lettuce and chicory","2013","2013","ha","807","A","Official figure",""
"QCL","Crops and livestock products","578","Norway","5412","Yield","01214","Lettuce and chicory","2013","2013","kg/ha","15411.4","A","Official figure",""
"QCL","Crops and livestock products","578","Norway","5510","Production","01214","Lettuce and chicory","2013","2013","t","12437","A","Official figure",""
"QCL","Crops and livestock products","578","Norway","5312","Area harvested","01214","Lettuce and chicory","2014","2014","ha","725","A","Official figure",""
"QCL","Crops and livestock products","578","Norway","5412","Yield","01214","Lettuce and chicory","2014","2014","kg/ha","17314.5","A","Official figure",""
"QCL","Crops and livestock products","578","Norway","5510","Production","01214","Lettuce and chicory","2014","2014","t","12553","A","Official figure",""
"QCL","Crops and livestock products","578","Norway","5312","Area harvested","01214","Lettuce and chicory","2015","2015","ha","726","A","Official figure",""
"QCL","Crops and livestock products","578","Norway","5412","Yield","01214","Lettuce and chicory","2015","2015","kg/ha","20135","A","Official figure",""
"QCL","Crops and livestock products","578","Norway","5510","Production","01214","Lettuce and chicory","2015","2015","t","14618","A","Official figure",""
"QCL","Crops and livestock products","578","Norway","5312","Area harvested","01214","Lettuce and chicory","2016","2016","ha","788","A","Official figure",""
"QCL","Crops and livestock products","578","Norway","5412","Yield","01214","Lettuce and chicory","2016","2016","kg/ha","24006.3","A","Official figure",""
"QCL","Crops and livestock products","578","Norway","5510","Production","01214","Lettuce and chicory","2016","2016","t","18917","A","Official figure",""
"QCL","Crops and livestock products","578","Norway","5312","Area harvested","01214","Lettuce and chicory","2017","2017","ha","1010","A","Official figure",""
"QCL","Crops and livestock products","578","Norway","5412","Yield","01214","Lettuce and chicory","2017","2017","kg/ha","28255.6","A","Official figure",""
"QCL","Crops and livestock products","578","Norway","5510","Production","01214","Lettuce and chicory","2017","2017","t","28541","A","Official figure",""
"QCL","Crops and livestock products","578","Norway","5312","Area harvested","01214","Lettuce and chicory","2018","2018","ha","904","A","Official figure",""
"QCL","Crops and livestock products","578","Norway","5412","Yield","01214","Lettuce and chicory","2018","2018","kg/ha","30432.5","A","Official figure",""
"QCL","Crops and livestock products","578","Norway","5510","Production","01214","Lettuce and chicory","2018","2018","t","27511","A","Official figure",""
"QCL","Crops and livestock products","578","Norway","5312","Area harvested","01214","Lettuce and chicory","2019","2019","ha","1029","A","Official figure",""
"QCL","Crops and livestock products","578","Norway","5412","Yield","01214","Lettuce and chicory","2019","2019","kg/ha","25861","A","Official figure",""
"QCL","Crops and livestock products","578","Norway","5510","Production","01214","Lettuce and chicory","2019","2019","t","26611","A","Official figure",""
"QCL","Crops and livestock products","578","Norway","5312","Area harvested","01214","Lettuce and chicory","2020","2020","ha","964","A","Official figure",""
"QCL","Crops and livestock products","578","Norway","5412","Yield","01214","Lettuce and chicory","2020","2020","kg/ha","25578.8","A","Official figure",""
"QCL","Crops and livestock products","578","Norway","5510","Production","01214","Lettuce and chicory","2020","2020","t","24658","A","Official figure",""
"QCL","Crops and livestock products","578","Norway","5312","Area harvested","01214","Lettuce and chicory","2021","2021","ha","866","A","Official figure",""
"QCL","Crops and livestock products","578","Norway","5412","Yield","01214","Lettuce and chicory","2021","2021","kg/ha","21390.3","A","Official figure",""
"QCL","Crops and livestock products","578","Norway","5510","Production","01214","Lettuce and chicory","2021","2021","t","18524","A","Official figure",""
"QCL","Crops and livestock products","578","Norway","5312","Area harvested","01214","Lettuce and chicory","2022","2022","ha","939","A","Official figure",""
"QCL","Crops and livestock products","578","Norway","5412","Yield","01214","Lettuce and chicory","2022","2022","kg/ha","17904.2","A","Official figure",""
"QCL","Crops and livestock products","578","Norway","5510","Production","01214","Lettuce and chicory","2022","2022","t","16812","A","Official figure",""
"QCL","Crops and livestock products","578","Norway","5312","Area harvested","01214","Lettuce and chicory","2023","2023","ha","833","A","Official figure",""
"QCL","Crops and livestock products","578","Norway","5412","Yield","01214","Lettuce and chicory","2023","2023","kg/ha","19964","A","Official figure",""
"QCL","Crops and livestock products","578","Norway","5510","Production","01214","Lettuce and chicory","2023","2023","t","16630","A","Official figure",""
"QCL","Crops and livestock products","578","Norway","5510","Production","21700.02","Margarine and shortening","2010","2010","t","58200","X","Figure from external organization","Unofficial figure"
"QCL","Crops and livestock products","578","Norway","5510","Production","21700.02","Margarine and shortening","2011","2011","t","58000","X","Figure from external organization","Unofficial figure"
"QCL","Crops and livestock products","578","Norway","5510","Production","21700.02","Margarine and shortening","2012","2012","t","58000","X","Figure from external organization","Unofficial figure"
"QCL","Crops and livestock products","578","Norway","5510","Production","21700.02","Margarine and shortening","2013","2013","t","57800","X","Figure from external organization","Unofficial figure"
"QCL","Crops and livestock products","578","Norway","5510","Production","21700.02","Margarine and shortening","2014","2014","t","57600","X","Figure from external organization","Unofficial figure"
"QCL","Crops and livestock products","578","Norway","5510","Production","21700.02","Margarine and shortening","2015","2015","t","57200","X","Figure from external organization","Unofficial figure"
"QCL","Crops and livestock products","578","Norway","5510","Production","21700.02","Margarine and shortening","2016","2016","t","57000","X","Figure from external organization","Unofficial figure"
"QCL","Crops and livestock products","578","Norway","5510","Production","21700.02","Margarine and shortening","2017","2017","t","56900","X","Figure from external organization","Unofficial figure"
"QCL","Crops and livestock products","578","Norway","5510","Production","21700.02","Margarine and shortening","2018","2018","t","56200","X","Figure from external organization","Unofficial figure"
"QCL","Crops and livestock products","578","Norway","5510","Production","21700.02","Margarine and shortening","2019","2019","t","56000","X","Figure from external organization","Unofficial figure"
"QCL","Crops and livestock products","578","Norway","5510","Production","21700.02","Margarine and shortening","2020","2020","t","55800","X","Figure from external organization","Unofficial figure"
"QCL","Crops and livestock products","578","Norway","5510","Production","21700.02","Margarine and shortening","2021","2021","t","55200","X","Figure from external organization","Unofficial figure"
"QCL","Crops and livestock products","578","Norway","5510","Production","21700.02","Margarine and shortening","2022","2022","t","55000","X","Figure from external organization","Unofficial figure"
"QCL","Crops and livestock products","578","Norway","5510","Production","21118.02","Meat of asses, fresh or chilled","2023","2023","t","0","A","Official figure",""
"QCL","Crops and livestock products","578","Norway","5510","Production","21112","Meat of buffalo, fresh or chilled","2023","2023","t","0","A","Official figure",""
"QCL","Crops and livestock products","578","Norway","5510","Production","21117.01","Meat of camels, fresh or chilled","2023","2023","t","0","A","Official figure",""
"QCL","Crops and livestock products","578","Norway","5417","Yield/Carcass Weight","21111.01","Meat of cattle with the bone, fresh or chilled","2010","2010","kg/An","272","A","Official figure",""
"QCL","Crops and livestock products","578","Norway","5510","Production","21111.01","Meat of cattle with the bone, fresh or chilled","2010","2010","t","83508","A","Official figure",""
"QCL","Crops and livestock products","578","Norway","5320","Producing Animals/Slaughtered","21111.01","Meat of cattle with the bone, fresh or chilled","2010","2010","An","306840","A","Official figure",""
"QCL","Crops and livestock products","578","Norway","5417","Yield/Carcass Weight","21111.01","Meat of cattle with the bone, fresh or chilled","2011","2011","kg/An","267","A","Official figure",""
"QCL","Crops and livestock products","578","Norway","5510","Production","21111.01","Meat of cattle with the bone, fresh or chilled","2011","2011","t","81638","A","Official figure",""
"QCL","Crops and livestock products","578","Norway","5320","Producing Animals/Slaughtered","21111.01","Meat of cattle with the bone, fresh or chilled","2011","2011","An","305595","A","Official figure",""
"QCL","Crops and livestock products","578","Norway","5417","Yield/Carcass Weight","21111.01","Meat of cattle with the bone, fresh or chilled","2012","2012","kg/An","265","A","Official figure",""
"QCL","Crops and livestock products","578","Norway","5510","Production","21111.01","Meat of cattle with the bone, fresh or chilled","2012","2012","t","77982","A","Official figure",""
"QCL","Crops and livestock products","578","Norway","5320","Producing Animals/Slaughtered","21111.01","Meat of cattle with the bone, fresh or chilled","2012","2012","An","294032","A","Official figure",""
"QCL","Crops and livestock products","578","Norway","5417","Yield/Carcass Weight","21111.01","Meat of cattle with the bone, fresh or chilled","2013","2013","kg/An","268","A","Official figure",""
"QCL","Crops and livestock products","578","Norway","5510","Production","21111.01","Meat of cattle with the bone, fresh or chilled","2013","2013","t","83696","A","Official figure",""
"QCL","Crops and livestock products","578","Norway","5320","Producing Animals/Slaughtered","21111.01","Meat of cattle with the bone, fresh or chilled","2013","2013","An","312331","A","Official figure",""
"QCL","Crops and livestock products","578","Norway","5417","Yield/Carcass Weight","21111.01","Meat of cattle with the bone, fresh or chilled","2014","2014","kg/An","271","A","Official figure",""
"QCL","Crops and livestock products","578","Norway","5510","Production","21111.01","Meat of cattle with the bone, fresh or chilled","2014","2014","t","78732","A","Official figure",""
"QCL","Crops and livestock products","578","Norway","5320","Producing Animals/Slaughtered","21111.01","Meat of cattle with the bone, fresh or chilled","2014","2014","An","290328","A","Official figure",""
"QCL","Crops and livestock products","578","Norway","5417","Yield/Carcass Weight","21111.01","Meat of cattle with the bone, fresh or chilled","2015","2015","kg/An","280","A","Official figure",""
"QCL","Crops and livestock products","578","Norway","5510","Production","21111.01","Meat of cattle with the bone, fresh or chilled","2015","2015","t","79672","A","Official figure",""
"QCL","Crops and livestock products","578","Norway","5320","Producing Animals/Slaughtered","21111.01","Meat of cattle with the bone, fresh or chilled","2015","2015","An","284092","A","Official figure",""
"QCL","Crops and livestock products","578","Norway","5417","Yield/Carcass Weight","21111.01","Meat of cattle with the bone, fresh or chilled","2016","2016","kg/An","285","A","Official figure",""
"QCL","Crops and livestock products","578","Norway","5510","Production","21111.01","Meat of cattle with the bone, fresh or chilled","2016","2016","t","81676","A","Official figure",""
"QCL","Crops and livestock products","578","Norway","5320","Producing Animals/Slaughtered","21111.01","Meat of cattle with the bone, fresh or chilled","2016","2016","An","286213","A","Official figure",""
"QCL","Crops and livestock products","578","Norway","5417","Yield/Carcass Weight","21111.01","Meat of cattle with the bone, fresh or chilled","2017","2017","kg/An","286","A","Official figure",""
"QCL","Crops and livestock products","578","Norway","5510","Production","21111.01","Meat of cattle with the bone, fresh or chilled","2017","2017","t","85196","A","Official figure",""
"QCL","Crops and livestock products","578","Norway","5320","Producing Animals/Slaughtered","21111.01","Meat of cattle with the bone, fresh or chilled","2017","2017","An","298013","A","Official figure",""
"QCL","Crops and livestock products","578","Norway","5417","Yield/Carcass Weight","21111.01","Meat of cattle with the bone, fresh or chilled","2018","2018","kg/An","279","A","Official figure",""
"QCL","Crops and livestock products","578","Norway","5510","Production","21111.01","Meat of cattle with the bone, fresh or chilled","2018","2018","t","89396","A","Official figure",""
"QCL","Crops and livestock products","578","Norway","5320","Producing Animals/Slaughtered","21111.01","Meat of cattle with the bone, fresh or chilled","2018","2018","An","320081","A","Official figure",""
"QCL","Crops and livestock products","578","Norway","5417","Yield/Carcass Weight","21111.01","Meat of cattle with the bone, fresh or chilled","2019","2019","kg/An","284","A","Official figure",""
"QCL","Crops and livestock products","578","Norway","5510","Production","21111.01","Meat of cattle with the bone, fresh or chilled","2019","2019","t","87008","A","Official figure",""
"QCL","Crops and livestock products","578","Norway","5320","Producing Animals/Slaughtered","21111.01","Meat of cattle with the bone, fresh or chilled","2019","2019","An","306075","A","Official figure",""
"QCL","Crops and livestock products","578","Norway","5417","Yield/Carcass Weight","21111.01","Meat of cattle with the bone, fresh or chilled","2020","2020","kg/An","288","A","Official figure",""
"QCL","Crops and livestock products","578","Norway","5510","Production","21111.01","Meat of cattle with the bone, fresh or chilled","2020","2020","t","85295","A","Official figure",""
"QCL","Crops and livestock products","578","Norway","5320","Producing Animals/Slaughtered","21111.01","Meat of cattle with the bone, fresh or chilled","2020","2020","An","295680","A","Official figure",""
"QCL","Crops and livestock products","578","Norway","5417","Yield/Carcass Weight","21111.01","Meat of cattle with the bone, fresh or chilled","2021","2021","kg/An","293","A","Official figure",""
"QCL","Crops and livestock products","578","Norway","5510","Production","21111.01","Meat of cattle with the bone, fresh or chilled","2021","2021","t","87736","A","Official figure",""
"QCL","Crops and livestock products","578","Norway","5320","Producing Animals/Slaughtered","21111.01","Meat of cattle with the bone, fresh or chilled","2021","2021","An","299941","A","Official figure",""
"QCL","Crops and livestock products","578","Norway","5417","Yield/Carcass Weight","21111.01","Meat of cattle with the bone, fresh or chilled","2022","2022","kg/An","290","A","Official figure",""
"QCL","Crops and livestock products","578","Norway","5510","Production","21111.01","Meat of cattle with the bone, fresh or chilled","2022","2022","t","92311","A","Official figure",""
"QCL","Crops and livestock products","578","Norway","5320","Producing Animals/Slaughtered","21111.01","Meat of cattle with the bone, fresh or chilled","2022","2022","An","317800","A","Official figure",""
"QCL","Crops and livestock products","578","Norway","5417","Yield/Carcass Weight","21111.01","Meat of cattle with the bone, fresh or chilled","2023","2023","kg/An","284","A","Official figure",""
"QCL","Crops and livestock products","578","Norway","5510","Production","21111.01","Meat of cattle with the bone, fresh or chilled","2023","2023","t","90559","A","Official figure",""
"QCL","Crops and livestock products","578","Norway","5320","Producing Animals/Slaughtered","21111.01","Meat of cattle with the bone, fresh or chilled","2023","2023","An","318900","A","Official figure",""
"QCL","Crops and livestock products","578","Norway","5424","Yield/Carcass Weight","21121","Meat of chickens, fresh or chilled","2010","2010","g/An","1221","A","Official figure",""
"QCL","Crops and livestock products","578","Norway","5510","Production","21121","Meat of chickens, fresh or chilled","2010","2010","t","75879","A","Official figure",""
"QCL","Crops and livestock products","578","Norway","5321","Producing Animals/Slaughtered","21121","Meat of chickens, fresh or chilled","2010","2010","1000 An","62128","A","Official figure",""
"QCL","Crops and livestock products","578","Norway","5424","Yield/Carcass Weight","21121","Meat of chickens, fresh or chilled","2011","2011","g/An","1206","A","Official figure",""
"QCL","Crops and livestock products","578","Norway","5510","Production","21121","Meat of chickens, fresh or chilled","2011","2011","t","75172","A","Official figure",""
"QCL","Crops and livestock products","578","Norway","5321","Producing Animals/Slaughtered","21121","Meat of chickens, fresh or chilled","2011","2011","1000 An","62349","A","Official figure",""
"QCL","Crops and livestock products","578","Norway","5424","Yield/Carcass Weight","21121","Meat of chickens, fresh or chilled","2012","2012","g/An","1255","A","Official figure",""
"QCL","Crops and livestock products","578","Norway","5510","Production","21121","Meat of chickens, fresh or chilled","2012","2012","t","81051","A","Official figure",""
"QCL","Crops and livestock products","578","Norway","5321","Producing Animals/Slaughtered","21121","Meat of chickens, fresh or chilled","2012","2012","1000 An","64566","A","Official figure",""
"QCL","Crops and livestock products","578","Norway","5424","Yield/Carcass Weight","21121","Meat of chickens, fresh or chilled","2013","2013","g/An","1287","A","Official figure",""
"QCL","Crops and livestock products","578","Norway","5510","Production","21121","Meat of chickens, fresh or chilled","2013","2013","t","93580","A","Official figure",""
"QCL","Crops and livestock products","578","Norway","5321","Producing Animals/Slaughtered","21121","Meat of chickens, fresh or chilled","2013","2013","1000 An","72684","A","Official figure",""
"QCL","Crops and livestock products","578","Norway","5424","Yield/Carcass Weight","21121","Meat of chickens, fresh or chilled","2014","2014","g/An","1273","A","Official figure",""
"QCL","Crops and livestock products","578","Norway","5510","Production","21121","Meat of chickens, fresh or chilled","2014","2014","t","94759","A","Official figure",""
"QCL","Crops and livestock products","578","Norway","5321","Producing Animals/Slaughtered","21121","Meat of chickens, fresh or chilled","2014","2014","1000 An","74423","A","Official figure",""
"QCL","Crops and livestock products","578","Norway","5424","Yield/Carcass Weight","21121","Meat of chickens, fresh or chilled","2015","2015","g/An","1271","A","Official figure",""
"QCL","Crops and livestock products","578","Norway","5510","Production","21121","Meat of chickens, fresh or chilled","2015","2015","t","80869","A","Official figure",""
"QCL","Crops and livestock products","578","Norway","5321","Producing Animals/Slaughtered","21121","Meat of chickens, fresh or chilled","2015","2015","1000 An","63605","A","Official figure",""
"QCL","Crops and livestock products","578","Norway","5424","Yield/Carcass Weight","21121","Meat of chickens, fresh or chilled","2016","2016","g/An","1314","A","Official figure",""
"QCL","Crops and livestock products","578","Norway","5510","Production","21121","Meat of chickens, fresh or chilled","2016","2016","t","87281","A","Official figure",""
"QCL","Crops and livestock products","578","Norway","5321","Producing Animals/Slaughtered","21121","Meat of chickens, fresh or chilled","2016","2016","1000 An","66431","A","Official figure",""
"QCL","Crops and livestock products","578","Norway","5424","Yield/Carcass Weight","21121","Meat of chickens, fresh or chilled","2017","2017","g/An","1417","A","Official figure",""
"QCL","Crops and livestock products","578","Norway","5510","Production","21121","Meat of chickens, fresh or chilled","2017","2017","t","90944","A","Official figure",""
"QCL","Crops and livestock products","578","Norway","5321","Producing Animals/Slaughtered","21121","Meat of chickens, fresh or chilled","2017","2017","1000 An","64202","A","Official figure",""
"QCL","Crops and livestock products","578","Norway","5424","Yield/Carcass Weight","21121","Meat of chickens, fresh or chilled","2018","2018","g/An","1422","A","Official figure",""
"QCL","Crops and livestock products","578","Norway","5510","Production","21121","Meat of chickens, fresh or chilled","2018","2018","t","89925","A","Official figure",""
"QCL","Crops and livestock products","578","Norway","5321","Producing Animals/Slaughtered","21121","Meat of chickens, fresh or chilled","2018","2018","1000 An","63243","A","Official figure",""
"QCL","Crops and livestock products","578","Norway","5424","Yield/Carcass Weight","21121","Meat of chickens, fresh or chilled","2019","2019","g/An","1430","A","Official figure",""
"QCL","Crops and livestock products","578","Norway","5510","Production","21121","Meat of chickens, fresh or chilled","2019","2019","t","98553","A","Official figure",""
"QCL","Crops and livestock products","578","Norway","5321","Producing Animals/Slaughtered","21121","Meat of chickens, fresh or chilled","2019","2019","1000 An","68936","A","Official figure",""
"QCL","Crops and livestock products","578","Norway","5424","Yield/Carcass Weight","21121","Meat of chickens, fresh or chilled","2020","2020","g/An","1448","A","Official figure",""
"QCL","Crops and livestock products","578","Norway","5510","Production","21121","Meat of chickens, fresh or chilled","2020","2020","t","98153","A","Official figure",""
"QCL","Crops and livestock products","578","Norway","5321","Producing Animals/Slaughtered","21121","Meat of chickens, fresh or chilled","2020","2020","1000 An","67804","A","Official figure",""
"QCL","Crops and livestock products","578","Norway","5424","Yield/Carcass Weight","21121","Meat of chickens, fresh or chilled","2021","2021","g/An","1461","A","Official figure",""
"QCL","Crops and livestock products","578","Norway","5510","Production","21121","Meat of chickens, fresh or chilled","2021","2021","t","106043","A","Official figure",""
"QCL","Crops and livestock products","578","Norway","5321","Producing Animals/Slaughtered","21121","Meat of chickens, fresh or chilled","2021","2021","1000 An","72604","A","Official figure",""
"QCL","Crops and livestock products","578","Norway","5424","Yield/Carcass Weight","21121","Meat of chickens, fresh or chilled","2022","2022","g/An","1460","A","Official figure",""
"QCL","Crops and livestock products","578","Norway","5510","Production","21121","Meat of chickens, fresh or chilled","2022","2022","t","105614","A","Official figure",""
"QCL","Crops and livestock products","578","Norway","5321","Producing Animals/Slaughtered","21121","Meat of chickens, fresh or chilled","2022","2022","1000 An","72329","A","Official figure",""
"QCL","Crops and livestock products","578","Norway","5424","Yield/Carcass Weight","21121","Meat of chickens, fresh or chilled","2023","2023","g/An","1489","A","Official figure",""
"QCL","Crops and livestock products","578","Norway","5510","Production","21121","Meat of chickens, fresh or chilled","2023","2023","t","107624","A","Official figure",""
"QCL","Crops and livestock products","578","Norway","5321","Producing Animals/Slaughtered","21121","Meat of chickens, fresh or chilled","2023","2023","1000 An","72271","A","Official figure",""
"QCL","Crops and livestock products","578","Norway","5424","Yield/Carcass Weight","21122","Meat of ducks, fresh or chilled","2010","2010","g/An","2734","A","Official figure",""
"QCL","Crops and livestock products","578","Norway","5510","Production","21122","Meat of ducks, fresh or chilled","2010","2010","t","421","A","Official figure",""
"QCL","Crops and livestock products","578","Norway","5321","Producing Animals/Slaughtered","21122","Meat of ducks, fresh or chilled","2010","2010","1000 An","154","A","Official figure",""
"QCL","Crops and livestock products","578","Norway","5424","Yield/Carcass Weight","21122","Meat of ducks, fresh or chilled","2011","2011","g/An","2767","A","Official figure",""
"QCL","Crops and livestock products","578","Norway","5510","Production","21122","Meat of ducks, fresh or chilled","2011","2011","t","523","A","Official figure",""
"QCL","Crops and livestock products","578","Norway","5321","Producing Animals/Slaughtered","21122","Meat of ducks, fresh or chilled","2011","2011","1000 An","189","A","Official figure",""
"QCL","Crops and livestock products","578","Norway","5424","Yield/Carcass Weight","21122","Meat of ducks, fresh or chilled","2012","2012","g/An","2822","A","Official figure",""
"QCL","Crops and livestock products","578","Norway","5510","Production","21122","Meat of ducks, fresh or chilled","2012","2012","t","254","A","Official figure",""
"QCL","Crops and livestock products","578","Norway","5321","Producing Animals/Slaughtered","21122","Meat of ducks, fresh or chilled","2012","2012","1000 An","90","A","Official figure",""
"QCL","Crops and livestock products","578","Norway","5424","Yield/Carcass Weight","21122","Meat of ducks, fresh or chilled","2013","2013","g/An","2502","A","Official figure",""
"QCL","Crops and livestock products","578","Norway","5510","Production","21122","Meat of ducks, fresh or chilled","2013","2013","t","593","A","Official figure",""
"QCL","Crops and livestock products","578","Norway","5321","Producing Animals/Slaughtered","21122","Meat of ducks, fresh or chilled","2013","2013","1000 An","237","A","Official figure",""
"QCL","Crops and livestock products","578","Norway","5424","Yield/Carcass Weight","21122","Meat of ducks, fresh or chilled","2014","2014","g/An","2442","A","Official figure",""
"QCL","Crops and livestock products","578","Norway","5510","Production","21122","Meat of ducks, fresh or chilled","2014","2014","t","740","A","Official figure",""
"QCL","Crops and livestock products","578","Norway","5321","Producing Animals/Slaughtered","21122","Meat of ducks, fresh or chilled","2014","2014","1000 An","303","A","Official figure",""
"QCL","Crops and livestock products","578","Norway","5424","Yield/Carcass Weight","21122","Meat of ducks, fresh or chilled","2015","2015","g/An","2483","A","Official figure",""
"QCL","Crops and livestock products","578","Norway","5510","Production","21122","Meat of ducks, fresh or chilled","2015","2015","t","735","A","Official figure",""
"QCL","Crops and livestock products","578","Norway","5321","Producing Animals/Slaughtered","21122","Meat of ducks, fresh or chilled","2015","2015","1000 An","296","A","Official figure",""
"QCL","Crops and livestock products","578","Norway","5424","Yield/Carcass Weight","21122","Meat of ducks, fresh or chilled","2016","2016","g/An","2417","A","Official figure",""
"QCL","Crops and livestock products","578","Norway","5510","Production","21122","Meat of ducks, fresh or chilled","2016","2016","t","701","A","Official figure",""
"QCL","Crops and livestock products","578","Norway","5321","Producing Animals/Slaughtered","21122","Meat of ducks, fresh or chilled","2016","2016","1000 An","290","A","Official figure",""
"QCL","Crops and livestock products","578","Norway","5424","Yield/Carcass Weight","21122","Meat of ducks, fresh or chilled","2017","2017","g/An","2523","A","Official figure",""
"QCL","Crops and livestock products","578","Norway","5510","Production","21122","Meat of ducks, fresh or chilled","2017","2017","t","699","A","Official figure",""
"QCL","Crops and livestock products","578","Norway","5321","Producing Animals/Slaughtered","21122","Meat of ducks, fresh or chilled","2017","2017","1000 An","277","A","Official figure",""
"QCL","Crops and livestock products","578","Norway","5424","Yield/Carcass Weight","21122","Meat of ducks, fresh or chilled","2018","2018","g/An","2337","A","Official figure",""
"QCL","Crops and livestock products","578","Norway","5510","Production","21122","Meat of ducks, fresh or chilled","2018","2018","t","638","A","Official figure",""
"QCL","Crops and livestock products","578","Norway","5321","Producing Animals/Slaughtered","21122","Meat of ducks, fresh or chilled","2018","2018","1000 An","273","A","Official figure",""
"QCL","Crops and livestock products","578","Norway","5424","Yield/Carcass Weight","21122","Meat of ducks, fresh or chilled","2019","2019","g/An","2352","A","Official figure",""
"QCL","Crops and livestock products","578","Norway","5510","Production","21122","Meat of ducks, fresh or chilled","2019","2019","t","661","A","Official figure",""
"QCL","Crops and livestock products","578","Norway","5321","Producing Animals/Slaughtered","21122","Meat of ducks, fresh or chilled","2019","2019","1000 An","281","A","Official figure",""
"QCL","Crops and livestock products","578","Norway","5424","Yield/Carcass Weight","21122","Meat of ducks, fresh or chilled","2020","2020","g/An","2446","A","Official figure",""
"QCL","Crops and livestock products","578","Norway","5510","Production","21122","Meat of ducks, fresh or chilled","2020","2020","t","697","A","Official figure",""
"QCL","Crops and livestock products","578","Norway","5321","Producing Animals/Slaughtered","21122","Meat of ducks, fresh or chilled","2020","2020","1000 An","285","A","Official figure",""
"QCL","Crops and livestock products","578","Norway","5424","Yield/Carcass Weight","21122","Meat of ducks, fresh or chilled","2021","2021","g/An","2432","A","Official figure",""
"QCL","Crops and livestock products","578","Norway","5510","Production","21122","Meat of ducks, fresh or chilled","2021","2021","t","586","A","Official figure",""
"QCL","Crops and livestock products","578","Norway","5321","Producing Animals/Slaughtered","21122","Meat of ducks, fresh or chilled","2021","2021","1000 An","241","A","Official figure",""
"QCL","Crops and livestock products","578","Norway","5424","Yield/Carcass Weight","21122","Meat of ducks, fresh or chilled","2022","2022","g/An","2406","A","Official figure",""
"QCL","Crops and livestock products","578","Norway","5510","Production","21122","Meat of ducks, fresh or chilled","2022","2022","t","835","A","Official figure",""
"QCL","Crops and livestock products","578","Norway","5321","Producing Animals/Slaughtered","21122","Meat of ducks, fresh or chilled","2022","2022","1000 An","347","A","Official figure",""
"QCL","Crops and livestock products","578","Norway","5424","Yield/Carcass Weight","21122","Meat of ducks, fresh or chilled","2023","2023","g/An","2411","A","Official figure",""
"QCL","Crops and livestock products","578","Norway","5510","Production","21122","Meat of ducks, fresh or chilled","2023","2023","t","897","A","Official figure",""
"QCL","Crops and livestock products","578","Norway","5321","Producing Animals/Slaughtered","21122","Meat of ducks, fresh or chilled","2023","2023","1000 An","372","A","Official figure",""
"QCL","Crops and livestock products","578","Norway","5510","Production","21123","Meat of geese, fresh or chilled","2019","2019","t","","I","Value 
imputed by a
receiving 
agency",""
"QCL","Crops and livestock products","578","Norway","5510","Production","21123","Meat of geese, fresh or chilled","2020","2020","t","","M","Missing value; data cannot exist",""
"QCL","Crops and livestock products","578","Norway","5510","Production","21123","Meat of geese, fresh or chilled","2021","2021","t","12","A","Official figure",""
"QCL","Crops and livestock products","578","Norway","5510","Production","21123","Meat of geese, fresh or chilled","2022","2022","t","12","A","Official figure",""
"QCL","Crops and livestock products","578","Norway","5510","Production","21123","Meat of geese, fresh or chilled","2023","2023","t","13","A","Official figure",""
"QCL","Crops and livestock products","578","Norway","5417","Yield/Carcass Weight","21116","Meat of goat, fresh or chilled","2010","2010","kg/An","13","A","Official figure",""
"QCL","Crops and livestock products","578","Norway","5510","Production","21116","Meat of goat, fresh or chilled","2010","2010","t","310","A","Official figure",""
"QCL","Crops and livestock products","578","Norway","5320","Producing Animals/Slaughtered","21116","Meat of goat, fresh or chilled","2010","2010","An","24295","A","Official figure",""
"QCL","Crops and livestock products","578","Norway","5417","Yield/Carcass Weight","21116","Meat of goat, fresh or chilled","2011","2011","kg/An","13","A","Official figure",""
"QCL","Crops and livestock products","578","Norway","5510","Production","21116","Meat of goat, fresh or chilled","2011","2011","t","256","A","Official figure",""
"QCL","Crops and livestock products","578","Norway","5320","Producing Animals/Slaughtered","21116","Meat of goat, fresh or chilled","2011","2011","An","19889","A","Official figure",""
"QCL","Crops and livestock products","578","Norway","5417","Yield/Carcass Weight","21116","Meat of goat, fresh or chilled","2012","2012","kg/An","14","A","Official figure",""
"QCL","Crops and livestock products","578","Norway","5510","Production","21116","Meat of goat, fresh or chilled","2012","2012","t","288","A","Official figure",""
"QCL","Crops and livestock products","578","Norway","5320","Producing Animals/Slaughtered","21116","Meat of goat, fresh or chilled","2012","2012","An","20771","A","Official figure",""
"QCL","Crops and livestock products","578","Norway","5417","Yield/Carcass Weight","21116","Meat of goat, fresh or chilled","2013","2013","kg/An","14","A","Official figure",""
"QCL","Crops and livestock products","578","Norway","5510","Production","21116","Meat of goat, fresh or chilled","2013","2013","t","342","A","Official figure",""
"QCL","Crops and livestock products","578","Norway","5320","Producing Animals/Slaughtered","21116","Meat of goat, fresh or chilled","2013","2013","An","23630","A","Official figure",""
"QCL","Crops and livestock products","578","Norway","5417","Yield/Carcass Weight","21116","Meat of goat, fresh or chilled","2014","2014","kg/An","14","A","Official figure",""
"QCL","Crops and livestock products","578","Norway","5510","Production","21116","Meat of goat, fresh or chilled","2014","2014","t","290","A","Official figure",""
"QCL","Crops and livestock products","578","Norway","5320","Producing Animals/Slaughtered","21116","Meat of goat, fresh or chilled","2014","2014","An","21398","A","Official figure",""
"QCL","Crops and livestock products","578","Norway","5417","Yield/Carcass Weight","21116","Meat of goat, fresh or chilled","2015","2015","kg/An","12","A","Official figure",""
"QCL","Crops and livestock products","578","Norway","5510","Production","21116","Meat of goat, fresh or chilled","2015","2015","t","289","A","Official figure",""
"QCL","Crops and livestock products","578","Norway","5320","Producing Animals/Slaughtered","21116","Meat of goat, fresh or chilled","2015","2015","An","24011","A","Official figure",""
"QCL","Crops and livestock products","578","Norway","5417","Yield/Carcass Weight","21116","Meat of goat, fresh or chilled","2016","2016","kg/An","13","A","Official figure",""
"QCL","Crops and livestock products","578","Norway","5510","Production","21116","Meat of goat, fresh or chilled","2016","2016","t","301","A","Official figure",""
"QCL","Crops and livestock products","578","Norway","5320","Producing Animals/Slaughtered","21116","Meat of goat, fresh or chilled","2016","2016","An","23820","A","Official figure",""
"QCL","Crops and livestock products","578","Norway","5417","Yield/Carcass Weight","21116","Meat of goat, fresh or chilled","2017","2017","kg/An","12","A","Official figure",""
"QCL","Crops and livestock products","578","Norway","5510","Production","21116","Meat of goat, fresh or chilled","2017","2017","t","356","A","Official figure",""
"QCL","Crops and livestock products","578","Norway","5320","Producing Animals/Slaughtered","21116","Meat of goat, fresh or chilled","2017","2017","An","28617","A","Official figure",""
"QCL","Crops and livestock products","578","Norway","5417","Yield/Carcass Weight","21116","Meat of goat, fresh or chilled","2018","2018","kg/An","12","A","Official figure",""
"QCL","Crops and livestock products","578","Norway","5510","Production","21116","Meat of goat, fresh or chilled","2018","2018","t","355","A","Official figure",""
"QCL","Crops and livestock products","578","Norway","5320","Producing Animals/Slaughtered","21116","Meat of goat, fresh or chilled","2018","2018","An","29165","A","Official figure",""
"QCL","Crops and livestock products","578","Norway","5417","Yield/Carcass Weight","21116","Meat of goat, fresh or chilled","2019","2019","kg/An","12","A","Official figure",""
"QCL","Crops and livestock products","578","Norway","5510","Production","21116","Meat of goat, fresh or chilled","2019","2019","t","343","A","Official figure",""
"QCL","Crops and livestock products","578","Norway","5320","Producing Animals/Slaughtered","21116","Meat of goat, fresh or chilled","2019","2019","An","27722","A","Official figure",""
"QCL","Crops and livestock products","578","Norway","5417","Yield/Carcass Weight","21116","Meat of goat, fresh or chilled","2020","2020","kg/An","13","A","Official figure",""
"QCL","Crops and livestock products","578","Norway","5510","Production","21116","Meat of goat, fresh or chilled","2020","2020","t","349","A","Official figure",""
"QCL","Crops and livestock products","578","Norway","5320","Producing Animals/Slaughtered","21116","Meat of goat, fresh or chilled","2020","2020","An","27777","A","Official figure",""
"QCL","Crops and livestock products","578","Norway","5417","Yield/Carcass Weight","21116","Meat of goat, fresh or chilled","2021","2021","kg/An","13","A","Official figure",""
"QCL","Crops and livestock products","578","Norway","5510","Production","21116","Meat of goat, fresh or chilled","2021","2021","t","349","A","Official figure",""
"QCL","Crops and livestock products","578","Norway","5320","Producing Animals/Slaughtered","21116","Meat of goat, fresh or chilled","2021","2021","An","27449","A","Official figure",""
"QCL","Crops and livestock products","578","Norway","5417","Yield/Carcass Weight","21116","Meat of goat, fresh or chilled","2022","2022","kg/An","16","A","Official figure",""
"QCL","Crops and livestock products","578","Norway","5510","Production","21116","Meat of goat, fresh or chilled","2022","2022","t","339","A","Official figure",""
"QCL","Crops and livestock products","578","Norway","5320","Producing Animals/Slaughtered","21116","Meat of goat, fresh or chilled","2022","2022","An","20900","A","Official figure",""
"QCL","Crops and livestock products","578","Norway","5417","Yield/Carcass Weight","21116","Meat of goat, fresh or chilled","2023","2023","kg/An","12","A","Official figure",""
"QCL","Crops and livestock products","578","Norway","5510","Production","21116","Meat of goat, fresh or chilled","2023","2023","t","344","A","Official figure",""
"QCL","Crops and livestock products","578","Norway","5320","Producing Animals/Slaughtered","21116","Meat of goat, fresh or chilled","2023","2023","An","27800","A","Official figure",""
"QCL","Crops and livestock products","578","Norway","5510","Production","21118.03","Meat of mules, fresh or chilled","2023","2023","t","0","A","Official figure",""
"QCL","Crops and livestock products","578","Norway","5417","Yield/Carcass Weight","21113.01","Meat of pig with the bone, fresh or chilled","2010","2010","kg/An","85","A","Official figure",""
"QCL","Crops and livestock products","578","Norway","5510","Production","21113.01","Meat of pig with the bone, fresh or chilled","2010","2010","t","137566","A","Official figure",""
"QCL","Crops and livestock products","578","Norway","5320","Producing Animals/Slaughtered","21113.01","Meat of pig with the bone, fresh or chilled","2010","2010","An","1627488","A","Official figure",""
"QCL","Crops and livestock products","578","Norway","5417","Yield/Carcass Weight","21113.01","Meat of pig with the bone, fresh or chilled","2011","2011","kg/An","85","A","Official figure",""
"QCL","Crops and livestock products","578","Norway","5510","Production","21113.01","Meat of pig with the bone, fresh or chilled","2011","2011","t","139799","A","Official figure",""
"QCL","Crops and livestock products","578","Norway","5320","Producing Animals/Slaughtered","21113.01","Meat of pig with the bone, fresh or chilled","2011","2011","An","1643417","A","Official figure",""
"QCL","Crops and livestock products","578","Norway","5417","Yield/Carcass Weight","21113.01","Meat of pig with the bone, fresh or chilled","2012","2012","kg/An","82","A","Official figure",""
"QCL","Crops and livestock products","578","Norway","5510","Production","21113.01","Meat of pig with the bone, fresh or chilled","2012","2012","t","131559","A","Official figure",""
"QCL","Crops and livestock products","578","Norway","5320","Producing Animals/Slaughtered","21113.01","Meat of pig with the bone, fresh or chilled","2012","2012","An","1599697","A","Official figure",""
"QCL","Crops and livestock products","578","Norway","5417","Yield/Carcass Weight","21113.01","Meat of pig with the bone, fresh or chilled","2013","2013","kg/An","79","A","Official figure",""
"QCL","Crops and livestock products","578","Norway","5510","Production","21113.01","Meat of pig with the bone, fresh or chilled","2013","2013","t","127516","A","Official figure",""
"QCL","Crops and livestock products","578","Norway","5320","Producing Animals/Slaughtered","21113.01","Meat of pig with the bone, fresh or chilled","2013","2013","An","1605477","A","Official figure",""
"QCL","Crops and livestock products","578","Norway","5417","Yield/Carcass Weight","21113.01","Meat of pig with the bone, fresh or chilled","2014","2014","kg/An","81","A","Official figure",""
"QCL","Crops and livestock products","578","Norway","5510","Production","21113.01","Meat of pig with the bone, fresh or chilled","2014","2014","t","128820","A","Official figure",""
"QCL","Crops and livestock products","578","Norway","5320","Producing Animals/Slaughtered","21113.01","Meat of pig with the bone, fresh or chilled","2014","2014","An","1587993","A","Official figure",""
"QCL","Crops and livestock products","578","Norway","5417","Yield/Carcass Weight","21113.01","Meat of pig with the bone, fresh or chilled","2015","2015","kg/An","84","A","Official figure",""
"QCL","Crops and livestock products","578","Norway","5510","Production","21113.01","Meat of pig with the bone, fresh or chilled","2015","2015","t","134669","A","Official figure",""
"QCL","Crops and livestock products","578","Norway","5320","Producing Animals/Slaughtered","21113.01","Meat of pig with the bone, fresh or chilled","2015","2015","An","1604700","A","Official figure",""
"QCL","Crops and livestock products","578","Norway","5417","Yield/Carcass Weight","21113.01","Meat of pig with the bone, fresh or chilled","2016","2016","kg/An","83","A","Official figure",""
"QCL","Crops and livestock products","578","Norway","5510","Production","21113.01","Meat of pig with the bone, fresh or chilled","2016","2016","t","137716","A","Official figure",""
"QCL","Crops and livestock products","578","Norway","5320","Producing Animals/Slaughtered","21113.01","Meat of pig with the bone, fresh or chilled","2016","2016","An","1651378","A","Official figure",""
"QCL","Crops and livestock products","578","Norway","5417","Yield/Carcass Weight","21113.01","Meat of pig with the bone, fresh or chilled","2017","2017","kg/An","83","A","Official figure",""
"QCL","Crops and livestock products","578","Norway","5510","Production","21113.01","Meat of pig with the bone, fresh or chilled","2017","2017","t","137250","A","Official figure",""
"QCL","Crops and livestock products","578","Norway","5320","Producing Animals/Slaughtered","21113.01","Meat of pig with the bone, fresh or chilled","2017","2017","An","1648097","A","Official figure",""
"QCL","Crops and livestock products","578","Norway","5417","Yield/Carcass Weight","21113.01","Meat of pig with the bone, fresh or chilled","2018","2018","kg/An","81","A","Official figure",""
"QCL","Crops and livestock products","578","Norway","5510","Production","21113.01","Meat of pig with the bone, fresh or chilled","2018","2018","t","137316","A","Official figure",""
"QCL","Crops and livestock products","578","Norway","5320","Producing Animals/Slaughtered","21113.01","Meat of pig with the bone, fresh or chilled","2018","2018","An","1703823","A","Official figure",""
"QCL","Crops and livestock products","578","Norway","5417","Yield/Carcass Weight","21113.01","Meat of pig with the bone, fresh or chilled","2019","2019","kg/An","81","A","Official figure",""
"QCL","Crops and livestock products","578","Norway","5510","Production","21113.01","Meat of pig with the bone, fresh or chilled","2019","2019","t","132242","A","Official figure",""
"QCL","Crops and livestock products","578","Norway","5320","Producing Animals/Slaughtered","21113.01","Meat of pig with the bone, fresh or chilled","2019","2019","An","1625295","A","Official figure",""
"QCL","Crops and livestock products","578","Norway","5417","Yield/Carcass Weight","21113.01","Meat of pig with the bone, fresh or chilled","2020","2020","kg/An","84","A","Official figure",""
"QCL","Crops and livestock products","578","Norway","5510","Production","21113.01","Meat of pig with the bone, fresh or chilled","2020","2020","t","131036","A","Official figure",""
"QCL","Crops and livestock products","578","Norway","5320","Producing Animals/Slaughtered","21113.01","Meat of pig with the bone, fresh or chilled","2020","2020","An","1565906","A","Official figure",""
"QCL","Crops and livestock products","578","Norway","5417","Yield/Carcass Weight","21113.01","Meat of pig with the bone, fresh or chilled","2021","2021","kg/An","86","A","Official figure",""
"QCL","Crops and livestock products","578","Norway","5510","Production","21113.01","Meat of pig with the bone, fresh or chilled","2021","2021","t","134172","A","Official figure",""
"QCL","Crops and livestock products","578","Norway","5320","Producing Animals/Slaughtered","21113.01","Meat of pig with the bone, fresh or chilled","2021","2021","An","1556930","A","Official figure",""
"QCL","Crops and livestock products","578","Norway","5417","Yield/Carcass Weight","21113.01","Meat of pig with the bone, fresh or chilled","2022","2022","kg/An","87","A","Official figure",""
"QCL","Crops and livestock products","578","Norway","5510","Production","21113.01","Meat of pig with the bone, fresh or chilled","2022","2022","t","132606","A","Official figure",""
"QCL","Crops and livestock products","578","Norway","5320","Producing Animals/Slaughtered","21113.01","Meat of pig with the bone, fresh or chilled","2022","2022","An","1523500","A","Official figure",""
"QCL","Crops and livestock products","578","Norway","5417","Yield/Carcass Weight","21113.01","Meat of pig with the bone, fresh or chilled","2023","2023","kg/An","86","A","Official figure",""
"QCL","Crops and livestock products","578","Norway","5510","Production","21113.01","Meat of pig with the bone, fresh or chilled","2023","2023","t","131163","A","Official figure",""
"QCL","Crops and livestock products","578","Norway","5320","Producing Animals/Slaughtered","21113.01","Meat of pig with the bone, fresh or chilled","2023","2023","An","1528700","A","Official figure",""
"QCL","Crops and livestock products","578","Norway","5424","Yield/Carcass Weight","21114","Meat of rabbits and hares, fresh or chilled","2010","2010","g/An","1970","E","Estimated value",""
"QCL","Crops and livestock products","578","Norway","5510","Production","21114","Meat of rabbits and hares, fresh or chilled","2010","2010","t","113","A","Official figure",""
"QCL","Crops and livestock products","578","Norway","5321","Producing Animals/Slaughtered","21114","Meat of rabbits and hares, fresh or chilled","2010","2010","1000 An","57","I","Value 
imputed by a
receiving 
agency",""
"QCL","Crops and livestock products","578","Norway","5424","Yield/Carcass Weight","21114","Meat of rabbits and hares, fresh or chilled","2011","2011","g/An","1970","E","Estimated value",""
"QCL","Crops and livestock products","578","Norway","5510","Production","21114","Meat of rabbits and hares, fresh or chilled","2011","2011","t","92","A","Official figure",""
"QCL","Crops and livestock products","578","Norway","5321","Producing Animals/Slaughtered","21114","Meat of rabbits and hares, fresh or chilled","2011","2011","1000 An","47","I","Value 
imputed by a
receiving 
agency",""
"QCL","Crops and livestock products","578","Norway","5424","Yield/Carcass Weight","21114","Meat of rabbits and hares, fresh or chilled","2012","2012","g/An","1970","E","Estimated value",""
"QCL","Crops and livestock products","578","Norway","5510","Production","21114","Meat of rabbits and hares, fresh or chilled","2012","2012","t","71","A","Official figure",""
"QCL","Crops and livestock products","578","Norway","5321","Producing Animals/Slaughtered","21114","Meat of rabbits and hares, fresh or chilled","2012","2012","1000 An","36","I","Value 
imputed by a
receiving 
agency",""
"QCL","Crops and livestock products","578","Norway","5424","Yield/Carcass Weight","21114","Meat of rabbits and hares, fresh or chilled","2013","2013","g/An","1970","E","Estimated value",""
"QCL","Crops and livestock products","578","Norway","5510","Production","21114","Meat of rabbits and hares, fresh or chilled","2013","2013","t","50","A","Official figure",""
"QCL","Crops and livestock products","578","Norway","5321","Producing Animals/Slaughtered","21114","Meat of rabbits and hares, fresh or chilled","2013","2013","1000 An","25","I","Value 
imputed by a
receiving 
agency",""
"QCL","Crops and livestock products","578","Norway","5424","Yield/Carcass Weight","21114","Meat of rabbits and hares, fresh or chilled","2014","2014","g/An","1970","E","Estimated value",""
"QCL","Crops and livestock products","578","Norway","5510","Production","21114","Meat of rabbits and hares, fresh or chilled","2014","2014","t","43","A","Official figure",""
"QCL","Crops and livestock products","578","Norway","5321","Producing Animals/Slaughtered","21114","Meat of rabbits and hares, fresh or chilled","2014","2014","1000 An","22","I","Value 
imputed by a
receiving 
agency",""
"QCL","Crops and livestock products","578","Norway","5424","Yield/Carcass Weight","21114","Meat of rabbits and hares, fresh or chilled","2015","2015","g/An","1970","E","Estimated value",""
"QCL","Crops and livestock products","578","Norway","5510","Production","21114","Meat of rabbits and hares, fresh or chilled","2015","2015","t","40","A","Official figure",""
"QCL","Crops and livestock products","578","Norway","5321","Producing Animals/Slaughtered","21114","Meat of rabbits and hares, fresh or chilled","2015","2015","1000 An","20","I","Value 
imputed by a
receiving 
agency",""
"QCL","Crops and livestock products","578","Norway","5424","Yield/Carcass Weight","21114","Meat of rabbits and hares, fresh or chilled","2016","2016","g/An","1970","E","Estimated value",""
"QCL","Crops and livestock products","578","Norway","5510","Production","21114","Meat of rabbits and hares, fresh or chilled","2016","2016","t","38","A","Official figure",""
"QCL","Crops and livestock products","578","Norway","5321","Producing Animals/Slaughtered","21114","Meat of rabbits and hares, fresh or chilled","2016","2016","1000 An","19","I","Value 
imputed by a
receiving 
agency",""
"QCL","Crops and livestock products","578","Norway","5424","Yield/Carcass Weight","21114","Meat of rabbits and hares, fresh or chilled","2017","2017","g/An","1970","E","Estimated value",""
"QCL","Crops and livestock products","578","Norway","5510","Production","21114","Meat of rabbits and hares, fresh or chilled","2017","2017","t","35","A","Official figure",""
"QCL","Crops and livestock products","578","Norway","5321","Producing Animals/Slaughtered","21114","Meat of rabbits and hares, fresh or chilled","2017","2017","1000 An","18","I","Value 
imputed by a
receiving 
agency",""
"QCL","Crops and livestock products","578","Norway","5424","Yield/Carcass Weight","21114","Meat of rabbits and hares, fresh or chilled","2018","2018","g/An","1970","E","Estimated value",""
"QCL","Crops and livestock products","578","Norway","5510","Production","21114","Meat of rabbits and hares, fresh or chilled","2018","2018","t","32","A","Official figure",""
"QCL","Crops and livestock products","578","Norway","5321","Producing Animals/Slaughtered","21114","Meat of rabbits and hares, fresh or chilled","2018","2018","1000 An","16","I","Value 
imputed by a
receiving 
agency",""
"QCL","Crops and livestock products","578","Norway","5424","Yield/Carcass Weight","21114","Meat of rabbits and hares, fresh or chilled","2019","2019","g/An","1970","E","Estimated value",""
"QCL","Crops and livestock products","578","Norway","5510","Production","21114","Meat of rabbits and hares, fresh or chilled","2019","2019","t","33","A","Official figure",""
"QCL","Crops and livestock products","578","Norway","5321","Producing Animals/Slaughtered","21114","Meat of rabbits and hares, fresh or chilled","2019","2019","1000 An","17","I","Value 
imputed by a
receiving 
agency",""
"QCL","Crops and livestock products","578","Norway","5424","Yield/Carcass Weight","21114","Meat of rabbits and hares, fresh or chilled","2020","2020","g/An","1970","E","Estimated value",""
"QCL","Crops and livestock products","578","Norway","5510","Production","21114","Meat of rabbits and hares, fresh or chilled","2020","2020","t","32","A","Official figure",""
"QCL","Crops and livestock products","578","Norway","5321","Producing Animals/Slaughtered","21114","Meat of rabbits and hares, fresh or chilled","2020","2020","1000 An","16","I","Value 
imputed by a
receiving 
agency",""
"QCL","Crops and livestock products","578","Norway","5424","Yield/Carcass Weight","21114","Meat of rabbits and hares, fresh or chilled","2021","2021","g/An","1970","E","Estimated value",""
"QCL","Crops and livestock products","578","Norway","5510","Production","21114","Meat of rabbits and hares, fresh or chilled","2021","2021","t","32","A","Official figure",""
"QCL","Crops and livestock products","578","Norway","5321","Producing Animals/Slaughtered","21114","Meat of rabbits and hares, fresh or chilled","2021","2021","1000 An","16","I","Value 
imputed by a
receiving 
agency",""
"QCL","Crops and livestock products","578","Norway","5424","Yield/Carcass Weight","21114","Meat of rabbits and hares, fresh or chilled","2022","2022","g/An","1970","E","Estimated value",""
"QCL","Crops and livestock products","578","Norway","5510","Production","21114","Meat of rabbits and hares, fresh or chilled","2022","2022","t","27","A","Official figure",""
"QCL","Crops and livestock products","578","Norway","5321","Producing Animals/Slaughtered","21114","Meat of rabbits and hares, fresh or chilled","2022","2022","1000 An","14","I","Value 
imputed by a
receiving 
agency",""
"QCL","Crops and livestock products","578","Norway","5424","Yield/Carcass Weight","21114","Meat of rabbits and hares, fresh or chilled","2023","2023","g/An","1970","E","Estimated value",""
"QCL","Crops and livestock products","578","Norway","5510","Production","21114","Meat of rabbits and hares, fresh or chilled","2023","2023","t","24","A","Official figure",""
"QCL","Crops and livestock products","578","Norway","5321","Producing Animals/Slaughtered","21114","Meat of rabbits and hares, fresh or chilled","2023","2023","1000 An","12","I","Value 
imputed by a
receiving 
agency",""
"QCL","Crops and livestock products","578","Norway","5417","Yield/Carcass Weight","21115","Meat of sheep, fresh or chilled","2010","2010","kg/An","20","A","Official figure",""
"QCL","Crops and livestock products","578","Norway","5510","Production","21115","Meat of sheep, fresh or chilled","2010","2010","t","24438","A","Official figure",""
"QCL","Crops and livestock products","578","Norway","5320","Producing Animals/Slaughtered","21115","Meat of sheep, fresh or chilled","2010","2010","An","1203824","A","Official figure",""
"QCL","Crops and livestock products","578","Norway","5417","Yield/Carcass Weight","21115","Meat of sheep, fresh or chilled","2011","2011","kg/An","20","A","Official figure",""
"QCL","Crops and livestock products","578","Norway","5510","Production","21115","Meat of sheep, fresh or chilled","2011","2011","t","23382","A","Official figure",""
"QCL","Crops and livestock products","578","Norway","5320","Producing Animals/Slaughtered","21115","Meat of sheep, fresh or chilled","2011","2011","An","1184459","A","Official figure",""
"QCL","Crops and livestock products","578","Norway","5417","Yield/Carcass Weight","21115","Meat of sheep, fresh or chilled","2012","2012","kg/An","20","A","Official figure",""
"QCL","Crops and livestock products","578","Norway","5510","Production","21115","Meat of sheep, fresh or chilled","2012","2012","t","22777","A","Official figure",""
"QCL","Crops and livestock products","578","Norway","5320","Producing Animals/Slaughtered","21115","Meat of sheep, fresh or chilled","2012","2012","An","1133891","A","Official figure",""
"QCL","Crops and livestock products","578","Norway","5417","Yield/Carcass Weight","21115","Meat of sheep, fresh or chilled","2013","2013","kg/An","20","A","Official figure",""
"QCL","Crops and livestock products","578","Norway","5510","Production","21115","Meat of sheep, fresh or chilled","2013","2013","t","23424","A","Official figure",""
"QCL","Crops and livestock products","578","Norway","5320","Producing Animals/Slaughtered","21115","Meat of sheep, fresh or chilled","2013","2013","An","1174920","A","Official figure",""
"QCL","Crops and livestock products","578","Norway","5417","Yield/Carcass Weight","21115","Meat of sheep, fresh or chilled","2014","2014","kg/An","21","A","Official figure",""
"QCL","Crops and livestock products","578","Norway","5510","Production","21115","Meat of sheep, fresh or chilled","2014","2014","t","24156","A","Official figure",""
"QCL","Crops and livestock products","578","Norway","5320","Producing Animals/Slaughtered","21115","Meat of sheep, fresh or chilled","2014","2014","An","1177866","A","Official figure",""
"QCL","Crops and livestock products","578","Norway","5417","Yield/Carcass Weight","21115","Meat of sheep, fresh or chilled","2015","2015","kg/An","21","A","Official figure",""
"QCL","Crops and livestock products","578","Norway","5510","Production","21115","Meat of sheep, fresh or chilled","2015","2015","t","25555","A","Official figure",""
"QCL","Crops and livestock products","578","Norway","5320","Producing Animals/Slaughtered","21115","Meat of sheep, fresh or chilled","2015","2015","An","1227830","A","Official figure",""
"QCL","Crops and livestock products","578","Norway","5417","Yield/Carcass Weight","21115","Meat of sheep, fresh or chilled","2016","2016","kg/An","20","A","Official figure",""
"QCL","Crops and livestock products","578","Norway","5510","Production","21115","Meat of sheep, fresh or chilled","2016","2016","t","25990","A","Official figure",""
"QCL","Crops and livestock products","578","Norway","5320","Producing Animals/Slaughtered","21115","Meat of sheep, fresh or chilled","2016","2016","An","1284601","A","Official figure",""
"QCL","Crops and livestock products","578","Norway","5417","Yield/Carcass Weight","21115","Meat of sheep, fresh or chilled","2017","2017","kg/An","20","A","Official figure",""
"QCL","Crops and livestock products","578","Norway","5510","Production","21115","Meat of sheep, fresh or chilled","2017","2017","t","27445","A","Official figure",""
"QCL","Crops and livestock products","578","Norway","5320","Producing Animals/Slaughtered","21115","Meat of sheep, fresh or chilled","2017","2017","An","1376317","A","Official figure",""
"QCL","Crops and livestock products","578","Norway","5417","Yield/Carcass Weight","21115","Meat of sheep, fresh or chilled","2018","2018","kg/An","20","A","Official figure",""
"QCL","Crops and livestock products","578","Norway","5510","Production","21115","Meat of sheep, fresh or chilled","2018","2018","t","26973","A","Official figure",""
"QCL","Crops and livestock products","578","Norway","5320","Producing Animals/Slaughtered","21115","Meat of sheep, fresh or chilled","2018","2018","An","1351716","A","Official figure",""
"QCL","Crops and livestock products","578","Norway","5417","Yield/Carcass Weight","21115","Meat of sheep, fresh or chilled","2019","2019","kg/An","20","A","Official figure",""
"QCL","Crops and livestock products","578","Norway","5510","Production","21115","Meat of sheep, fresh or chilled","2019","2019","t","24285","A","Official figure",""
"QCL","Crops and livestock products","578","Norway","5320","Producing Animals/Slaughtered","21115","Meat of sheep, fresh or chilled","2019","2019","An","1208744","A","Official figure",""
"QCL","Crops and livestock products","578","Norway","5417","Yield/Carcass Weight","21115","Meat of sheep, fresh or chilled","2020","2020","kg/An","20","A","Official figure",""
"QCL","Crops and livestock products","578","Norway","5510","Production","21115","Meat of sheep, fresh or chilled","2020","2020","t","24561","A","Official figure",""
"QCL","Crops and livestock products","578","Norway","5320","Producing Animals/Slaughtered","21115","Meat of sheep, fresh or chilled","2020","2020","An","1212726","A","Official figure",""
"QCL","Crops and livestock products","578","Norway","5417","Yield/Carcass Weight","21115","Meat of sheep, fresh or chilled","2021","2021","kg/An","20","A","Official figure",""
"QCL","Crops and livestock products","578","Norway","5510","Production","21115","Meat of sheep, fresh or chilled","2021","2021","t","24369","A","Official figure",""
"QCL","Crops and livestock products","578","Norway","5320","Producing Animals/Slaughtered","21115","Meat of sheep, fresh or chilled","2021","2021","An","1200088","A","Official figure",""
"QCL","Crops and livestock products","578","Norway","5417","Yield/Carcass Weight","21115","Meat of sheep, fresh or chilled","2022","2022","kg/An","20","A","Official figure",""
"QCL","Crops and livestock products","578","Norway","5510","Production","21115","Meat of sheep, fresh or chilled","2022","2022","t","23480","A","Official figure",""
"QCL","Crops and livestock products","578","Norway","5320","Producing Animals/Slaughtered","21115","Meat of sheep, fresh or chilled","2022","2022","An","1164900","A","Official figure",""
"QCL","Crops and livestock products","578","Norway","5417","Yield/Carcass Weight","21115","Meat of sheep, fresh or chilled","2023","2023","kg/An","20","A","Official figure",""
"QCL","Crops and livestock products","578","Norway","5510","Production","21115","Meat of sheep, fresh or chilled","2023","2023","t","22370","A","Official figure",""
"QCL","Crops and livestock products","578","Norway","5320","Producing Animals/Slaughtered","21115","Meat of sheep, fresh or chilled","2023","2023","An","1112600","A","Official figure",""
"QCL","Crops and livestock products","578","Norway","5424","Yield/Carcass Weight","21124","Meat of turkeys, fresh or chilled","2010","2010","g/An","7430","A","Official figure",""
"QCL","Crops and livestock products","578","Norway","5510","Production","21124","Meat of turkeys, fresh or chilled","2010","2010","t","8485","A","Official figure",""
"QCL","Crops and livestock products","578","Norway","5321","Producing Animals/Slaughtered","21124","Meat of turkeys, fresh or chilled","2010","2010","1000 An","1142","A","Official figure",""
"QCL","Crops and livestock products","578","Norway","5424","Yield/Carcass Weight","21124","Meat of turkeys, fresh or chilled","2011","2011","g/An","7587","A","Official figure",""
"QCL","Crops and livestock products","578","Norway","5510","Production","21124","Meat of turkeys, fresh or chilled","2011","2011","t","9006","A","Official figure",""
"QCL","Crops and livestock products","578","Norway","5321","Producing Animals/Slaughtered","21124","Meat of turkeys, fresh or chilled","2011","2011","1000 An","1187","A","Official figure",""
"QCL","Crops and livestock products","578","Norway","5424","Yield/Carcass Weight","21124","Meat of turkeys, fresh or chilled","2012","2012","g/An","7806","A","Official figure",""
"QCL","Crops and livestock products","578","Norway","5510","Production","21124","Meat of turkeys, fresh or chilled","2012","2012","t","9851","A","Official figure",""
"QCL","Crops and livestock products","578","Norway","5321","Producing Animals/Slaughtered","21124","Meat of turkeys, fresh or chilled","2012","2012","1000 An","1262","A","Official figure",""
"QCL","Crops and livestock products","578","Norway","5424","Yield/Carcass Weight","21124","Meat of turkeys, fresh or chilled","2013","2013","g/An","8395","A","Official figure",""
"QCL","Crops and livestock products","578","Norway","5510","Production","21124","Meat of turkeys, fresh or chilled","2013","2013","t","9856","A","Official figure",""
"QCL","Crops and livestock products","578","Norway","5321","Producing Animals/Slaughtered","21124","Meat of turkeys, fresh or chilled","2013","2013","1000 An","1174","A","Official figure",""
"QCL","Crops and livestock products","578","Norway","5424","Yield/Carcass Weight","21124","Meat of turkeys, fresh or chilled","2014","2014","g/An","8488","A","Official figure",""
"QCL","Crops and livestock products","578","Norway","5510","Production","21124","Meat of turkeys, fresh or chilled","2014","2014","t","10576","A","Official figure",""
"QCL","Crops and livestock products","578","Norway","5321","Producing Animals/Slaughtered","21124","Meat of turkeys, fresh or chilled","2014","2014","1000 An","1246","A","Official figure",""
"QCL","Crops and livestock products","578","Norway","5424","Yield/Carcass Weight","21124","Meat of turkeys, fresh or chilled","2015","2015","g/An","8660","A","Official figure",""
"QCL","Crops and livestock products","578","Norway","5510","Production","21124","Meat of turkeys, fresh or chilled","2015","2015","t","10920","A","Official figure",""
"QCL","Crops and livestock products","578","Norway","5321","Producing Animals/Slaughtered","21124","Meat of turkeys, fresh or chilled","2015","2015","1000 An","1261","A","Official figure",""
"QCL","Crops and livestock products","578","Norway","5424","Yield/Carcass Weight","21124","Meat of turkeys, fresh or chilled","2016","2016","g/An","8739","A","Official figure",""
"QCL","Crops and livestock products","578","Norway","5510","Production","21124","Meat of turkeys, fresh or chilled","2016","2016","t","10303","A","Official figure",""
"QCL","Crops and livestock products","578","Norway","5321","Producing Animals/Slaughtered","21124","Meat of turkeys, fresh or chilled","2016","2016","1000 An","1179","A","Official figure",""
"QCL","Crops and livestock products","578","Norway","5424","Yield/Carcass Weight","21124","Meat of turkeys, fresh or chilled","2017","2017","g/An","8986","A","Official figure",""
"QCL","Crops and livestock products","578","Norway","5510","Production","21124","Meat of turkeys, fresh or chilled","2017","2017","t","9319","A","Official figure",""
"QCL","Crops and livestock products","578","Norway","5321","Producing Animals/Slaughtered","21124","Meat of turkeys, fresh or chilled","2017","2017","1000 An","1037","A","Official figure",""
"QCL","Crops and livestock products","578","Norway","5424","Yield/Carcass Weight","21124","Meat of turkeys, fresh or chilled","2018","2018","g/An","9206","A","Official figure",""
"QCL","Crops and livestock products","578","Norway","5510","Production","21124","Meat of turkeys, fresh or chilled","2018","2018","t","7595","A","Official figure",""
"QCL","Crops and livestock products","578","Norway","5321","Producing Animals/Slaughtered","21124","Meat of turkeys, fresh or chilled","2018","2018","1000 An","825","A","Official figure",""
"QCL","Crops and livestock products","578","Norway","5424","Yield/Carcass Weight","21124","Meat of turkeys, fresh or chilled","2019","2019","g/An","9258","A","Official figure",""
"QCL","Crops and livestock products","578","Norway","5510","Production","21124","Meat of turkeys, fresh or chilled","2019","2019","t","7619","A","Official figure",""
"QCL","Crops and livestock products","578","Norway","5321","Producing Animals/Slaughtered","21124","Meat of turkeys, fresh or chilled","2019","2019","1000 An","823","A","Official figure",""
"QCL","Crops and livestock products","578","Norway","5424","Yield/Carcass Weight","21124","Meat of turkeys, fresh or chilled","2020","2020","g/An","9112","A","Official figure",""
"QCL","Crops and livestock products","578","Norway","5510","Production","21124","Meat of turkeys, fresh or chilled","2020","2020","t","8137","A","Official figure",""
"QCL","Crops and livestock products","578","Norway","5321","Producing Animals/Slaughtered","21124","Meat of turkeys, fresh or chilled","2020","2020","1000 An","893","A","Official figure",""
"QCL","Crops and livestock products","578","Norway","5424","Yield/Carcass Weight","21124","Meat of turkeys, fresh or chilled","2021","2021","g/An","9294","A","Official figure",""
"QCL","Crops and livestock products","578","Norway","5510","Production","21124","Meat of turkeys, fresh or chilled","2021","2021","t","8569","A","Official figure",""
"QCL","Crops and livestock products","578","Norway","5321","Producing Animals/Slaughtered","21124","Meat of turkeys, fresh or chilled","2021","2021","1000 An","922","A","Official figure",""
"QCL","Crops and livestock products","578","Norway","5424","Yield/Carcass Weight","21124","Meat of turkeys, fresh or chilled","2022","2022","g/An","9329","A","Official figure",""
"QCL","Crops and livestock products","578","Norway","5510","Production","21124","Meat of turkeys, fresh or chilled","2022","2022","t","8359","A","Official figure",""
"QCL","Crops and livestock products","578","Norway","5321","Producing Animals/Slaughtered","21124","Meat of turkeys, fresh or chilled","2022","2022","1000 An","896","A","Official figure",""
"QCL","Crops and livestock products","578","Norway","5424","Yield/Carcass Weight","21124","Meat of turkeys, fresh or chilled","2023","2023","g/An","9426","A","Official figure",""
"QCL","Crops and livestock products","578","Norway","5510","Production","21124","Meat of turkeys, fresh or chilled","2023","2023","t","8615","A","Official figure",""
"QCL","Crops and livestock products","578","Norway","5321","Producing Animals/Slaughtered","21124","Meat of turkeys, fresh or chilled","2023","2023","1000 An","914","A","Official figure",""
"QCL","Crops and livestock products","578","Norway","5312","Area harvested","01199.02","Mixed grain","2010","2010","ha","","M","Missing value; data cannot exist",""
"QCL","Crops and livestock products","578","Norway","5510","Production","01199.02","Mixed grain","2010","2010","t","","M","Missing value; data cannot exist",""
"QCL","Crops and livestock products","578","Norway","5312","Area harvested","01199.02","Mixed grain","2011","2011","ha","","M","Missing value; data cannot exist",""
"QCL","Crops and livestock products","578","Norway","5510","Production","01199.02","Mixed grain","2011","2011","t","","M","Missing value; data cannot exist",""
"QCL","Crops and livestock products","578","Norway","5312","Area harvested","01199.02","Mixed grain","2012","2012","ha","","M","Missing value; data cannot exist",""
"QCL","Crops and livestock products","578","Norway","5510","Production","01199.02","Mixed grain","2012","2012","t","","M","Missing value; data cannot exist",""
"QCL","Crops and livestock products","578","Norway","5312","Area harvested","01199.02","Mixed grain","2013","2013","ha","","M","Missing value; data cannot exist",""
"QCL","Crops and livestock products","578","Norway","5510","Production","01199.02","Mixed grain","2013","2013","t","","M","Missing value; data cannot exist",""
"QCL","Crops and livestock products","578","Norway","5312","Area harvested","01199.02","Mixed grain","2014","2014","ha","","M","Missing value; data cannot exist",""
"QCL","Crops and livestock products","578","Norway","5510","Production","01199.02","Mixed grain","2014","2014","t","","M","Missing value; data cannot exist",""
"QCL","Crops and livestock products","578","Norway","5312","Area harvested","01199.02","Mixed grain","2015","2015","ha","","M","Missing value; data cannot exist",""
"QCL","Crops and livestock products","578","Norway","5510","Production","01199.02","Mixed grain","2015","2015","t","","M","Missing value; data cannot exist",""
"QCL","Crops and livestock products","578","Norway","5312","Area harvested","01199.02","Mixed grain","2016","2016","ha","","M","Missing value; data cannot exist",""
"QCL","Crops and livestock products","578","Norway","5510","Production","01199.02","Mixed grain","2016","2016","t","","M","Missing value; data cannot exist",""
"QCL","Crops and livestock products","578","Norway","5312","Area harvested","01199.02","Mixed grain","2017","2017","ha","","M","Missing value; data cannot exist",""
"QCL","Crops and livestock products","578","Norway","5510","Production","01199.02","Mixed grain","2017","2017","t","","M","Missing value; data cannot exist",""
"QCL","Crops and livestock products","578","Norway","5312","Area harvested","01199.02","Mixed grain","2018","2018","ha","","M","Missing value; data cannot exist",""
"QCL","Crops and livestock products","578","Norway","5510","Production","01199.02","Mixed grain","2018","2018","t","","M","Missing value; data cannot exist",""
"QCL","Crops and livestock products","578","Norway","5312","Area harvested","01199.02","Mixed grain","2019","2019","ha","","M","Missing value; data cannot exist",""
"QCL","Crops and livestock products","578","Norway","5510","Production","01199.02","Mixed grain","2019","2019","t","","M","Missing value; data cannot exist",""
"QCL","Crops and livestock products","578","Norway","5312","Area harvested","01199.02","Mixed grain","2020","2020","ha","","M","Missing value; data cannot exist",""
"QCL","Crops and livestock products","578","Norway","5510","Production","01199.02","Mixed grain","2020","2020","t","","M","Missing value; data cannot exist",""
"QCL","Crops and livestock products","578","Norway","5312","Area harvested","01199.02","Mixed grain","2021","2021","ha","","M","Missing value; data cannot exist",""
"QCL","Crops and livestock products","578","Norway","5510","Production","01199.02","Mixed grain","2021","2021","t","","M","Missing value; data cannot exist",""
"QCL","Crops and livestock products","578","Norway","5312","Area harvested","01199.02","Mixed grain","2022","2022","ha","","M","Missing value; data cannot exist",""
"QCL","Crops and livestock products","578","Norway","5510","Production","01199.02","Mixed grain","2022","2022","t","","M","Missing value; data cannot exist",""
"QCL","Crops and livestock products","578","Norway","5312","Area harvested","01199.02","Mixed grain","2023","2023","ha","","M","Missing value; data cannot exist",""
"QCL","Crops and livestock products","578","Norway","5510","Production","01199.02","Mixed grain","2023","2023","t","","M","Missing value; data cannot exist",""
"QCL","Crops and livestock products","578","Norway","5510","Production","02910","Natural honey","2010","2010","t","1330","A","Official figure",""
"QCL","Crops and livestock products","578","Norway","5510","Production","02910","Natural honey","2011","2011","t","1030","A","Official figure",""
"QCL","Crops and livestock products","578","Norway","5510","Production","02910","Natural honey","2012","2012","t","1020","A","Official figure",""
"QCL","Crops and livestock products","578","Norway","5510","Production","02910","Natural honey","2013","2013","t","940","A","Official figure",""
"QCL","Crops and livestock products","578","Norway","5510","Production","02910","Natural honey","2014","2014","t","1010","A","Official figure",""
"QCL","Crops and livestock products","578","Norway","5510","Production","02910","Natural honey","2015","2015","t","940","A","Official figure",""
"QCL","Crops and livestock products","578","Norway","5510","Production","02910","Natural honey","2016","2016","t","1150","A","Official figure",""
"QCL","Crops and livestock products","578","Norway","5510","Production","02910","Natural honey","2017","2017","t","1250","A","Official figure",""
"QCL","Crops and livestock products","578","Norway","5510","Production","02910","Natural honey","2018","2018","t","1390","A","Official figure",""
"QCL","Crops and livestock products","578","Norway","5510","Production","02910","Natural honey","2019","2019","t","1630","A","Official figure",""
"QCL","Crops and livestock products","578","Norway","5510","Production","02910","Natural honey","2020","2020","t","1730","A","Official figure",""
"QCL","Crops and livestock products","578","Norway","5510","Production","02910","Natural honey","2021","2021","t","1690","A","Official figure",""
"QCL","Crops and livestock products","578","Norway","5510","Production","02910","Natural honey","2022","2022","t","1690","A","Official figure",""
"QCL","Crops and livestock products","578","Norway","5510","Production","02910","Natural honey","2023","2023","t","1510","A","Official figure",""
"QCL","Crops and livestock products","578","Norway","5312","Area harvested","0117","Oats","2010","2010","ha","76114","A","Official figure",""
"QCL","Crops and livestock products","578","Norway","5412","Yield","0117","Oats","2010","2010","kg/ha","3928.3","A","Official figure",""
"QCL","Crops and livestock products","578","Norway","5510","Production","0117","Oats","2010","2010","t","299000","A","Official figure",""
"QCL","Crops and livestock products","578","Norway","5312","Area harvested","0117","Oats","2011","2011","ha","71605","A","Official figure",""
"QCL","Crops and livestock products","578","Norway","5412","Yield","0117","Oats","2011","2011","kg/ha","3230.2","A","Official figure",""
"QCL","Crops and livestock products","578","Norway","5510","Production","0117","Oats","2011","2011","t","231300","A","Official figure",""
"QCL","Crops and livestock products","578","Norway","5312","Area harvested","0117","Oats","2012","2012","ha","69219","A","Official figure",""
"QCL","Crops and livestock products","578","Norway","5412","Yield","0117","Oats","2012","2012","kg/ha","3350.2","A","Official figure",""
"QCL","Crops and livestock products","578","Norway","5510","Production","0117","Oats","2012","2012","t","231900","A","Official figure",""
"QCL","Crops and livestock products","578","Norway","5312","Area harvested","0117","Oats","2013","2013","ha","68817","A","Official figure",""
"QCL","Crops and livestock products","578","Norway","5412","Yield","0117","Oats","2013","2013","kg/ha","3257.9","A","Official figure",""
"QCL","Crops and livestock products","578","Norway","5510","Production","0117","Oats","2013","2013","t","224200","A","Official figure",""
"QCL","Crops and livestock products","578","Norway","5312","Area harvested","0117","Oats","2014","2014","ha","71977","A","Official figure",""
"QCL","Crops and livestock products","578","Norway","5412","Yield","0117","Oats","2014","2014","kg/ha","3931.8","A","Official figure",""
"QCL","Crops and livestock products","578","Norway","5510","Production","0117","Oats","2014","2014","t","283000","A","Official figure",""
"QCL","Crops and livestock products","578","Norway","5312","Area harvested","0117","Oats","2015","2015","ha","63255","A","Official figure",""
"QCL","Crops and livestock products","578","Norway","5412","Yield","0117","Oats","2015","2015","kg/ha","4518.2","A","Official figure",""
"QCL","Crops and livestock products","578","Norway","5510","Production","0117","Oats","2015","2015","t","285800","A","Official figure",""
"QCL","Crops and livestock products","578","Norway","5312","Area harvested","0117","Oats","2016","2016","ha","76169","A","Official figure",""
"QCL","Crops and livestock products","578","Norway","5412","Yield","0117","Oats","2016","2016","kg/ha","4709.3","A","Official figure",""
"QCL","Crops and livestock products","578","Norway","5510","Production","0117","Oats","2016","2016","t","358700","A","Official figure",""
"QCL","Crops and livestock products","578","Norway","5312","Area harvested","0117","Oats","2017","2017","ha","67621","A","Official figure",""
"QCL","Crops and livestock products","578","Norway","5412","Yield","0117","Oats","2017","2017","kg/ha","4180.7","A","Official figure",""
"QCL","Crops and livestock products","578","Norway","5510","Production","0117","Oats","2017","2017","t","282700","A","Official figure",""
"QCL","Crops and livestock products","578","Norway","5312","Area harvested","0117","Oats","2018","2018","ha","69830","A","Official figure",""
"QCL","Crops and livestock products","578","Norway","5412","Yield","0117","Oats","2018","2018","kg/ha","2242.6","A","Official figure",""
"QCL","Crops and livestock products","578","Norway","5510","Production","0117","Oats","2018","2018","t","156600","A","Official figure",""
"QCL","Crops and livestock products","578","Norway","5312","Area harvested","0117","Oats","2019","2019","ha","55098","A","Official figure",""
"QCL","Crops and livestock products","578","Norway","5412","Yield","0117","Oats","2019","2019","kg/ha","4170.8","A","Official figure",""
"QCL","Crops and livestock products","578","Norway","5510","Production","0117","Oats","2019","2019","t","229800","A","Official figure",""
"QCL","Crops and livestock products","578","Norway","5312","Area harvested","0117","Oats","2020","2020","ha","66548","A","Official figure",""
"QCL","Crops and livestock products","578","Norway","5412","Yield","0117","Oats","2020","2020","kg/ha","4740.9","A","Official figure",""
"QCL","Crops and livestock products","578","Norway","5510","Production","0117","Oats","2020","2020","t","315500","A","Official figure",""
"QCL","Crops and livestock products","578","Norway","5312","Area harvested","0117","Oats","2021","2021","ha","68518","A","Official figure",""
"QCL","Crops and livestock products","578","Norway","5412","Yield","0117","Oats","2021","2021","kg/ha","3926","A","Official figure",""
"QCL","Crops and livestock products","578","Norway","5510","Production","0117","Oats","2021","2021","t","269000","A","Official figure",""
"QCL","Crops and livestock products","578","Norway","5312","Area harvested","0117","Oats","2022","2022","ha","63074","A","Official figure",""
"QCL","Crops and livestock products","578","Norway","5412","Yield","0117","Oats","2022","2022","kg/ha","4613.6","A","Official figure",""
"QCL","Crops and livestock products","578","Norway","5510","Production","0117","Oats","2022","2022","t","291000","A","Official figure",""
"QCL","Crops and livestock products","578","Norway","5312","Area harvested","0117","Oats","2023","2023","ha","68449","A","Official figure",""
"QCL","Crops and livestock products","578","Norway","5412","Yield","0117","Oats","2023","2023","kg/ha","2615.1","A","Official figure",""
"QCL","Crops and livestock products","578","Norway","5510","Production","0117","Oats","2023","2023","t","179000","A","Official figure",""
"QCL","Crops and livestock products","578","Norway","5510","Production","21691.12","Oil of linseed","2010","2010","t","944.64","I","Value 
imputed by a
receiving 
agency",""
"QCL","Crops and livestock products","578","Norway","5510","Production","21691.12","Oil of linseed","2011","2011","t","1015.92","I","Value 
imputed by a
receiving 
agency",""
"QCL","Crops and livestock products","578","Norway","5510","Production","21691.12","Oil of linseed","2012","2012","t","1085.04","I","Value 
imputed by a
receiving 
agency",""
"QCL","Crops and livestock products","578","Norway","5510","Production","21691.12","Oil of linseed","2013","2013","t","1085.76","I","Value 
imputed by a
receiving 
agency",""
"QCL","Crops and livestock products","578","Norway","5510","Production","21691.12","Oil of linseed","2021","2021","t","533.7","I","Value 
imputed by a
receiving 
agency",""
"QCL","Crops and livestock products","578","Norway","5510","Production","21691.12","Oil of linseed","2022","2022","t","324.26","I","Value 
imputed by a
receiving 
agency",""
"QCL","Crops and livestock products","578","Norway","5510","Production","21691.02","Oil of maize","2010","2010","t","","M","Missing value; data cannot exist",""
"QCL","Crops and livestock products","578","Norway","5510","Production","21691.07","Oil of sesame seed","2010","2010","t","","M","Missing value; data cannot exist",""
"QCL","Crops and livestock products","578","Norway","5312","Area harvested","01253.01","Onions and shallots, green","2010","2010","ha","845","A","Official figure",""
"QCL","Crops and livestock products","578","Norway","5412","Yield","01253.01","Onions and shallots, green","2010","2010","kg/ha","26688.8","A","Official figure",""
"QCL","Crops and livestock products","578","Norway","5510","Production","01253.01","Onions and shallots, green","2010","2010","t","22552","A","Official figure",""
"QCL","Crops and livestock products","578","Norway","5312","Area harvested","01253.01","Onions and shallots, green","2011","2011","ha","932","A","Official figure",""
"QCL","Crops and livestock products","578","Norway","5412","Yield","01253.01","Onions and shallots, green","2011","2011","kg/ha","24751.1","A","Official figure",""
"QCL","Crops and livestock products","578","Norway","5510","Production","01253.01","Onions and shallots, green","2011","2011","t","23068","A","Official figure",""
"QCL","Crops and livestock products","578","Norway","5312","Area harvested","01253.01","Onions and shallots, green","2012","2012","ha","898","A","Official figure",""
"QCL","Crops and livestock products","578","Norway","5412","Yield","01253.01","Onions and shallots, green","2012","2012","kg/ha","24525.6","A","Official figure",""
"QCL","Crops and livestock products","578","Norway","5510","Production","01253.01","Onions and shallots, green","2012","2012","t","22024","A","Official figure",""
"QCL","Crops and livestock products","578","Norway","5312","Area harvested","01253.01","Onions and shallots, green","2013","2013","ha","993","A","Official figure",""
"QCL","Crops and livestock products","578","Norway","5412","Yield","01253.01","Onions and shallots, green","2013","2013","kg/ha","25565","A","Official figure",""
"QCL","Crops and livestock products","578","Norway","5510","Production","01253.01","Onions and shallots, green","2013","2013","t","25386","A","Official figure",""
"QCL","Crops and livestock products","578","Norway","5312","Area harvested","01253.01","Onions and shallots, green","2014","2014","ha","1109","A","Official figure",""
"QCL","Crops and livestock products","578","Norway","5412","Yield","01253.01","Onions and shallots, green","2014","2014","kg/ha","25332.7","A","Official figure",""
"QCL","Crops and livestock products","578","Norway","5510","Production","01253.01","Onions and shallots, green","2014","2014","t","28094","A","Official figure",""
"QCL","Crops and livestock products","578","Norway","5312","Area harvested","01253.01","Onions and shallots, green","2015","2015","ha","1145","A","Official figure",""
"QCL","Crops and livestock products","578","Norway","5412","Yield","01253.01","Onions and shallots, green","2015","2015","kg/ha","26849.8","A","Official figure",""
"QCL","Crops and livestock products","578","Norway","5510","Production","01253.01","Onions and shallots, green","2015","2015","t","30743","A","Official figure",""
"QCL","Crops and livestock products","578","Norway","5312","Area harvested","01253.01","Onions and shallots, green","2016","2016","ha","1121","A","Official figure",""
"QCL","Crops and livestock products","578","Norway","5412","Yield","01253.01","Onions and shallots, green","2016","2016","kg/ha","28580.7","A","Official figure",""
"QCL","Crops and livestock products","578","Norway","5510","Production","01253.01","Onions and shallots, green","2016","2016","t","32039","A","Official figure",""
"QCL","Crops and livestock products","578","Norway","5312","Area harvested","01253.01","Onions and shallots, green","2017","2017","ha","1075","A","Official figure",""
"QCL","Crops and livestock products","578","Norway","5412","Yield","01253.01","Onions and shallots, green","2017","2017","kg/ha","25290.6","A","Official figure",""
"QCL","Crops and livestock products","578","Norway","5510","Production","01253.01","Onions and shallots, green","2017","2017","t","27195","A","Official figure",""
"QCL","Crops and livestock products","578","Norway","5312","Area harvested","01253.01","Onions and shallots, green","2018","2018","ha","1144","A","Official figure",""
"QCL","Crops and livestock products","578","Norway","5412","Yield","01253.01","Onions and shallots, green","2018","2018","kg/ha","16633.7","A","Official figure",""
"QCL","Crops and livestock products","578","Norway","5510","Production","01253.01","Onions and shallots, green","2018","2018","t","19034","A","Official figure",""
"QCL","Crops and livestock products","578","Norway","5312","Area harvested","01253.01","Onions and shallots, green","2019","2019","ha","1092","A","Official figure",""
"QCL","Crops and livestock products","578","Norway","5412","Yield","01253.01","Onions and shallots, green","2019","2019","kg/ha","27448.7","A","Official figure",""
"QCL","Crops and livestock products","578","Norway","5510","Production","01253.01","Onions and shallots, green","2019","2019","t","29974","A","Official figure",""
"QCL","Crops and livestock products","578","Norway","5312","Area harvested","01253.01","Onions and shallots, green","2020","2020","ha","1116","A","Official figure",""
"QCL","Crops and livestock products","578","Norway","5412","Yield","01253.01","Onions and shallots, green","2020","2020","kg/ha","26712.4","A","Official figure",""
"QCL","Crops and livestock products","578","Norway","5510","Production","01253.01","Onions and shallots, green","2020","2020","t","29811","A","Official figure",""
"QCL","Crops and livestock products","578","Norway","5312","Area harvested","01253.01","Onions and shallots, green","2021","2021","ha","1076","A","Official figure",""
"QCL","Crops and livestock products","578","Norway","5412","Yield","01253.01","Onions and shallots, green","2021","2021","kg/ha","27222.1","A","Official figure",""
"QCL","Crops and livestock products","578","Norway","5510","Production","01253.01","Onions and shallots, green","2021","2021","t","29291","A","Official figure",""
"QCL","Crops and livestock products","578","Norway","5312","Area harvested","01253.01","Onions and shallots, green","2022","2022","ha","1006","A","Official figure",""
"QCL","Crops and livestock products","578","Norway","5412","Yield","01253.01","Onions and shallots, green","2022","2022","kg/ha","22989.1","A","Official figure",""
"QCL","Crops and livestock products","578","Norway","5510","Production","01253.01","Onions and shallots, green","2022","2022","t","23127","A","Official figure",""
"QCL","Crops and livestock products","578","Norway","5312","Area harvested","01253.01","Onions and shallots, green","2023","2023","ha","1047","A","Official figure",""
"QCL","Crops and livestock products","578","Norway","5412","Yield","01253.01","Onions and shallots, green","2023","2023","kg/ha","24168.1","A","Official figure",""
"QCL","Crops and livestock products","578","Norway","5510","Production","01253.01","Onions and shallots, green","2023","2023","t","25304","A","Official figure",""
"QCL","Crops and livestock products","578","Norway","5312","Area harvested","01241.90","Other beans, green","2010","2010","ha","76","A","Official figure",""
"QCL","Crops and livestock products","578","Norway","5412","Yield","01241.90","Other beans, green","2010","2010","kg/ha","10000","A","Official figure",""
"QCL","Crops and livestock products","578","Norway","5510","Production","01241.90","Other beans, green","2010","2010","t","760","A","Official figure",""
"QCL","Crops and livestock products","578","Norway","5312","Area harvested","01241.90","Other beans, green","2011","2011","ha","69","A","Official figure",""
"QCL","Crops and livestock products","578","Norway","5412","Yield","01241.90","Other beans, green","2011","2011","kg/ha","6087","A","Official figure",""
"QCL","Crops and livestock products","578","Norway","5510","Production","01241.90","Other beans, green","2011","2011","t","420","A","Official figure",""
"QCL","Crops and livestock products","578","Norway","5312","Area harvested","01241.90","Other beans, green","2012","2012","ha","76","A","Official figure",""
"QCL","Crops and livestock products","578","Norway","5412","Yield","01241.90","Other beans, green","2012","2012","kg/ha","4986.8","A","Official figure",""
"QCL","Crops and livestock products","578","Norway","5510","Production","01241.90","Other beans, green","2012","2012","t","379","A","Official figure",""
"QCL","Crops and livestock products","578","Norway","5312","Area harvested","01241.90","Other beans, green","2013","2013","ha","80","E","Estimated value",""
"QCL","Crops and livestock products","578","Norway","5412","Yield","01241.90","Other beans, green","2013","2013","kg/ha","8475","E","Estimated value",""
"QCL","Crops and livestock products","578","Norway","5510","Production","01241.90","Other beans, green","2013","2013","t","678","A","Official figure",""
"QCL","Crops and livestock products","578","Norway","5312","Area harvested","01241.90","Other beans, green","2014","2014","ha","89","I","Value 
imputed by a
receiving 
agency",""
"QCL","Crops and livestock products","578","Norway","5412","Yield","01241.90","Other beans, green","2014","2014","kg/ha","8071.6","E","Estimated value",""
"QCL","Crops and livestock products","578","Norway","5510","Production","01241.90","Other beans, green","2014","2014","t","721","A","Official figure",""
"QCL","Crops and livestock products","578","Norway","5312","Area harvested","01241.90","Other beans, green","2015","2015","ha","94","I","Value 
imputed by a
receiving 
agency",""
"QCL","Crops and livestock products","578","Norway","5412","Yield","01241.90","Other beans, green","2015","2015","kg/ha","7707.6","E","Estimated value",""
"QCL","Crops and livestock products","578","Norway","5510","Production","01241.90","Other beans, green","2015","2015","t","721","A","Official figure",""
"QCL","Crops and livestock products","578","Norway","5312","Area harvested","01241.90","Other beans, green","2016","2016","ha","128","I","Value 
imputed by a
receiving 
agency",""
"QCL","Crops and livestock products","578","Norway","5412","Yield","01241.90","Other beans, green","2016","2016","kg/ha","7767.8","E","Estimated value",""
"QCL","Crops and livestock products","578","Norway","5510","Production","01241.90","Other beans, green","2016","2016","t","995","A","Official figure",""
"QCL","Crops and livestock products","578","Norway","5312","Area harvested","01241.90","Other beans, green","2017","2017","ha","131","I","Value 
imputed by a
receiving 
agency",""
"QCL","Crops and livestock products","578","Norway","5412","Yield","01241.90","Other beans, green","2017","2017","kg/ha","7856.5","E","Estimated value",""
"QCL","Crops and livestock products","578","Norway","5510","Production","01241.90","Other beans, green","2017","2017","t","1032","A","Official figure",""
"QCL","Crops and livestock products","578","Norway","5312","Area harvested","01241.90","Other beans, green","2018","2018","ha","145","I","Value 
imputed by a
receiving 
agency",""
"QCL","Crops and livestock products","578","Norway","5412","Yield","01241.90","Other beans, green","2018","2018","kg/ha","7807.7","E","Estimated value",""
"QCL","Crops and livestock products","578","Norway","5510","Production","01241.90","Other beans, green","2018","2018","t","1131","A","Official figure",""
"QCL","Crops and livestock products","578","Norway","5312","Area harvested","01241.90","Other beans, green","2019","2019","ha","166","I","Value 
imputed by a
receiving 
agency",""
"QCL","Crops and livestock products","578","Norway","5412","Yield","01241.90","Other beans, green","2019","2019","kg/ha","7858.9","E","Estimated value",""
"QCL","Crops and livestock products","578","Norway","5510","Production","01241.90","Other beans, green","2019","2019","t","1308","A","Official figure",""
"QCL","Crops and livestock products","578","Norway","5312","Area harvested","01241.90","Other beans, green","2020","2020","ha","143","I","Value 
imputed by a
receiving 
agency",""
"QCL","Crops and livestock products","578","Norway","5412","Yield","01241.90","Other beans, green","2020","2020","kg/ha","7824.1","E","Estimated value",""
"QCL","Crops and livestock products","578","Norway","5510","Production","01241.90","Other beans, green","2020","2020","t","1116.08","I","Value 
imputed by a
receiving 
agency",""
"QCL","Crops and livestock products","578","Norway","5312","Area harvested","01241.90","Other beans, green","2021","2021","ha","133","I","Value 
imputed by a
receiving 
agency",""
"QCL","Crops and livestock products","578","Norway","5412","Yield","01241.90","Other beans, green","2021","2021","kg/ha","7787.4","E","Estimated value",""
"QCL","Crops and livestock products","578","Norway","5510","Production","01241.90","Other beans, green","2021","2021","t","1039.11","I","Value 
imputed by a
receiving 
agency",""
"QCL","Crops and livestock products","578","Norway","5312","Area harvested","01241.90","Other beans, green","2022","2022","ha","143","I","Value 
imputed by a
receiving 
agency",""
"QCL","Crops and livestock products","578","Norway","5412","Yield","01241.90","Other beans, green","2022","2022","kg/ha","7769.2","E","Estimated value",""
"QCL","Crops and livestock products","578","Norway","5510","Production","01241.90","Other beans, green","2022","2022","t","1114.55","I","Value 
imputed by a
receiving 
agency",""
"QCL","Crops and livestock products","578","Norway","5312","Area harvested","01241.90","Other beans, green","2023","2023","ha","147","I","Value 
imputed by a
receiving 
agency",""
"QCL","Crops and livestock products","578","Norway","5412","Yield","01241.90","Other beans, green","2023","2023","kg/ha","7751.1","E","Estimated value",""
"QCL","Crops and livestock products","578","Norway","5510","Production","01241.90","Other beans, green","2023","2023","t","1143.27","I","Value 
imputed by a
receiving 
agency",""
"QCL","Crops and livestock products","578","Norway","5312","Area harvested","01355.90","Other berries and fruits of the genus vaccinium n.e.c.","2010","2010","ha","90","A","Official figure",""
"QCL","Crops and livestock products","578","Norway","5412","Yield","01355.90","Other berries and fruits of the genus vaccinium n.e.c.","2010","2010","kg/ha","2822.2","A","Official figure",""
"QCL","Crops and livestock products","578","Norway","5510","Production","01355.90","Other berries and fruits of the genus vaccinium n.e.c.","2010","2010","t","254","A","Official figure",""
"QCL","Crops and livestock products","578","Norway","5312","Area harvested","01355.90","Other berries and fruits of the genus vaccinium n.e.c.","2011","2011","ha","45","A","Official figure",""
"QCL","Crops and livestock products","578","Norway","5412","Yield","01355.90","Other berries and fruits of the genus vaccinium n.e.c.","2011","2011","kg/ha","1755.6","A","Official figure",""
"QCL","Crops and livestock products","578","Norway","5510","Production","01355.90","Other berries and fruits of the genus vaccinium n.e.c.","2011","2011","t","79","A","Official figure",""
"QCL","Crops and livestock products","578","Norway","5312","Area harvested","01355.90","Other berries and fruits of the genus vaccinium n.e.c.","2012","2012","ha","41","A","Official figure",""
"QCL","Crops and livestock products","578","Norway","5412","Yield","01355.90","Other berries and fruits of the genus vaccinium n.e.c.","2012","2012","kg/ha","2658.5","A","Official figure",""
"QCL","Crops and livestock products","578","Norway","5510","Production","01355.90","Other berries and fruits of the genus vaccinium n.e.c.","2012","2012","t","109","A","Official figure",""
"QCL","Crops and livestock products","578","Norway","5312","Area harvested","01355.90","Other berries and fruits of the genus vaccinium n.e.c.","2013","2013","ha","37","A","Official figure",""
"QCL","Crops and livestock products","578","Norway","5412","Yield","01355.90","Other berries and fruits of the genus vaccinium n.e.c.","2013","2013","kg/ha","2189.2","A","Official figure",""
"QCL","Crops and livestock products","578","Norway","5510","Production","01355.90","Other berries and fruits of the genus vaccinium n.e.c.","2013","2013","t","81","A","Official figure",""
"QCL","Crops and livestock products","578","Norway","5312","Area harvested","01355.90","Other berries and fruits of the genus vaccinium n.e.c.","2014","2014","ha","42","A","Official figure",""
"QCL","Crops and livestock products","578","Norway","5412","Yield","01355.90","Other berries and fruits of the genus vaccinium n.e.c.","2014","2014","kg/ha","2261.9","A","Official figure",""
"QCL","Crops and livestock products","578","Norway","5510","Production","01355.90","Other berries and fruits of the genus vaccinium n.e.c.","2014","2014","t","95","A","Official figure",""
"QCL","Crops and livestock products","578","Norway","5312","Area harvested","01355.90","Other berries and fruits of the genus vaccinium n.e.c.","2015","2015","ha","55","A","Official figure",""
"QCL","Crops and livestock products","578","Norway","5412","Yield","01355.90","Other berries and fruits of the genus vaccinium n.e.c.","2015","2015","kg/ha","2690.9","A","Official figure",""
"QCL","Crops and livestock products","578","Norway","5510","Production","01355.90","Other berries and fruits of the genus vaccinium n.e.c.","2015","2015","t","148","A","Official figure",""
"QCL","Crops and livestock products","578","Norway","5312","Area harvested","01355.90","Other berries and fruits of the genus vaccinium n.e.c.","2016","2016","ha","63","A","Official figure",""
"QCL","Crops and livestock products","578","Norway","5412","Yield","01355.90","Other berries and fruits of the genus vaccinium n.e.c.","2016","2016","kg/ha","3063.5","A","Official figure",""
"QCL","Crops and livestock products","578","Norway","5510","Production","01355.90","Other berries and fruits of the genus vaccinium n.e.c.","2016","2016","t","193","A","Official figure",""
"QCL","Crops and livestock products","578","Norway","5312","Area harvested","01355.90","Other berries and fruits of the genus vaccinium n.e.c.","2017","2017","ha","55","A","Official figure",""
"QCL","Crops and livestock products","578","Norway","5412","Yield","01355.90","Other berries and fruits of the genus vaccinium n.e.c.","2017","2017","kg/ha","2218.2","A","Official figure",""
"QCL","Crops and livestock products","578","Norway","5510","Production","01355.90","Other berries and fruits of the genus vaccinium n.e.c.","2017","2017","t","122","A","Official figure",""
"QCL","Crops and livestock products","578","Norway","5312","Area harvested","01355.90","Other berries and fruits of the genus vaccinium n.e.c.","2018","2018","ha","54","A","Official figure",""
"QCL","Crops and livestock products","578","Norway","5412","Yield","01355.90","Other berries and fruits of the genus vaccinium n.e.c.","2018","2018","kg/ha","1555.6","A","Official figure",""
"QCL","Crops and livestock products","578","Norway","5510","Production","01355.90","Other berries and fruits of the genus vaccinium n.e.c.","2018","2018","t","84","A","Official figure",""
"QCL","Crops and livestock products","578","Norway","5312","Area harvested","01355.90","Other berries and fruits of the genus vaccinium n.e.c.","2019","2019","ha","49","A","Official figure",""
"QCL","Crops and livestock products","578","Norway","5412","Yield","01355.90","Other berries and fruits of the genus vaccinium n.e.c.","2019","2019","kg/ha","3551","A","Official figure",""
"QCL","Crops and livestock products","578","Norway","5510","Production","01355.90","Other berries and fruits of the genus vaccinium n.e.c.","2019","2019","t","174","A","Official figure",""
"QCL","Crops and livestock products","578","Norway","5312","Area harvested","01355.90","Other berries and fruits of the genus vaccinium n.e.c.","2020","2020","ha","69","A","Official figure",""
"QCL","Crops and livestock products","578","Norway","5412","Yield","01355.90","Other berries and fruits of the genus vaccinium n.e.c.","2020","2020","kg/ha","2565.2","A","Official figure",""
"QCL","Crops and livestock products","578","Norway","5510","Production","01355.90","Other berries and fruits of the genus vaccinium n.e.c.","2020","2020","t","177","A","Official figure",""
"QCL","Crops and livestock products","578","Norway","5312","Area harvested","01355.90","Other berries and fruits of the genus vaccinium n.e.c.","2021","2021","ha","82","A","Official figure",""
"QCL","Crops and livestock products","578","Norway","5412","Yield","01355.90","Other berries and fruits of the genus vaccinium n.e.c.","2021","2021","kg/ha","2975.6","A","Official figure",""
"QCL","Crops and livestock products","578","Norway","5510","Production","01355.90","Other berries and fruits of the genus vaccinium n.e.c.","2021","2021","t","244","A","Official figure",""
"QCL","Crops and livestock products","578","Norway","5312","Area harvested","01355.90","Other berries and fruits of the genus vaccinium n.e.c.","2022","2022","ha","64","A","Official figure",""
"QCL","Crops and livestock products","578","Norway","5412","Yield","01355.90","Other berries and fruits of the genus vaccinium n.e.c.","2022","2022","kg/ha","2750","A","Official figure",""
"QCL","Crops and livestock products","578","Norway","5510","Production","01355.90","Other berries and fruits of the genus vaccinium n.e.c.","2022","2022","t","176","A","Official figure",""
"QCL","Crops and livestock products","578","Norway","5312","Area harvested","01355.90","Other berries and fruits of the genus vaccinium n.e.c.","2023","2023","ha","68","A","Official figure",""
"QCL","Crops and livestock products","578","Norway","5412","Yield","01355.90","Other berries and fruits of the genus vaccinium n.e.c.","2023","2023","kg/ha","2544.1","A","Official figure",""
"QCL","Crops and livestock products","578","Norway","5510","Production","01355.90","Other berries and fruits of the genus vaccinium n.e.c.","2023","2023","t","173","A","Official figure",""
"QCL","Crops and livestock products","578","Norway","5510","Production","21119.90","Other meat of mammals, fresh or chilled","2010","2010","t","2260","A","Official figure",""
"QCL","Crops and livestock products","578","Norway","5510","Production","21119.90","Other meat of mammals, fresh or chilled","2011","2011","t","2056","A","Official figure",""
"QCL","Crops and livestock products","578","Norway","5510","Production","21119.90","Other meat of mammals, fresh or chilled","2012","2012","t","2133","A","Official figure",""
"QCL","Crops and livestock products","578","Norway","5510","Production","21119.90","Other meat of mammals, fresh or chilled","2013","2013","t","2074","A","Official figure",""
"QCL","Crops and livestock products","578","Norway","5510","Production","21119.90","Other meat of mammals, fresh or chilled","2014","2014","t","1759","A","Official figure",""
"QCL","Crops and livestock products","578","Norway","5510","Production","21119.90","Other meat of mammals, fresh or chilled","2015","2015","t","1917","A","Official figure",""
"QCL","Crops and livestock products","578","Norway","5510","Production","21119.90","Other meat of mammals, fresh or chilled","2016","2016","t","2232","A","Official figure",""
"QCL","Crops and livestock products","578","Norway","5510","Production","21119.90","Other meat of mammals, fresh or chilled","2017","2017","t","1511","A","Official figure",""
"QCL","Crops and livestock products","578","Norway","5510","Production","21119.90","Other meat of mammals, fresh or chilled","2018","2018","t","1571","A","Official figure",""
"QCL","Crops and livestock products","578","Norway","5510","Production","21119.90","Other meat of mammals, fresh or chilled","2019","2019","t","1909","A","Official figure",""
"QCL","Crops and livestock products","578","Norway","5510","Production","21119.90","Other meat of mammals, fresh or chilled","2020","2020","t","1253","A","Official figure",""
"QCL","Crops and livestock products","578","Norway","5510","Production","21119.90","Other meat of mammals, fresh or chilled","2021","2021","t","1797","A","Official figure",""
"QCL","Crops and livestock products","578","Norway","5510","Production","21119.90","Other meat of mammals, fresh or chilled","2022","2022","t","1797","A","Official figure",""
"QCL","Crops and livestock products","578","Norway","5510","Production","21119.90","Other meat of mammals, fresh or chilled","2023","2023","t","1579","A","Official figure",""
"QCL","Crops and livestock products","578","Norway","5312","Area harvested","01290.90","Other vegetables, fresh n.e.c.","2010","2010","ha","224","A","Official figure",""
"QCL","Crops and livestock products","578","Norway","5412","Yield","01290.90","Other vegetables, fresh n.e.c.","2010","2010","kg/ha","21540.2","A","Official figure",""
"QCL","Crops and livestock products","578","Norway","5510","Production","01290.90","Other vegetables, fresh n.e.c.","2010","2010","t","4825","A","Official figure",""
"QCL","Crops and livestock products","578","Norway","5312","Area harvested","01290.90","Other vegetables, fresh n.e.c.","2011","2011","ha","230","A","Official figure",""
"QCL","Crops and livestock products","578","Norway","5412","Yield","01290.90","Other vegetables, fresh n.e.c.","2011","2011","kg/ha","20326.1","A","Official figure",""
"QCL","Crops and livestock products","578","Norway","5510","Production","01290.90","Other vegetables, fresh n.e.c.","2011","2011","t","4675","A","Official figure",""
"QCL","Crops and livestock products","578","Norway","5312","Area harvested","01290.90","Other vegetables, fresh n.e.c.","2012","2012","ha","242","A","Official figure",""
"QCL","Crops and livestock products","578","Norway","5412","Yield","01290.90","Other vegetables, fresh n.e.c.","2012","2012","kg/ha","17367.8","A","Official figure",""
"QCL","Crops and livestock products","578","Norway","5510","Production","01290.90","Other vegetables, fresh n.e.c.","2012","2012","t","4203","A","Official figure",""
"QCL","Crops and livestock products","578","Norway","5312","Area harvested","01290.90","Other vegetables, fresh n.e.c.","2013","2013","ha","237","A","Official figure",""
"QCL","Crops and livestock products","578","Norway","5412","Yield","01290.90","Other vegetables, fresh n.e.c.","2013","2013","kg/ha","19721.5","A","Official figure",""
"QCL","Crops and livestock products","578","Norway","5510","Production","01290.90","Other vegetables, fresh n.e.c.","2013","2013","t","4674","A","Official figure",""
"QCL","Crops and livestock products","578","Norway","5312","Area harvested","01290.90","Other vegetables, fresh n.e.c.","2014","2014","ha","370","A","Official figure",""
"QCL","Crops and livestock products","578","Norway","5412","Yield","01290.90","Other vegetables, fresh n.e.c.","2014","2014","kg/ha","19483.8","A","Official figure",""
"QCL","Crops and livestock products","578","Norway","5510","Production","01290.90","Other vegetables, fresh n.e.c.","2014","2014","t","7209","A","Official figure",""
"QCL","Crops and livestock products","578","Norway","5312","Area harvested","01290.90","Other vegetables, fresh n.e.c.","2015","2015","ha","449","A","Official figure",""
"QCL","Crops and livestock products","578","Norway","5412","Yield","01290.90","Other vegetables, fresh n.e.c.","2015","2015","kg/ha","13931","A","Official figure",""
"QCL","Crops and livestock products","578","Norway","5510","Production","01290.90","Other vegetables, fresh n.e.c.","2015","2015","t","6255","A","Official figure",""
"QCL","Crops and livestock products","578","Norway","5312","Area harvested","01290.90","Other vegetables, fresh n.e.c.","2016","2016","ha","383","A","Official figure",""
"QCL","Crops and livestock products","578","Norway","5412","Yield","01290.90","Other vegetables, fresh n.e.c.","2016","2016","kg/ha","24738.9","A","Official figure",""
"QCL","Crops and livestock products","578","Norway","5510","Production","01290.90","Other vegetables, fresh n.e.c.","2016","2016","t","9475","A","Official figure",""
"QCL","Crops and livestock products","578","Norway","5312","Area harvested","01290.90","Other vegetables, fresh n.e.c.","2017","2017","ha","378","A","Official figure",""
"QCL","Crops and livestock products","578","Norway","5412","Yield","01290.90","Other vegetables, fresh n.e.c.","2017","2017","kg/ha","18219.6","A","Official figure",""
"QCL","Crops and livestock products","578","Norway","5510","Production","01290.90","Other vegetables, fresh n.e.c.","2017","2017","t","6887","A","Official figure",""
"QCL","Crops and livestock products","578","Norway","5312","Area harvested","01290.90","Other vegetables, fresh n.e.c.","2018","2018","ha","501","A","Official figure",""
"QCL","Crops and livestock products","578","Norway","5412","Yield","01290.90","Other vegetables, fresh n.e.c.","2018","2018","kg/ha","18852.3","A","Official figure",""
"QCL","Crops and livestock products","578","Norway","5510","Production","01290.90","Other vegetables, fresh n.e.c.","2018","2018","t","9445","A","Official figure",""
"QCL","Crops and livestock products","578","Norway","5312","Area harvested","01290.90","Other vegetables, fresh n.e.c.","2019","2019","ha","396","A","Official figure",""
"QCL","Crops and livestock products","578","Norway","5412","Yield","01290.90","Other vegetables, fresh n.e.c.","2019","2019","kg/ha","19075.8","A","Official figure",""
"QCL","Crops and livestock products","578","Norway","5510","Production","01290.90","Other vegetables, fresh n.e.c.","2019","2019","t","7554","A","Official figure",""
"QCL","Crops and livestock products","578","Norway","5312","Area harvested","01290.90","Other vegetables, fresh n.e.c.","2020","2020","ha","456","A","Official figure",""
"QCL","Crops and livestock products","578","Norway","5412","Yield","01290.90","Other vegetables, fresh n.e.c.","2020","2020","kg/ha","21846.5","A","Official figure",""
"QCL","Crops and livestock products","578","Norway","5510","Production","01290.90","Other vegetables, fresh n.e.c.","2020","2020","t","9962","A","Official figure",""
"QCL","Crops and livestock products","578","Norway","5312","Area harvested","01290.90","Other vegetables, fresh n.e.c.","2021","2021","ha","435","A","Official figure",""
"QCL","Crops and livestock products","578","Norway","5412","Yield","01290.90","Other vegetables, fresh n.e.c.","2021","2021","kg/ha","21993.1","A","Official figure",""
"QCL","Crops and livestock products","578","Norway","5510","Production","01290.90","Other vegetables, fresh n.e.c.","2021","2021","t","9567","A","Official figure",""
"QCL","Crops and livestock products","578","Norway","5312","Area harvested","01290.90","Other vegetables, fresh n.e.c.","2022","2022","ha","470","A","Official figure",""
"QCL","Crops and livestock products","578","Norway","5412","Yield","01290.90","Other vegetables, fresh n.e.c.","2022","2022","kg/ha","22270.2","A","Official figure",""
"QCL","Crops and livestock products","578","Norway","5510","Production","01290.90","Other vegetables, fresh n.e.c.","2022","2022","t","10467","A","Official figure",""
"QCL","Crops and livestock products","578","Norway","5312","Area harvested","01290.90","Other vegetables, fresh n.e.c.","2023","2023","ha","466","I","Value 
imputed by a
receiving 
agency",""
"QCL","Crops and livestock products","578","Norway","5412","Yield","01290.90","Other vegetables, fresh n.e.c.","2023","2023","kg/ha","21594.6","E","Estimated value",""
"QCL","Crops and livestock products","578","Norway","5510","Production","01290.90","Other vegetables, fresh n.e.c.","2023","2023","t","10061.21","I","Value 
imputed by a
receiving 
agency",""
"QCL","Crops and livestock products","578","Norway","5312","Area harvested","01342.01","Pears","2010","2010","ha","89","A","Official figure",""
"QCL","Crops and livestock products","578","Norway","5412","Yield","01342.01","Pears","2010","2010","kg/ha","5483.1","A","Official figure",""
"QCL","Crops and livestock products","578","Norway","5510","Production","01342.01","Pears","2010","2010","t","488","A","Official figure",""
"QCL","Crops and livestock products","578","Norway","5312","Area harvested","01342.01","Pears","2011","2011","ha","79","A","Official figure",""
"QCL","Crops and livestock products","578","Norway","5412","Yield","01342.01","Pears","2011","2011","kg/ha","3443","A","Official figure",""
"QCL","Crops and livestock products","578","Norway","5510","Production","01342.01","Pears","2011","2011","t","272","A","Official figure",""
"QCL","Crops and livestock products","578","Norway","5312","Area harvested","01342.01","Pears","2012","2012","ha","73","A","Official figure",""
"QCL","Crops and livestock products","578","Norway","5412","Yield","01342.01","Pears","2012","2012","kg/ha","4863","A","Official figure",""
"QCL","Crops and livestock products","578","Norway","5510","Production","01342.01","Pears","2012","2012","t","355","A","Official figure",""
"QCL","Crops and livestock products","578","Norway","5312","Area harvested","01342.01","Pears","2013","2013","ha","65","A","Official figure",""
"QCL","Crops and livestock products","578","Norway","5412","Yield","01342.01","Pears","2013","2013","kg/ha","2784.6","A","Official figure",""
"QCL","Crops and livestock products","578","Norway","5510","Production","01342.01","Pears","2013","2013","t","181","A","Official figure",""
"QCL","Crops and livestock products","578","Norway","5312","Area harvested","01342.01","Pears","2014","2014","ha","60","A","Official figure",""
"QCL","Crops and livestock products","578","Norway","5412","Yield","01342.01","Pears","2014","2014","kg/ha","5683.3","A","Official figure",""
"QCL","Crops and livestock products","578","Norway","5510","Production","01342.01","Pears","2014","2014","t","341","A","Official figure",""
"QCL","Crops and livestock products","578","Norway","5312","Area harvested","01342.01","Pears","2015","2015","ha","59","A","Official figure",""
"QCL","Crops and livestock products","578","Norway","5412","Yield","01342.01","Pears","2015","2015","kg/ha","2694.9","A","Official figure",""
"QCL","Crops and livestock products","578","Norway","5510","Production","01342.01","Pears","2015","2015","t","159","A","Official figure",""
"QCL","Crops and livestock products","578","Norway","5312","Area harvested","01342.01","Pears","2016","2016","ha","65","A","Official figure",""
"QCL","Crops and livestock products","578","Norway","5412","Yield","01342.01","Pears","2016","2016","kg/ha","3676.9","A","Official figure",""
"QCL","Crops and livestock products","578","Norway","5510","Production","01342.01","Pears","2016","2016","t","239","A","Official figure",""
"QCL","Crops and livestock products","578","Norway","5312","Area harvested","01342.01","Pears","2017","2017","ha","61","A","Official figure",""
"QCL","Crops and livestock products","578","Norway","5412","Yield","01342.01","Pears","2017","2017","kg/ha","4108.9","A","Official figure",""
"QCL","Crops and livestock products","578","Norway","5510","Production","01342.01","Pears","2017","2017","t","249","A","Official figure",""
"QCL","Crops and livestock products","578","Norway","5312","Area harvested","01342.01","Pears","2018","2018","ha","62","A","Official figure",""
"QCL","Crops and livestock products","578","Norway","5412","Yield","01342.01","Pears","2018","2018","kg/ha","8919.4","A","Official figure",""
"QCL","Crops and livestock products","578","Norway","5510","Production","01342.01","Pears","2018","2018","t","553","A","Official figure",""
"QCL","Crops and livestock products","578","Norway","5312","Area harvested","01342.01","Pears","2019","2019","ha","61","A","Official figure",""
"QCL","Crops and livestock products","578","Norway","5412","Yield","01342.01","Pears","2019","2019","kg/ha","6803.3","A","Official figure",""
"QCL","Crops and livestock products","578","Norway","5510","Production","01342.01","Pears","2019","2019","t","415","A","Official figure",""
"QCL","Crops and livestock products","578","Norway","5312","Area harvested","01342.01","Pears","2020","2020","ha","66","A","Official figure",""
"QCL","Crops and livestock products","578","Norway","5412","Yield","01342.01","Pears","2020","2020","kg/ha","7393.9","A","Official figure",""
"QCL","Crops and livestock products","578","Norway","5510","Production","01342.01","Pears","2020","2020","t","488","A","Official figure",""
"QCL","Crops and livestock products","578","Norway","5312","Area harvested","01342.01","Pears","2021","2021","ha","67","A","Official figure",""
"QCL","Crops and livestock products","578","Norway","5412","Yield","01342.01","Pears","2021","2021","kg/ha","8403","A","Official figure",""
"QCL","Crops and livestock products","578","Norway","5510","Production","01342.01","Pears","2021","2021","t","563","A","Official figure",""
"QCL","Crops and livestock products","578","Norway","5312","Area harvested","01342.01","Pears","2022","2022","ha","71","A","Official figure",""
"QCL","Crops and livestock products","578","Norway","5412","Yield","01342.01","Pears","2022","2022","kg/ha","8197.2","A","Official figure",""
"QCL","Crops and livestock products","578","Norway","5510","Production","01342.01","Pears","2022","2022","t","582","A","Official figure",""
"QCL","Crops and livestock products","578","Norway","5312","Area harvested","01342.01","Pears","2023","2023","ha","67","A","Official figure",""
"QCL","Crops and livestock products","578","Norway","5412","Yield","01342.01","Pears","2023","2023","kg/ha","9492.5","A","Official figure",""
"QCL","Crops and livestock products","578","Norway","5510","Production","01342.01","Pears","2023","2023","t","636","A","Official figure",""
"QCL","Crops and livestock products","578","Norway","5312","Area harvested","01705","Peas, dry","2010","2010","ha","2147","A","Official figure",""
"QCL","Crops and livestock products","578","Norway","5412","Yield","01705","Peas, dry","2010","2010","kg/ha","3036.8","A","Official figure",""
"QCL","Crops and livestock products","578","Norway","5510","Production","01705","Peas, dry","2010","2010","t","6520","A","Official figure",""
"QCL","Crops and livestock products","578","Norway","5312","Area harvested","01705","Peas, dry","2011","2011","ha","2205","A","Official figure",""
"QCL","Crops and livestock products","578","Norway","5412","Yield","01705","Peas, dry","2011","2011","kg/ha","1024.9","A","Official figure",""
"QCL","Crops and livestock products","578","Norway","5510","Production","01705","Peas, dry","2011","2011","t","2260","A","Official figure",""
"QCL","Crops and livestock products","578","Norway","5312","Area harvested","01705","Peas, dry","2012","2012","ha","2049","A","Official figure",""
"QCL","Crops and livestock products","578","Norway","5412","Yield","01705","Peas, dry","2012","2012","kg/ha","932.2","A","Official figure",""
"QCL","Crops and livestock products","578","Norway","5510","Production","01705","Peas, dry","2012","2012","t","1910","A","Official figure",""
"QCL","Crops and livestock products","578","Norway","5312","Area harvested","01705","Peas, dry","2013","2013","ha","1017","A","Official figure",""
"QCL","Crops and livestock products","578","Norway","5412","Yield","01705","Peas, dry","2013","2013","kg/ha","1002.9","A","Official figure",""
"QCL","Crops and livestock products","578","Norway","5510","Production","01705","Peas, dry","2013","2013","t","1020","A","Official figure",""
"QCL","Crops and livestock products","578","Norway","5312","Area harvested","01705","Peas, dry","2014","2014","ha","1663","A","Official figure",""
"QCL","Crops and livestock products","578","Norway","5412","Yield","01705","Peas, dry","2014","2014","kg/ha","1365","A","Official figure",""
"QCL","Crops and livestock products","578","Norway","5510","Production","01705","Peas, dry","2014","2014","t","2270","A","Official figure",""
"QCL","Crops and livestock products","578","Norway","5312","Area harvested","01705","Peas, dry","2015","2015","ha","2096","A","Official figure",""
"QCL","Crops and livestock products","578","Norway","5412","Yield","01705","Peas, dry","2015","2015","kg/ha","1736.6","A","Official figure",""
"QCL","Crops and livestock products","578","Norway","5510","Production","01705","Peas, dry","2015","2015","t","3640","A","Official figure",""
"QCL","Crops and livestock products","578","Norway","5312","Area harvested","01705","Peas, dry","2016","2016","ha","2460","A","Official figure",""
"QCL","Crops and livestock products","578","Norway","5412","Yield","01705","Peas, dry","2016","2016","kg/ha","2113.8","A","Official figure",""
"QCL","Crops and livestock products","578","Norway","5510","Production","01705","Peas, dry","2016","2016","t","5200","A","Official figure",""
"QCL","Crops and livestock products","578","Norway","5312","Area harvested","01705","Peas, dry","2017","2017","ha","2618","A","Official figure",""
"QCL","Crops and livestock products","578","Norway","5412","Yield","01705","Peas, dry","2017","2017","kg/ha","1451.5","A","Official figure",""
"QCL","Crops and livestock products","578","Norway","5510","Production","01705","Peas, dry","2017","2017","t","3800","A","Official figure",""
"QCL","Crops and livestock products","578","Norway","5312","Area harvested","01705","Peas, dry","2018","2018","ha","3259","A","Official figure",""
"QCL","Crops and livestock products","578","Norway","5412","Yield","01705","Peas, dry","2018","2018","kg/ha","920.5","A","Official figure",""
"QCL","Crops and livestock products","578","Norway","5510","Production","01705","Peas, dry","2018","2018","t","3000","A","Official figure",""
"QCL","Crops and livestock products","578","Norway","5312","Area harvested","01705","Peas, dry","2019","2019","ha","2798","A","Official figure",""
"QCL","Crops and livestock products","578","Norway","5412","Yield","01705","Peas, dry","2019","2019","kg/ha","1429.6","A","Official figure",""
"QCL","Crops and livestock products","578","Norway","5510","Production","01705","Peas, dry","2019","2019","t","4000","A","Official figure",""
"QCL","Crops and livestock products","578","Norway","5312","Area harvested","01705","Peas, dry","2020","2020","ha","4232","A","Official figure",""
"QCL","Crops and livestock products","578","Norway","5412","Yield","01705","Peas, dry","2020","2020","kg/ha","1441.9","E","Estimated value",""
"QCL","Crops and livestock products","578","Norway","5510","Production","01705","Peas, dry","2020","2020","t","6101.98","I","Value 
imputed by a
receiving 
agency",""
"QCL","Crops and livestock products","578","Norway","5312","Area harvested","01705","Peas, dry","2021","2021","ha","3226","A","Official figure",""
"QCL","Crops and livestock products","578","Norway","5412","Yield","01705","Peas, dry","2021","2021","kg/ha","998.3","E","Estimated value",""
"QCL","Crops and livestock products","578","Norway","5510","Production","01705","Peas, dry","2021","2021","t","3220.65","I","Value 
imputed by a
receiving 
agency",""
"QCL","Crops and livestock products","578","Norway","5312","Area harvested","01705","Peas, dry","2022","2022","ha","5818","A","Official figure",""
"QCL","Crops and livestock products","578","Norway","5412","Yield","01705","Peas, dry","2022","2022","kg/ha","1000.8","E","Estimated value",""
"QCL","Crops and livestock products","578","Norway","5510","Production","01705","Peas, dry","2022","2022","t","5822.55","I","Value 
imputed by a
receiving 
agency",""
"QCL","Crops and livestock products","578","Norway","5312","Area harvested","01705","Peas, dry","2023","2023","ha","6439","A","Official figure",""
"QCL","Crops and livestock products","578","Norway","5412","Yield","01705","Peas, dry","2023","2023","kg/ha","932.3","E","Estimated value",""
"QCL","Crops and livestock products","578","Norway","5510","Production","01705","Peas, dry","2023","2023","t","6003.3","I","Value 
imputed by a
receiving 
agency",""
"QCL","Crops and livestock products","578","Norway","5312","Area harvested","01242","Peas, green","2010","2010","ha","488","A","Official figure",""
"QCL","Crops and livestock products","578","Norway","5412","Yield","01242","Peas, green","2010","2010","kg/ha","6885.2","A","Official figure",""
"QCL","Crops and livestock products","578","Norway","5510","Production","01242","Peas, green","2010","2010","t","3360","A","Official figure",""
"QCL","Crops and livestock products","578","Norway","5312","Area harvested","01242","Peas, green","2011","2011","ha","410","A","Official figure",""
"QCL","Crops and livestock products","578","Norway","5412","Yield","01242","Peas, green","2011","2011","kg/ha","5731.7","A","Official figure",""
"QCL","Crops and livestock products","578","Norway","5510","Production","01242","Peas, green","2011","2011","t","2350","A","Official figure",""
"QCL","Crops and livestock products","578","Norway","5312","Area harvested","01242","Peas, green","2012","2012","ha","463","A","Official figure",""
"QCL","Crops and livestock products","578","Norway","5412","Yield","01242","Peas, green","2012","2012","kg/ha","5799.1","A","Official figure",""
"QCL","Crops and livestock products","578","Norway","5510","Production","01242","Peas, green","2012","2012","t","2685","A","Official figure",""
"QCL","Crops and livestock products","578","Norway","5312","Area harvested","01242","Peas, green","2013","2013","ha","901","I","Value 
imputed by a
receiving 
agency",""
"QCL","Crops and livestock products","578","Norway","5412","Yield","01242","Peas, green","2013","2013","kg/ha","5706","E","Estimated value",""
"QCL","Crops and livestock products","578","Norway","5510","Production","01242","Peas, green","2013","2013","t","5139","A","Official figure",""
"QCL","Crops and livestock products","578","Norway","5312","Area harvested","01242","Peas, green","2014","2014","ha","664","I","Value 
imputed by a
receiving 
agency",""
"QCL","Crops and livestock products","578","Norway","5412","Yield","01242","Peas, green","2014","2014","kg/ha","5714.2","E","Estimated value",""
"QCL","Crops and livestock products","578","Norway","5510","Production","01242","Peas, green","2014","2014","t","3792","A","Official figure",""
"QCL","Crops and livestock products","578","Norway","5312","Area harvested","01242","Peas, green","2015","2015","ha","662","I","Value 
imputed by a
receiving 
agency",""
"QCL","Crops and livestock products","578","Norway","5412","Yield","01242","Peas, green","2015","2015","kg/ha","5726.2","E","Estimated value",""
"QCL","Crops and livestock products","578","Norway","5510","Production","01242","Peas, green","2015","2015","t","3792","A","Official figure",""
"QCL","Crops and livestock products","578","Norway","5312","Area harvested","01242","Peas, green","2016","2016","ha","650","I","Value 
imputed by a
receiving 
agency",""
"QCL","Crops and livestock products","578","Norway","5412","Yield","01242","Peas, green","2016","2016","kg/ha","5727.5","E","Estimated value",""
"QCL","Crops and livestock products","578","Norway","5510","Production","01242","Peas, green","2016","2016","t","3724","A","Official figure",""
"QCL","Crops and livestock products","578","Norway","5312","Area harvested","01242","Peas, green","2017","2017","ha","619","I","Value 
imputed by a
receiving 
agency",""
"QCL","Crops and livestock products","578","Norway","5412","Yield","01242","Peas, green","2017","2017","kg/ha","5729.6","E","Estimated value",""
"QCL","Crops and livestock products","578","Norway","5510","Production","01242","Peas, green","2017","2017","t","3548","A","Official figure",""
"QCL","Crops and livestock products","578","Norway","5312","Area harvested","01242","Peas, green","2018","2018","ha","339","I","Value 
imputed by a
receiving 
agency",""
"QCL","Crops and livestock products","578","Norway","5412","Yield","01242","Peas, green","2018","2018","kg/ha","5732.2","E","Estimated value",""
"QCL","Crops and livestock products","578","Norway","5510","Production","01242","Peas, green","2018","2018","t","1941","A","Official figure",""
"QCL","Crops and livestock products","578","Norway","5312","Area harvested","01242","Peas, green","2019","2019","ha","722","I","Value 
imputed by a
receiving 
agency",""
"QCL","Crops and livestock products","578","Norway","5412","Yield","01242","Peas, green","2019","2019","kg/ha","5734.5","E","Estimated value",""
"QCL","Crops and livestock products","578","Norway","5510","Production","01242","Peas, green","2019","2019","t","4141","A","Official figure",""
"QCL","Crops and livestock products","578","Norway","5312","Area harvested","01242","Peas, green","2020","2020","ha","771","I","Value 
imputed by a
receiving 
agency",""
"QCL","Crops and livestock products","578","Norway","5412","Yield","01242","Peas, green","2020","2020","kg/ha","5741.1","E","Estimated value",""
"QCL","Crops and livestock products","578","Norway","5510","Production","01242","Peas, green","2020","2020","t","4428","A","Official figure",""
"QCL","Crops and livestock products","578","Norway","5312","Area harvested","01242","Peas, green","2021","2021","ha","695","I","Value 
imputed by a
receiving 
agency",""
"QCL","Crops and livestock products","578","Norway","5412","Yield","01242","Peas, green","2021","2021","kg/ha","5757.1","E","Estimated value",""
"QCL","Crops and livestock products","578","Norway","5510","Production","01242","Peas, green","2021","2021","t","4000","A","Official figure",""
"QCL","Crops and livestock products","578","Norway","5312","Area harvested","01242","Peas, green","2022","2022","ha","695","I","Value 
imputed by a
receiving 
agency",""
"QCL","Crops and livestock products","578","Norway","5412","Yield","01242","Peas, green","2022","2022","kg/ha","5759.4","E","Estimated value",""
"QCL","Crops and livestock products","578","Norway","5510","Production","01242","Peas, green","2022","2022","t","4000","A","Official figure",""
"QCL","Crops and livestock products","578","Norway","5312","Area harvested","01242","Peas, green","2023","2023","ha","694","I","Value 
imputed by a
receiving 
agency",""
"QCL","Crops and livestock products","578","Norway","5412","Yield","01242","Peas, green","2023","2023","kg/ha","5761.7","E","Estimated value",""
"QCL","Crops and livestock products","578","Norway","5510","Production","01242","Peas, green","2023","2023","t","4000","A","Official figure",""
"QCL","Crops and livestock products","578","Norway","5312","Area harvested","01346","Plums and sloes","2010","2010","ha","415","A","Official figure",""
"QCL","Crops and livestock products","578","Norway","5412","Yield","01346","Plums and sloes","2010","2010","kg/ha","3932.5","A","Official figure",""
"QCL","Crops and livestock products","578","Norway","5510","Production","01346","Plums and sloes","2010","2010","t","1632","A","Official figure",""
"QCL","Crops and livestock products","578","Norway","5312","Area harvested","01346","Plums and sloes","2011","2011","ha","418","A","Official figure",""
"QCL","Crops and livestock products","578","Norway","5412","Yield","01346","Plums and sloes","2011","2011","kg/ha","2787.1","A","Official figure",""
"QCL","Crops and livestock products","578","Norway","5510","Production","01346","Plums and sloes","2011","2011","t","1165","A","Official figure",""
"QCL","Crops and livestock products","578","Norway","5312","Area harvested","01346","Plums and sloes","2012","2012","ha","414","A","Official figure",""
"QCL","Crops and livestock products","578","Norway","5412","Yield","01346","Plums and sloes","2012","2012","kg/ha","2654.6","A","Official figure",""
"QCL","Crops and livestock products","578","Norway","5510","Production","01346","Plums and sloes","2012","2012","t","1099","A","Official figure",""
"QCL","Crops and livestock products","578","Norway","5312","Area harvested","01346","Plums and sloes","2013","2013","ha","425","A","Official figure",""
"QCL","Crops and livestock products","578","Norway","5412","Yield","01346","Plums and sloes","2013","2013","kg/ha","3590.6","A","Official figure",""
"QCL","Crops and livestock products","578","Norway","5510","Production","01346","Plums and sloes","2013","2013","t","1526","A","Official figure",""
"QCL","Crops and livestock products","578","Norway","5312","Area harvested","01346","Plums and sloes","2014","2014","ha","430","A","Official figure",""
"QCL","Crops and livestock products","578","Norway","5412","Yield","01346","Plums and sloes","2014","2014","kg/ha","3227.9","A","Official figure",""
"QCL","Crops and livestock products","578","Norway","5510","Production","01346","Plums and sloes","2014","2014","t","1388","A","Official figure",""
"QCL","Crops and livestock products","578","Norway","5312","Area harvested","01346","Plums and sloes","2015","2015","ha","433","A","Official figure",""
"QCL","Crops and livestock products","578","Norway","5412","Yield","01346","Plums and sloes","2015","2015","kg/ha","2953.8","A","Official figure",""
"QCL","Crops and livestock products","578","Norway","5510","Production","01346","Plums and sloes","2015","2015","t","1279","A","Official figure",""
"QCL","Crops and livestock products","578","Norway","5312","Area harvested","01346","Plums and sloes","2016","2016","ha","445","A","Official figure",""
"QCL","Crops and livestock products","578","Norway","5412","Yield","01346","Plums and sloes","2016","2016","kg/ha","4177.5","A","Official figure",""
"QCL","Crops and livestock products","578","Norway","5510","Production","01346","Plums and sloes","2016","2016","t","1859","A","Official figure",""
"QCL","Crops and livestock products","578","Norway","5312","Area harvested","01346","Plums and sloes","2017","2017","ha","428","A","Official figure",""
"QCL","Crops and livestock products","578","Norway","5412","Yield","01346","Plums and sloes","2017","2017","kg/ha","4341.4","A","Official figure",""
"QCL","Crops and livestock products","578","Norway","5510","Production","01346","Plums and sloes","2017","2017","t","1859","A","Official figure",""
"QCL","Crops and livestock products","578","Norway","5312","Area harvested","01346","Plums and sloes","2018","2018","ha","435","A","Official figure",""
"QCL","Crops and livestock products","578","Norway","5412","Yield","01346","Plums and sloes","2018","2018","kg/ha","4474","A","Official figure",""
"QCL","Crops and livestock products","578","Norway","5510","Production","01346","Plums and sloes","2018","2018","t","1948","A","Official figure",""
"QCL","Crops and livestock products","578","Norway","5312","Area harvested","01346","Plums and sloes","2019","2019","ha","435","A","Official figure",""
"QCL","Crops and livestock products","578","Norway","5412","Yield","01346","Plums and sloes","2019","2019","kg/ha","5903.4","A","Official figure",""
"QCL","Crops and livestock products","578","Norway","5510","Production","01346","Plums and sloes","2019","2019","t","2568","A","Official figure",""
"QCL","Crops and livestock products","578","Norway","5312","Area harvested","01346","Plums and sloes","2020","2020","ha","427","A","Official figure",""
"QCL","Crops and livestock products","578","Norway","5412","Yield","01346","Plums and sloes","2020","2020","kg/ha","1695.6","A","Official figure",""
"QCL","Crops and livestock products","578","Norway","5510","Production","01346","Plums and sloes","2020","2020","t","724","A","Official figure",""
"QCL","Crops and livestock products","578","Norway","5312","Area harvested","01346","Plums and sloes","2021","2021","ha","421","A","Official figure",""
"QCL","Crops and livestock products","578","Norway","5412","Yield","01346","Plums and sloes","2021","2021","kg/ha","6016.6","A","Official figure",""
"QCL","Crops and livestock products","578","Norway","5510","Production","01346","Plums and sloes","2021","2021","t","2533","A","Official figure",""
"QCL","Crops and livestock products","578","Norway","5312","Area harvested","01346","Plums and sloes","2022","2022","ha","401","A","Official figure",""
"QCL","Crops and livestock products","578","Norway","5412","Yield","01346","Plums and sloes","2022","2022","kg/ha","5022.4","A","Official figure",""
"QCL","Crops and livestock products","578","Norway","5510","Production","01346","Plums and sloes","2022","2022","t","2014","A","Official figure",""
"QCL","Crops and livestock products","578","Norway","5312","Area harvested","01346","Plums and sloes","2023","2023","ha","390","A","Official figure",""
"QCL","Crops and livestock products","578","Norway","5412","Yield","01346","Plums and sloes","2023","2023","kg/ha","5443.6","A","Official figure",""
"QCL","Crops and livestock products","578","Norway","5510","Production","01346","Plums and sloes","2023","2023","t","2123","A","Official figure",""
"QCL","Crops and livestock products","578","Norway","5312","Area harvested","01510","Potatoes","2010","2010","ha","13240","A","Official figure",""
"QCL","Crops and livestock products","578","Norway","5412","Yield","01510","Potatoes","2010","2010","kg/ha","25166.2","A","Official figure",""
"QCL","Crops and livestock products","578","Norway","5510","Production","01510","Potatoes","2010","2010","t","333200","A","Official figure",""
"QCL","Crops and livestock products","578","Norway","5312","Area harvested","01510","Potatoes","2011","2011","ha","12896","A","Official figure",""
"QCL","Crops and livestock products","578","Norway","5412","Yield","01510","Potatoes","2011","2011","kg/ha","22914.1","A","Official figure",""
"QCL","Crops and livestock products","578","Norway","5510","Production","01510","Potatoes","2011","2011","t","295500","A","Official figure",""
"QCL","Crops and livestock products","578","Norway","5312","Area harvested","01510","Potatoes","2012","2012","ha","12668","A","Official figure",""
"QCL","Crops and livestock products","578","Norway","5412","Yield","01510","Potatoes","2012","2012","kg/ha","24052.7","A","Official figure",""
"QCL","Crops and livestock products","578","Norway","5510","Production","01510","Potatoes","2012","2012","t","304700","A","Official figure",""
"QCL","Crops and livestock products","578","Norway","5312","Area harvested","01510","Potatoes","2013","2013","ha","12634","A","Official figure",""
"QCL","Crops and livestock products","578","Norway","5412","Yield","01510","Potatoes","2013","2013","kg/ha","25170.2","A","Official figure",""
"QCL","Crops and livestock products","578","Norway","5510","Production","01510","Potatoes","2013","2013","t","318000","A","Official figure",""
"QCL","Crops and livestock products","578","Norway","5312","Area harvested","01510","Potatoes","2014","2014","ha","12345","A","Official figure",""
"QCL","Crops and livestock products","578","Norway","5412","Yield","01510","Potatoes","2014","2014","kg/ha","28975.3","A","Official figure",""
"QCL","Crops and livestock products","578","Norway","5510","Production","01510","Potatoes","2014","2014","t","357700","A","Official figure",""
"QCL","Crops and livestock products","578","Norway","5312","Area harvested","01510","Potatoes","2015","2015","ha","11836","A","Official figure",""
"QCL","Crops and livestock products","578","Norway","5412","Yield","01510","Potatoes","2015","2015","kg/ha","25785.7","A","Official figure",""
"QCL","Crops and livestock products","578","Norway","5510","Production","01510","Potatoes","2015","2015","t","305200","A","Official figure",""
"QCL","Crops and livestock products","578","Norway","5312","Area harvested","01510","Potatoes","2016","2016","ha","11984","A","Official figure",""
"QCL","Crops and livestock products","578","Norway","5412","Yield","01510","Potatoes","2016","2016","kg/ha","29272.4","A","Official figure",""
"QCL","Crops and livestock products","578","Norway","5510","Production","01510","Potatoes","2016","2016","t","350800","A","Official figure",""
"QCL","Crops and livestock products","578","Norway","5312","Area harvested","01510","Potatoes","2017","2017","ha","11728","A","Official figure",""
"QCL","Crops and livestock products","578","Norway","5412","Yield","01510","Potatoes","2017","2017","kg/ha","26901.4","A","Official figure",""
"QCL","Crops and livestock products","578","Norway","5510","Production","01510","Potatoes","2017","2017","t","315500","A","Official figure",""
"QCL","Crops and livestock products","578","Norway","5312","Area harvested","01510","Potatoes","2018","2018","ha","11614","A","Official figure",""
"QCL","Crops and livestock products","578","Norway","5412","Yield","01510","Potatoes","2018","2018","kg/ha","28104","A","Official figure",""
"QCL","Crops and livestock products","578","Norway","5510","Production","01510","Potatoes","2018","2018","t","326400","A","Official figure",""
"QCL","Crops and livestock products","578","Norway","5312","Area harvested","01510","Potatoes","2019","2019","ha","11686","A","Official figure",""
"QCL","Crops and livestock products","578","Norway","5412","Yield","01510","Potatoes","2019","2019","kg/ha","28427.2","A","Official figure",""
"QCL","Crops and livestock products","578","Norway","5510","Production","01510","Potatoes","2019","2019","t","332200","A","Official figure",""
"QCL","Crops and livestock products","578","Norway","5312","Area harvested","01510","Potatoes","2020","2020","ha","11506","A","Official figure",""
"QCL","Crops and livestock products","578","Norway","5412","Yield","01510","Potatoes","2020","2020","kg/ha","31392.3","A","Official figure",""
"QCL","Crops and livestock products","578","Norway","5510","Production","01510","Potatoes","2020","2020","t","361200","A","Official figure",""
"QCL","Crops and livestock products","578","Norway","5312","Area harvested","01510","Potatoes","2021","2021","ha","11616","A","Official figure",""
"QCL","Crops and livestock products","578","Norway","5412","Yield","01510","Potatoes","2021","2021","kg/ha","31757.9","A","Official figure",""
"QCL","Crops and livestock products","578","Norway","5510","Production","01510","Potatoes","2021","2021","t","368900","A","Official figure",""
"QCL","Crops and livestock products","578","Norway","5312","Area harvested","01510","Potatoes","2022","2022","ha","11899","A","Official figure",""
"QCL","Crops and livestock products","578","Norway","5412","Yield","01510","Potatoes","2022","2022","kg/ha","31632.9","A","Official figure",""
"QCL","Crops and livestock products","578","Norway","5510","Production","01510","Potatoes","2022","2022","t","376400","A","Official figure",""
"QCL","Crops and livestock products","578","Norway","5312","Area harvested","01510","Potatoes","2023","2023","ha","11505","A","Official figure",""
"QCL","Crops and livestock products","578","Norway","5412","Yield","01510","Potatoes","2023","2023","kg/ha","27249","A","Official figure",""
"QCL","Crops and livestock products","578","Norway","5510","Production","01510","Potatoes","2023","2023","t","313500","A","Official figure",""
"QCL","Crops and livestock products","578","Norway","5112","Stocks","02191","Rabbits and hares","2010","2010","1000 An","2","A","Official figure",""
"QCL","Crops and livestock products","578","Norway","5112","Stocks","02191","Rabbits and hares","2011","2011","1000 An","2","A","Official figure",""
"QCL","Crops and livestock products","578","Norway","5112","Stocks","02191","Rabbits and hares","2012","2012","1000 An","2","A","Official figure",""
"QCL","Crops and livestock products","578","Norway","5112","Stocks","02191","Rabbits and hares","2013","2013","1000 An","2","A","Official figure",""
"QCL","Crops and livestock products","578","Norway","5112","Stocks","02191","Rabbits and hares","2014","2014","1000 An","2","A","Official figure",""
"QCL","Crops and livestock products","578","Norway","5112","Stocks","02191","Rabbits and hares","2015","2015","1000 An","1","A","Official figure",""
"QCL","Crops and livestock products","578","Norway","5112","Stocks","02191","Rabbits and hares","2016","2016","1000 An","1","A","Official figure",""
"QCL","Crops and livestock products","578","Norway","5112","Stocks","02191","Rabbits and hares","2017","2017","1000 An","1","A","Official figure",""
"QCL","Crops and livestock products","578","Norway","5112","Stocks","02191","Rabbits and hares","2018","2018","1000 An","1","A","Official figure",""
"QCL","Crops and livestock products","578","Norway","5112","Stocks","02191","Rabbits and hares","2019","2019","1000 An","1","A","Official figure",""
"QCL","Crops and livestock products","578","Norway","5112","Stocks","02191","Rabbits and hares","2020","2020","1000 An","1","A","Official figure",""
"QCL","Crops and livestock products","578","Norway","5112","Stocks","02191","Rabbits and hares","2021","2021","1000 An","1","A","Official figure",""
"QCL","Crops and livestock products","578","Norway","5112","Stocks","02191","Rabbits and hares","2022","2022","1000 An","1","A","Official figure",""
"QCL","Crops and livestock products","578","Norway","5112","Stocks","02191","Rabbits and hares","2023","2023","1000 An","1","A","Official figure",""
"QCL","Crops and livestock products","578","Norway","5312","Area harvested","01443","Rape or colza seed","2010","2010","ha","5934","A","Official figure",""
"QCL","Crops and livestock products","578","Norway","5412","Yield","01443","Rape or colza seed","2010","2010","kg/ha","1718.9","A","Official figure",""
"QCL","Crops and livestock products","578","Norway","5510","Production","01443","Rape or colza seed","2010","2010","t","10200","A","Official figure",""
"QCL","Crops and livestock products","578","Norway","5312","Area harvested","01443","Rape or colza seed","2011","2011","ha","5203","A","Official figure",""
"QCL","Crops and livestock products","578","Norway","5412","Yield","01443","Rape or colza seed","2011","2011","kg/ha","1654.8","A","Official figure",""
"QCL","Crops and livestock products","578","Norway","5510","Production","01443","Rape or colza seed","2011","2011","t","8610","A","Official figure",""
"QCL","Crops and livestock products","578","Norway","5312","Area harvested","01443","Rape or colza seed","2012","2012","ha","5487","A","Official figure",""
"QCL","Crops and livestock products","578","Norway","5412","Yield","01443","Rape or colza seed","2012","2012","kg/ha","2065.8","A","Official figure",""
"QCL","Crops and livestock products","578","Norway","5510","Production","01443","Rape or colza seed","2012","2012","t","11335","A","Official figure",""
"QCL","Crops and livestock products","578","Norway","5312","Area harvested","01443","Rape or colza seed","2013","2013","ha","3462","A","Official figure",""
"QCL","Crops and livestock products","578","Norway","5412","Yield","01443","Rape or colza seed","2013","2013","kg/ha","1744.7","A","Official figure",""
"QCL","Crops and livestock products","578","Norway","5510","Production","01443","Rape or colza seed","2013","2013","t","6040","A","Official figure",""
"QCL","Crops and livestock products","578","Norway","5312","Area harvested","01443","Rape or colza seed","2014","2014","ha","4100","A","Official figure",""
"QCL","Crops and livestock products","578","Norway","5412","Yield","01443","Rape or colza seed","2014","2014","kg/ha","2365.9","A","Official figure",""
"QCL","Crops and livestock products","578","Norway","5510","Production","01443","Rape or colza seed","2014","2014","t","9700","A","Official figure",""
"QCL","Crops and livestock products","578","Norway","5312","Area harvested","01443","Rape or colza seed","2015","2015","ha","3479","A","Official figure",""
"QCL","Crops and livestock products","578","Norway","5412","Yield","01443","Rape or colza seed","2015","2015","kg/ha","2989.4","A","Official figure",""
"QCL","Crops and livestock products","578","Norway","5510","Production","01443","Rape or colza seed","2015","2015","t","10400","A","Official figure",""
"QCL","Crops and livestock products","578","Norway","5312","Area harvested","01443","Rape or colza seed","2016","2016","ha","4146","A","Official figure",""
"QCL","Crops and livestock products","578","Norway","5412","Yield","01443","Rape or colza seed","2016","2016","kg/ha","2761.7","A","Official figure",""
"QCL","Crops and livestock products","578","Norway","5510","Production","01443","Rape or colza seed","2016","2016","t","11450","A","Official figure",""
"QCL","Crops and livestock products","578","Norway","5312","Area harvested","01443","Rape or colza seed","2017","2017","ha","2312","A","Official figure",""
"QCL","Crops and livestock products","578","Norway","5412","Yield","01443","Rape or colza seed","2017","2017","kg/ha","4455","A","Official figure",""
"QCL","Crops and livestock products","578","Norway","5510","Production","01443","Rape or colza seed","2017","2017","t","10300","A","Official figure",""
"QCL","Crops and livestock products","578","Norway","5312","Area harvested","01443","Rape or colza seed","2018","2018","ha","3276","A","Official figure",""
"QCL","Crops and livestock products","578","Norway","5412","Yield","01443","Rape or colza seed","2018","2018","kg/ha","2213.1","A","Official figure",""
"QCL","Crops and livestock products","578","Norway","5510","Production","01443","Rape or colza seed","2018","2018","t","7250","A","Official figure",""
"QCL","Crops and livestock products","578","Norway","5312","Area harvested","01443","Rape or colza seed","2019","2019","ha","3421","A","Official figure",""
"QCL","Crops and livestock products","578","Norway","5412","Yield","01443","Rape or colza seed","2019","2019","kg/ha","4384.7","A","Official figure",""
"QCL","Crops and livestock products","578","Norway","5510","Production","01443","Rape or colza seed","2019","2019","t","15000","A","Official figure",""
"QCL","Crops and livestock products","578","Norway","5312","Area harvested","01443","Rape or colza seed","2020","2020","ha","2973","A","Official figure",""
"QCL","Crops and livestock products","578","Norway","5412","Yield","01443","Rape or colza seed","2020","2020","kg/ha","2415.1","A","Official figure",""
"QCL","Crops and livestock products","578","Norway","5510","Production","01443","Rape or colza seed","2020","2020","t","7180","A","Official figure",""
"QCL","Crops and livestock products","578","Norway","5312","Area harvested","01443","Rape or colza seed","2021","2021","ha","2412","A","Official figure",""
"QCL","Crops and livestock products","578","Norway","5412","Yield","01443","Rape or colza seed","2021","2021","kg/ha","3731.3","A","Official figure",""
"QCL","Crops and livestock products","578","Norway","5510","Production","01443","Rape or colza seed","2021","2021","t","9000","A","Official figure",""
"QCL","Crops and livestock products","578","Norway","5312","Area harvested","01443","Rape or colza seed","2022","2022","ha","3028","A","Official figure",""
"QCL","Crops and livestock products","578","Norway","5412","Yield","01443","Rape or colza seed","2022","2022","kg/ha","3137.4","A","Official figure",""
"QCL","Crops and livestock products","578","Norway","5510","Production","01443","Rape or colza seed","2022","2022","t","9500","A","Official figure",""
"QCL","Crops and livestock products","578","Norway","5312","Area harvested","01443","Rape or colza seed","2023","2023","ha","1930","A","Official figure",""
"QCL","Crops and livestock products","578","Norway","5412","Yield","01443","Rape or colza seed","2023","2023","kg/ha","2590.7","A","Official figure",""
"QCL","Crops and livestock products","578","Norway","5510","Production","01443","Rape or colza seed","2023","2023","t","5000","A","Official figure",""
"QCL","Crops and livestock products","578","Norway","5510","Production","21641.01","Rapeseed or canola oil, crude","2010","2010","t","7100","X","Figure from external organization","Unofficial figure"
"QCL","Crops and livestock products","578","Norway","5510","Production","21641.01","Rapeseed or canola oil, crude","2011","2011","t","7500","X","Figure from external organization","Unofficial figure"
"QCL","Crops and livestock products","578","Norway","5510","Production","21641.01","Rapeseed or canola oil, crude","2012","2012","t","7600","X","Figure from external organization","Unofficial figure"
"QCL","Crops and livestock products","578","Norway","5510","Production","21641.01","Rapeseed or canola oil, crude","2013","2013","t","5700","X","Figure from external organization","Unofficial figure"
"QCL","Crops and livestock products","578","Norway","5510","Production","21641.01","Rapeseed or canola oil, crude","2014","2014","t","7100","X","Figure from external organization","Unofficial figure"
"QCL","Crops and livestock products","578","Norway","5510","Production","21641.01","Rapeseed or canola oil, crude","2015","2015","t","6200","X","Figure from external organization","Unofficial figure"
"QCL","Crops and livestock products","578","Norway","5510","Production","21641.01","Rapeseed or canola oil, crude","2016","2016","t","5300","X","Figure from external organization","Unofficial figure"
"QCL","Crops and livestock products","578","Norway","5510","Production","21641.01","Rapeseed or canola oil, crude","2017","2017","t","5000","X","Figure from external organization","Unofficial figure"
"QCL","Crops and livestock products","578","Norway","5510","Production","21641.01","Rapeseed or canola oil, crude","2018","2018","t","5200","X","Figure from external organization","Unofficial figure"
"QCL","Crops and livestock products","578","Norway","5510","Production","21641.01","Rapeseed or canola oil, crude","2019","2019","t","5100","X","Figure from external organization","Unofficial figure"
"QCL","Crops and livestock products","578","Norway","5510","Production","21641.01","Rapeseed or canola oil, crude","2020","2020","t","4000","X","Figure from external organization","Unofficial figure"
"QCL","Crops and livestock products","578","Norway","5510","Production","21641.01","Rapeseed or canola oil, crude","2021","2021","t","4700","X","Figure from external organization","Unofficial figure"
"QCL","Crops and livestock products","578","Norway","5510","Production","21641.01","Rapeseed or canola oil, crude","2022","2022","t","4400","X","Figure from external organization","Unofficial figure"
"QCL","Crops and livestock products","578","Norway","5312","Area harvested","01353.01","Raspberries","2010","2010","ha","289","A","Official figure",""
"QCL","Crops and livestock products","578","Norway","5412","Yield","01353.01","Raspberries","2010","2010","kg/ha","7418.7","A","Official figure",""
"QCL","Crops and livestock products","578","Norway","5510","Production","01353.01","Raspberries","2010","2010","t","2144","A","Official figure",""
"QCL","Crops and livestock products","578","Norway","5312","Area harvested","01353.01","Raspberries","2011","2011","ha","301","A","Official figure",""
"QCL","Crops and livestock products","578","Norway","5412","Yield","01353.01","Raspberries","2011","2011","kg/ha","6495","A","Official figure",""
"QCL","Crops and livestock products","578","Norway","5510","Production","01353.01","Raspberries","2011","2011","t","1955","A","Official figure",""
"QCL","Crops and livestock products","578","Norway","5312","Area harvested","01353.01","Raspberries","2012","2012","ha","314","A","Official figure",""
"QCL","Crops and livestock products","578","Norway","5412","Yield","01353.01","Raspberries","2012","2012","kg/ha","7117.8","A","Official figure",""
"QCL","Crops and livestock products","578","Norway","5510","Production","01353.01","Raspberries","2012","2012","t","2235","A","Official figure",""
"QCL","Crops and livestock products","578","Norway","5312","Area harvested","01353.01","Raspberries","2013","2013","ha","364","A","Official figure",""
"QCL","Crops and livestock products","578","Norway","5412","Yield","01353.01","Raspberries","2013","2013","kg/ha","5648.4","A","Official figure",""
"QCL","Crops and livestock products","578","Norway","5510","Production","01353.01","Raspberries","2013","2013","t","2056","A","Official figure",""
"QCL","Crops and livestock products","578","Norway","5312","Area harvested","01353.01","Raspberries","2014","2014","ha","371","A","Official figure",""
"QCL","Crops and livestock products","578","Norway","5412","Yield","01353.01","Raspberries","2014","2014","kg/ha","6846.4","A","Official figure",""
"QCL","Crops and livestock products","578","Norway","5510","Production","01353.01","Raspberries","2014","2014","t","2540","A","Official figure",""
"QCL","Crops and livestock products","578","Norway","5312","Area harvested","01353.01","Raspberries","2015","2015","ha","405","A","Official figure",""
"QCL","Crops and livestock products","578","Norway","5412","Yield","01353.01","Raspberries","2015","2015","kg/ha","7019.8","A","Official figure",""
"QCL","Crops and livestock products","578","Norway","5510","Production","01353.01","Raspberries","2015","2015","t","2843","A","Official figure",""
"QCL","Crops and livestock products","578","Norway","5312","Area harvested","01353.01","Raspberries","2016","2016","ha","405","A","Official figure",""
"QCL","Crops and livestock products","578","Norway","5412","Yield","01353.01","Raspberries","2016","2016","kg/ha","7264.2","A","Official figure",""
"QCL","Crops and livestock products","578","Norway","5510","Production","01353.01","Raspberries","2016","2016","t","2942","A","Official figure",""
"QCL","Crops and livestock products","578","Norway","5312","Area harvested","01353.01","Raspberries","2017","2017","ha","405","A","Official figure",""
"QCL","Crops and livestock products","578","Norway","5412","Yield","01353.01","Raspberries","2017","2017","kg/ha","7392.6","A","Official figure",""
"QCL","Crops and livestock products","578","Norway","5510","Production","01353.01","Raspberries","2017","2017","t","2994","A","Official figure",""
"QCL","Crops and livestock products","578","Norway","5312","Area harvested","01353.01","Raspberries","2018","2018","ha","396","A","Official figure",""
"QCL","Crops and livestock products","578","Norway","5412","Yield","01353.01","Raspberries","2018","2018","kg/ha","6563.1","A","Official figure",""
"QCL","Crops and livestock products","578","Norway","5510","Production","01353.01","Raspberries","2018","2018","t","2599","A","Official figure",""
"QCL","Crops and livestock products","578","Norway","5312","Area harvested","01353.01","Raspberries","2019","2019","ha","379","A","Official figure",""
"QCL","Crops and livestock products","578","Norway","5412","Yield","01353.01","Raspberries","2019","2019","kg/ha","6306.1","A","Official figure",""
"QCL","Crops and livestock products","578","Norway","5510","Production","01353.01","Raspberries","2019","2019","t","2390","A","Official figure",""
"QCL","Crops and livestock products","578","Norway","5312","Area harvested","01353.01","Raspberries","2020","2020","ha","350","A","Official figure",""
"QCL","Crops and livestock products","578","Norway","5412","Yield","01353.01","Raspberries","2020","2020","kg/ha","5891.4","A","Official figure",""
"QCL","Crops and livestock products","578","Norway","5510","Production","01353.01","Raspberries","2020","2020","t","2062","A","Official figure",""
"QCL","Crops and livestock products","578","Norway","5312","Area harvested","01353.01","Raspberries","2021","2021","ha","331","A","Official figure",""
"QCL","Crops and livestock products","578","Norway","5412","Yield","01353.01","Raspberries","2021","2021","kg/ha","5432","A","Official figure",""
"QCL","Crops and livestock products","578","Norway","5510","Production","01353.01","Raspberries","2021","2021","t","1798","A","Official figure",""
"QCL","Crops and livestock products","578","Norway","5312","Area harvested","01353.01","Raspberries","2022","2022","ha","290","A","Official figure",""
"QCL","Crops and livestock products","578","Norway","5412","Yield","01353.01","Raspberries","2022","2022","kg/ha","6562.1","A","Official figure",""
"QCL","Crops and livestock products","578","Norway","5510","Production","01353.01","Raspberries","2022","2022","t","1903","A","Official figure",""
"QCL","Crops and livestock products","578","Norway","5312","Area harvested","01353.01","Raspberries","2023","2023","ha","274","A","Official figure",""
"QCL","Crops and livestock products","578","Norway","5412","Yield","01353.01","Raspberries","2023","2023","kg/ha","7427","A","Official figure",""
"QCL","Crops and livestock products","578","Norway","5510","Production","01353.01","Raspberries","2023","2023","t","2035","A","Official figure",""
"QCL","Crops and livestock products","578","Norway","5510","Production","02951.03","Raw hides and skins of buffaloes","2023","2023","t","","M","Missing value; data cannot exist",""
"QCL","Crops and livestock products","578","Norway","5510","Production","02951.01","Raw hides and skins of cattle","2010","2010","t","5138.95","I","Value 
imputed by a
receiving 
agency",""
"QCL","Crops and livestock products","578","Norway","5320","Producing Animals/Slaughtered","02951.01","Raw hides and skins of cattle","2010","2010","An","306840","A","Official figure",""
"QCL","Crops and livestock products","578","Norway","5510","Production","02951.01","Raw hides and skins of cattle","2011","2011","t","5023.88","I","Value 
imputed by a
receiving 
agency",""
"QCL","Crops and livestock products","578","Norway","5320","Producing Animals/Slaughtered","02951.01","Raw hides and skins of cattle","2011","2011","An","305595","A","Official figure",""
"QCL","Crops and livestock products","578","Norway","5510","Production","02951.01","Raw hides and skins of cattle","2012","2012","t","4798.89","I","Value 
imputed by a
receiving 
agency",""
"QCL","Crops and livestock products","578","Norway","5320","Producing Animals/Slaughtered","02951.01","Raw hides and skins of cattle","2012","2012","An","294032","A","Official figure",""
"QCL","Crops and livestock products","578","Norway","5510","Production","02951.01","Raw hides and skins of cattle","2013","2013","t","5150.52","I","Value 
imputed by a
receiving 
agency",""
"QCL","Crops and livestock products","578","Norway","5320","Producing Animals/Slaughtered","02951.01","Raw hides and skins of cattle","2013","2013","An","312331","A","Official figure",""
"QCL","Crops and livestock products","578","Norway","5510","Production","02951.01","Raw hides and skins of cattle","2014","2014","t","4845.05","I","Value 
imputed by a
receiving 
agency",""
"QCL","Crops and livestock products","578","Norway","5320","Producing Animals/Slaughtered","02951.01","Raw hides and skins of cattle","2014","2014","An","290328","A","Official figure",""
"QCL","Crops and livestock products","578","Norway","5510","Production","02951.01","Raw hides and skins of cattle","2015","2015","t","4902.89","I","Value 
imputed by a
receiving 
agency",""
"QCL","Crops and livestock products","578","Norway","5320","Producing Animals/Slaughtered","02951.01","Raw hides and skins of cattle","2015","2015","An","284092","A","Official figure",""
"QCL","Crops and livestock products","578","Norway","5510","Production","02951.01","Raw hides and skins of cattle","2016","2016","t","5026.22","I","Value 
imputed by a
receiving 
agency",""
"QCL","Crops and livestock products","578","Norway","5320","Producing Animals/Slaughtered","02951.01","Raw hides and skins of cattle","2016","2016","An","286213","A","Official figure",""
"QCL","Crops and livestock products","578","Norway","5510","Production","02951.01","Raw hides and skins of cattle","2017","2017","t","5242.83","I","Value 
imputed by a
receiving 
agency",""
"QCL","Crops and livestock products","578","Norway","5320","Producing Animals/Slaughtered","02951.01","Raw hides and skins of cattle","2017","2017","An","298013","A","Official figure",""
"QCL","Crops and livestock products","578","Norway","5510","Production","02951.01","Raw hides and skins of cattle","2018","2018","t","5501.29","I","Value 
imputed by a
receiving 
agency",""
"QCL","Crops and livestock products","578","Norway","5320","Producing Animals/Slaughtered","02951.01","Raw hides and skins of cattle","2018","2018","An","320081","A","Official figure",""
"QCL","Crops and livestock products","578","Norway","5510","Production","02951.01","Raw hides and skins of cattle","2019","2019","t","5354.34","I","Value 
imputed by a
receiving 
agency",""
"QCL","Crops and livestock products","578","Norway","5320","Producing Animals/Slaughtered","02951.01","Raw hides and skins of cattle","2019","2019","An","306075","A","Official figure",""
"QCL","Crops and livestock products","578","Norway","5510","Production","02951.01","Raw hides and skins of cattle","2020","2020","t","5248.92","I","Value 
imputed by a
receiving 
agency",""
"QCL","Crops and livestock products","578","Norway","5320","Producing Animals/Slaughtered","02951.01","Raw hides and skins of cattle","2020","2020","An","295680","A","Official figure",""
"QCL","Crops and livestock products","578","Norway","5510","Production","02951.01","Raw hides and skins of cattle","2021","2021","t","5399.14","I","Value 
imputed by a
receiving 
agency",""
"QCL","Crops and livestock products","578","Norway","5320","Producing Animals/Slaughtered","02951.01","Raw hides and skins of cattle","2021","2021","An","299941","A","Official figure",""
"QCL","Crops and livestock products","578","Norway","5510","Production","02951.01","Raw hides and skins of cattle","2022","2022","t","5680.68","I","Value 
imputed by a
receiving 
agency",""
"QCL","Crops and livestock products","578","Norway","5320","Producing Animals/Slaughtered","02951.01","Raw hides and skins of cattle","2022","2022","An","317800","A","Official figure",""
"QCL","Crops and livestock products","578","Norway","5510","Production","02951.01","Raw hides and skins of cattle","2023","2023","t","5572.86","I","Value 
imputed by a
receiving 
agency",""
"QCL","Crops and livestock products","578","Norway","5320","Producing Animals/Slaughtered","02951.01","Raw hides and skins of cattle","2023","2023","An","318900","A","Official figure",""
"QCL","Crops and livestock products","578","Norway","5510","Production","02954","Raw hides and skins of goats or kids","2010","2010","t","65.44","I","Value 
imputed by a
receiving 
agency",""
"QCL","Crops and livestock products","578","Norway","5320","Producing Animals/Slaughtered","02954","Raw hides and skins of goats or kids","2010","2010","An","24295","A","Official figure",""
"QCL","Crops and livestock products","578","Norway","5510","Production","02954","Raw hides and skins of goats or kids","2011","2011","t","54.04","I","Value 
imputed by a
receiving 
agency",""
"QCL","Crops and livestock products","578","Norway","5320","Producing Animals/Slaughtered","02954","Raw hides and skins of goats or kids","2011","2011","An","19889","A","Official figure",""
"QCL","Crops and livestock products","578","Norway","5510","Production","02954","Raw hides and skins of goats or kids","2012","2012","t","60.8","I","Value 
imputed by a
receiving 
agency",""
"QCL","Crops and livestock products","578","Norway","5320","Producing Animals/Slaughtered","02954","Raw hides and skins of goats or kids","2012","2012","An","20771","A","Official figure",""
"QCL","Crops and livestock products","578","Norway","5510","Production","02954","Raw hides and skins of goats or kids","2013","2013","t","72.2","I","Value 
imputed by a
receiving 
agency",""
"QCL","Crops and livestock products","578","Norway","5320","Producing Animals/Slaughtered","02954","Raw hides and skins of goats or kids","2013","2013","An","23630","A","Official figure",""
"QCL","Crops and livestock products","578","Norway","5510","Production","02954","Raw hides and skins of goats or kids","2014","2014","t","61.22","I","Value 
imputed by a
receiving 
agency",""
"QCL","Crops and livestock products","578","Norway","5320","Producing Animals/Slaughtered","02954","Raw hides and skins of goats or kids","2014","2014","An","21398","A","Official figure",""
"QCL","Crops and livestock products","578","Norway","5510","Production","02954","Raw hides and skins of goats or kids","2015","2015","t","61.01","I","Value 
imputed by a
receiving 
agency",""
"QCL","Crops and livestock products","578","Norway","5320","Producing Animals/Slaughtered","02954","Raw hides and skins of goats or kids","2015","2015","An","24011","A","Official figure",""
"QCL","Crops and livestock products","578","Norway","5510","Production","02954","Raw hides and skins of goats or kids","2016","2016","t","63.54","I","Value 
imputed by a
receiving 
agency",""
"QCL","Crops and livestock products","578","Norway","5320","Producing Animals/Slaughtered","02954","Raw hides and skins of goats or kids","2016","2016","An","23820","A","Official figure",""
"QCL","Crops and livestock products","578","Norway","5510","Production","02954","Raw hides and skins of goats or kids","2017","2017","t","75.16","I","Value 
imputed by a
receiving 
agency",""
"QCL","Crops and livestock products","578","Norway","5320","Producing Animals/Slaughtered","02954","Raw hides and skins of goats or kids","2017","2017","An","28617","A","Official figure",""
"QCL","Crops and livestock products","578","Norway","5510","Production","02954","Raw hides and skins of goats or kids","2018","2018","t","74.94","I","Value 
imputed by a
receiving 
agency",""
"QCL","Crops and livestock products","578","Norway","5320","Producing Animals/Slaughtered","02954","Raw hides and skins of goats or kids","2018","2018","An","29165","A","Official figure",""
"QCL","Crops and livestock products","578","Norway","5510","Production","02954","Raw hides and skins of goats or kids","2019","2019","t","72.41","I","Value 
imputed by a
receiving 
agency",""
"QCL","Crops and livestock products","578","Norway","5320","Producing Animals/Slaughtered","02954","Raw hides and skins of goats or kids","2019","2019","An","27722","A","Official figure",""
"QCL","Crops and livestock products","578","Norway","5510","Production","02954","Raw hides and skins of goats or kids","2020","2020","t","73.68","I","Value 
imputed by a
receiving 
agency",""
"QCL","Crops and livestock products","578","Norway","5320","Producing Animals/Slaughtered","02954","Raw hides and skins of goats or kids","2020","2020","An","27777","A","Official figure",""
"QCL","Crops and livestock products","578","Norway","5510","Production","02954","Raw hides and skins of goats or kids","2021","2021","t","73.68","I","Value 
imputed by a
receiving 
agency",""
"QCL","Crops and livestock products","578","Norway","5320","Producing Animals/Slaughtered","02954","Raw hides and skins of goats or kids","2021","2021","An","27449","A","Official figure",""
"QCL","Crops and livestock products","578","Norway","5510","Production","02954","Raw hides and skins of goats or kids","2022","2022","t","71.57","I","Value 
imputed by a
receiving 
agency",""
"QCL","Crops and livestock products","578","Norway","5320","Producing Animals/Slaughtered","02954","Raw hides and skins of goats or kids","2022","2022","An","20900","A","Official figure",""
"QCL","Crops and livestock products","578","Norway","5510","Production","02954","Raw hides and skins of goats or kids","2023","2023","t","72.62","I","Value 
imputed by a
receiving 
agency",""
"QCL","Crops and livestock products","578","Norway","5320","Producing Animals/Slaughtered","02954","Raw hides and skins of goats or kids","2023","2023","An","27800","A","Official figure",""
"QCL","Crops and livestock products","578","Norway","5510","Production","02953","Raw hides and skins of sheep or lambs","2010","2010","t","7059.87","I","Value 
imputed by a
receiving 
agency",""
"QCL","Crops and livestock products","578","Norway","5320","Producing Animals/Slaughtered","02953","Raw hides and skins of sheep or lambs","2010","2010","An","1203824","A","Official figure",""
"QCL","Crops and livestock products","578","Norway","5510","Production","02953","Raw hides and skins of sheep or lambs","2011","2011","t","6754.8","I","Value 
imputed by a
receiving 
agency",""
"QCL","Crops and livestock products","578","Norway","5320","Producing Animals/Slaughtered","02953","Raw hides and skins of sheep or lambs","2011","2011","An","1184459","A","Official figure",""
"QCL","Crops and livestock products","578","Norway","5510","Production","02953","Raw hides and skins of sheep or lambs","2012","2012","t","6580.02","I","Value 
imputed by a
receiving 
agency",""
"QCL","Crops and livestock products","578","Norway","5320","Producing Animals/Slaughtered","02953","Raw hides and skins of sheep or lambs","2012","2012","An","1133891","A","Official figure",""
"QCL","Crops and livestock products","578","Norway","5510","Production","02953","Raw hides and skins of sheep or lambs","2013","2013","t","6766.93","I","Value 
imputed by a
receiving 
agency",""
"QCL","Crops and livestock products","578","Norway","5320","Producing Animals/Slaughtered","02953","Raw hides and skins of sheep or lambs","2013","2013","An","1174920","A","Official figure",""
"QCL","Crops and livestock products","578","Norway","5510","Production","02953","Raw hides and skins of sheep or lambs","2014","2014","t","6978.4","I","Value 
imputed by a
receiving 
agency",""
"QCL","Crops and livestock products","578","Norway","5320","Producing Animals/Slaughtered","02953","Raw hides and skins of sheep or lambs","2014","2014","An","1177866","A","Official figure",""
"QCL","Crops and livestock products","578","Norway","5510","Production","02953","Raw hides and skins of sheep or lambs","2015","2015","t","7382.56","I","Value 
imputed by a
receiving 
agency",""
"QCL","Crops and livestock products","578","Norway","5320","Producing Animals/Slaughtered","02953","Raw hides and skins of sheep or lambs","2015","2015","An","1227830","A","Official figure",""
"QCL","Crops and livestock products","578","Norway","5510","Production","02953","Raw hides and skins of sheep or lambs","2016","2016","t","7508.22","I","Value 
imputed by a
receiving 
agency",""
"QCL","Crops and livestock products","578","Norway","5320","Producing Animals/Slaughtered","02953","Raw hides and skins of sheep or lambs","2016","2016","An","1284601","A","Official figure",""
"QCL","Crops and livestock products","578","Norway","5510","Production","02953","Raw hides and skins of sheep or lambs","2017","2017","t","7928.56","I","Value 
imputed by a
receiving 
agency",""
"QCL","Crops and livestock products","578","Norway","5320","Producing Animals/Slaughtered","02953","Raw hides and skins of sheep or lambs","2017","2017","An","1376317","A","Official figure",""
"QCL","Crops and livestock products","578","Norway","5510","Production","02953","Raw hides and skins of sheep or lambs","2018","2018","t","7792.2","I","Value 
imputed by a
receiving 
agency",""
"QCL","Crops and livestock products","578","Norway","5320","Producing Animals/Slaughtered","02953","Raw hides and skins of sheep or lambs","2018","2018","An","1351716","A","Official figure",""
"QCL","Crops and livestock products","578","Norway","5510","Production","02953","Raw hides and skins of sheep or lambs","2019","2019","t","7015.67","I","Value 
imputed by a
receiving 
agency",""
"QCL","Crops and livestock products","578","Norway","5320","Producing Animals/Slaughtered","02953","Raw hides and skins of sheep or lambs","2019","2019","An","1208744","A","Official figure",""
"QCL","Crops and livestock products","578","Norway","5510","Production","02953","Raw hides and skins of sheep or lambs","2020","2020","t","7095.4","I","Value 
imputed by a
receiving 
agency",""
"QCL","Crops and livestock products","578","Norway","5320","Producing Animals/Slaughtered","02953","Raw hides and skins of sheep or lambs","2020","2020","An","1212726","A","Official figure",""
"QCL","Crops and livestock products","578","Norway","5510","Production","02953","Raw hides and skins of sheep or lambs","2021","2021","t","7039.93","I","Value 
imputed by a
receiving 
agency",""
"QCL","Crops and livestock products","578","Norway","5320","Producing Animals/Slaughtered","02953","Raw hides and skins of sheep or lambs","2021","2021","An","1200088","A","Official figure",""
"QCL","Crops and livestock products","578","Norway","5510","Production","02953","Raw hides and skins of sheep or lambs","2022","2022","t","6783.11","I","Value 
imputed by a
receiving 
agency",""
"QCL","Crops and livestock products","578","Norway","5320","Producing Animals/Slaughtered","02953","Raw hides and skins of sheep or lambs","2022","2022","An","1164900","A","Official figure",""
"QCL","Crops and livestock products","578","Norway","5510","Production","02953","Raw hides and skins of sheep or lambs","2023","2023","t","6462.44","I","Value 
imputed by a
receiving 
agency",""
"QCL","Crops and livestock products","578","Norway","5320","Producing Animals/Slaughtered","02953","Raw hides and skins of sheep or lambs","2023","2023","An","1112600","A","Official figure",""
"QCL","Crops and livestock products","578","Norway","5510","Production","02211","Raw milk of cattle","2010","2010","t","1558520","A","Official figure",""
"QCL","Crops and livestock products","578","Norway","5318","Milk Animals","02211","Raw milk of cattle","2010","2010","An","238442","A","Official figure",""
"QCL","Crops and livestock products","578","Norway","5510","Production","02211","Raw milk of cattle","2011","2011","t","1527543","A","Official figure",""
"QCL","Crops and livestock products","578","Norway","5318","Milk Animals","02211","Raw milk of cattle","2011","2011","An","233347","A","Official figure",""
"QCL","Crops and livestock products","578","Norway","5510","Production","02211","Raw milk of cattle","2012","2012","t","1584408","A","Official figure",""
"QCL","Crops and livestock products","578","Norway","5318","Milk Animals","02211","Raw milk of cattle","2012","2012","An","233257","A","Official figure",""
"QCL","Crops and livestock products","578","Norway","5510","Production","02211","Raw milk of cattle","2013","2013","t","1577832","A","Official figure",""
"QCL","Crops and livestock products","578","Norway","5318","Milk Animals","02211","Raw milk of cattle","2013","2013","An","228895","A","Official figure",""
"QCL","Crops and livestock products","578","Norway","5510","Production","02211","Raw milk of cattle","2014","2014","t","1561868","A","Official figure",""
"QCL","Crops and livestock products","578","Norway","5318","Milk Animals","02211","Raw milk of cattle","2014","2014","An","223997","A","Official figure",""
"QCL","Crops and livestock products","578","Norway","5510","Production","02211","Raw milk of cattle","2015","2015","t","1586580","A","Official figure",""
"QCL","Crops and livestock products","578","Norway","5318","Milk Animals","02211","Raw milk of cattle","2015","2015","An","224298","A","Official figure",""
"QCL","Crops and livestock products","578","Norway","5510","Production","02211","Raw milk of cattle","2016","2016","t","1572750","A","Official figure",""
"QCL","Crops and livestock products","578","Norway","5318","Milk Animals","02211","Raw milk of cattle","2016","2016","An","221485","A","Official figure",""
"QCL","Crops and livestock products","578","Norway","5510","Production","02211","Raw milk of cattle","2017","2017","t","1544074","A","Official figure",""
"QCL","Crops and livestock products","578","Norway","5318","Milk Animals","02211","Raw milk of cattle","2017","2017","An","219265","A","Official figure",""
"QCL","Crops and livestock products","578","Norway","5510","Production","02211","Raw milk of cattle","2018","2018","t","1571897","A","Official figure",""
"QCL","Crops and livestock products","578","Norway","5318","Milk Animals","02211","Raw milk of cattle","2018","2018","An","219016","A","Official figure",""
"QCL","Crops and livestock products","578","Norway","5510","Production","02211","Raw milk of cattle","2019","2019","t","1529780","A","Official figure",""
"QCL","Crops and livestock products","578","Norway","5318","Milk Animals","02211","Raw milk of cattle","2019","2019","An","210540","A","Official figure",""
"QCL","Crops and livestock products","578","Norway","5510","Production","02211","Raw milk of cattle","2020","2020","t","1547025","A","Official figure",""
"QCL","Crops and livestock products","578","Norway","5318","Milk Animals","02211","Raw milk of cattle","2020","2020","An","213511","A","Official figure",""
"QCL","Crops and livestock products","578","Norway","5510","Production","02211","Raw milk of cattle","2021","2021","t","1572450","A","Official figure",""
"QCL","Crops and livestock products","578","Norway","5318","Milk Animals","02211","Raw milk of cattle","2021","2021","An","215349","A","Official figure",""
"QCL","Crops and livestock products","578","Norway","5510","Production","02211","Raw milk of cattle","2022","2022","t","1494018","A","Official figure",""
"QCL","Crops and livestock products","578","Norway","5318","Milk Animals","02211","Raw milk of cattle","2022","2022","An","208400","A","Official figure",""
"QCL","Crops and livestock products","578","Norway","5510","Production","02211","Raw milk of cattle","2023","2023","t","1426772","A","Official figure",""
"QCL","Crops and livestock products","578","Norway","5318","Milk Animals","02211","Raw milk of cattle","2023","2023","An","204300","A","Official figure",""
"QCL","Crops and livestock products","578","Norway","5510","Production","02292","Raw milk of goats","2010","2010","t","21400","A","Official figure",""
"QCL","Crops and livestock products","578","Norway","5318","Milk Animals","02292","Raw milk of goats","2010","2010","An","36650","A","Official figure",""
"QCL","Crops and livestock products","578","Norway","5510","Production","02292","Raw milk of goats","2011","2011","t","20964","A","Official figure",""
"QCL","Crops and livestock products","578","Norway","5318","Milk Animals","02292","Raw milk of goats","2011","2011","An","35476","A","Official figure",""
"QCL","Crops and livestock products","578","Norway","5510","Production","02292","Raw milk of goats","2012","2012","t","20893","A","Official figure",""
"QCL","Crops and livestock products","578","Norway","5318","Milk Animals","02292","Raw milk of goats","2012","2012","An","35154","A","Official figure",""
"QCL","Crops and livestock products","578","Norway","5510","Production","02292","Raw milk of goats","2013","2013","t","20386","A","Official figure",""
"QCL","Crops and livestock products","578","Norway","5318","Milk Animals","02292","Raw milk of goats","2013","2013","An","33064","A","Official figure",""
"QCL","Crops and livestock products","578","Norway","5510","Production","02292","Raw milk of goats","2014","2014","t","20019","A","Official figure",""
"QCL","Crops and livestock products","578","Norway","5318","Milk Animals","02292","Raw milk of goats","2014","2014","An","31515","A","Official figure",""
"QCL","Crops and livestock products","578","Norway","5510","Production","02292","Raw milk of goats","2015","2015","t","21814","A","Official figure",""
"QCL","Crops and livestock products","578","Norway","5318","Milk Animals","02292","Raw milk of goats","2015","2015","An","33702","A","Official figure",""
"QCL","Crops and livestock products","578","Norway","5510","Production","02292","Raw milk of goats","2016","2016","t","22107","A","Official figure",""
"QCL","Crops and livestock products","578","Norway","5318","Milk Animals","02292","Raw milk of goats","2016","2016","An","34982","A","Official figure",""
"QCL","Crops and livestock products","578","Norway","5510","Production","02292","Raw milk of goats","2017","2017","t","21696","A","Official figure",""
"QCL","Crops and livestock products","578","Norway","5318","Milk Animals","02292","Raw milk of goats","2017","2017","An","33913","A","Official figure",""
"QCL","Crops and livestock products","578","Norway","5510","Production","02292","Raw milk of goats","2018","2018","t","21905","A","Official figure",""
"QCL","Crops and livestock products","578","Norway","5318","Milk Animals","02292","Raw milk of goats","2018","2018","An","34462","A","Official figure",""
"QCL","Crops and livestock products","578","Norway","5510","Production","02292","Raw milk of goats","2019","2019","t","21494","A","Official figure",""
"QCL","Crops and livestock products","578","Norway","5318","Milk Animals","02292","Raw milk of goats","2019","2019","An","34278","A","Official figure",""
"QCL","Crops and livestock products","578","Norway","5510","Production","02292","Raw milk of goats","2020","2020","t","21445","A","Official figure",""
"QCL","Crops and livestock products","578","Norway","5318","Milk Animals","02292","Raw milk of goats","2020","2020","An","33695","A","Official figure",""
"QCL","Crops and livestock products","578","Norway","5510","Production","02292","Raw milk of goats","2021","2021","t","19638","A","Official figure",""
"QCL","Crops and livestock products","578","Norway","5318","Milk Animals","02292","Raw milk of goats","2021","2021","An","33861","A","Official figure",""
"QCL","Crops and livestock products","578","Norway","5510","Production","02292","Raw milk of goats","2022","2022","t","19238","A","Official figure",""
"QCL","Crops and livestock products","578","Norway","5318","Milk Animals","02292","Raw milk of goats","2022","2022","An","33500","A","Official figure",""
"QCL","Crops and livestock products","578","Norway","5510","Production","02292","Raw milk of goats","2023","2023","t","19000","A","Official figure",""
"QCL","Crops and livestock products","578","Norway","5318","Milk Animals","02292","Raw milk of goats","2023","2023","An","32600","A","Official figure",""
"QCL","Crops and livestock products","578","Norway","5312","Area harvested","0116","Rye","2010","2010","ha","6760","A","Official figure",""
"QCL","Crops and livestock products","578","Norway","5412","Yield","0116","Rye","2010","2010","kg/ha","5059.2","A","Official figure",""
"QCL","Crops and livestock products","578","Norway","5510","Production","0116","Rye","2010","2010","t","34200","A","Official figure",""
"QCL","Crops and livestock products","578","Norway","5312","Area harvested","0116","Rye","2011","2011","ha","5281","A","Official figure",""
"QCL","Crops and livestock products","578","Norway","5412","Yield","0116","Rye","2011","2011","kg/ha","3080.9","A","Official figure",""
"QCL","Crops and livestock products","578","Norway","5510","Production","0116","Rye","2011","2011","t","16270","A","Official figure",""
"QCL","Crops and livestock products","578","Norway","5312","Area harvested","0116","Rye","2012","2012","ha","1476","A","Official figure",""
"QCL","Crops and livestock products","578","Norway","5412","Yield","0116","Rye","2012","2012","kg/ha","3313","A","Official figure",""
"QCL","Crops and livestock products","578","Norway","5510","Production","0116","Rye","2012","2012","t","4890","A","Official figure",""
"QCL","Crops and livestock products","578","Norway","5312","Area harvested","0116","Rye","2013","2013","ha","3014","A","Official figure",""
"QCL","Crops and livestock products","578","Norway","5412","Yield","0116","Rye","2013","2013","kg/ha","4223.6","A","Official figure",""
"QCL","Crops and livestock products","578","Norway","5510","Production","0116","Rye","2013","2013","t","12730","A","Official figure",""
"QCL","Crops and livestock products","578","Norway","5312","Area harvested","0116","Rye","2014","2014","ha","6095","A","Official figure",""
"QCL","Crops and livestock products","578","Norway","5412","Yield","0116","Rye","2014","2014","kg/ha","6251","A","Official figure",""
"QCL","Crops and livestock products","578","Norway","5510","Production","0116","Rye","2014","2014","t","38100","A","Official figure",""
"QCL","Crops and livestock products","578","Norway","5312","Area harvested","0116","Rye","2015","2015","ha","10413","A","Official figure",""
"QCL","Crops and livestock products","578","Norway","5412","Yield","0116","Rye","2015","2015","kg/ha","6357.4","A","Official figure",""
"QCL","Crops and livestock products","578","Norway","5510","Production","0116","Rye","2015","2015","t","66200","A","Official figure",""
"QCL","Crops and livestock products","578","Norway","5312","Area harvested","0116","Rye","2016","2016","ha","4572","A","Official figure",""
"QCL","Crops and livestock products","578","Norway","5412","Yield","0116","Rye","2016","2016","kg/ha","5052.5","A","Official figure",""
"QCL","Crops and livestock products","578","Norway","5510","Production","0116","Rye","2016","2016","t","23100","A","Official figure",""
"QCL","Crops and livestock products","578","Norway","5312","Area harvested","0116","Rye","2017","2017","ha","8369","A","Official figure",""
"QCL","Crops and livestock products","578","Norway","5412","Yield","0116","Rye","2017","2017","kg/ha","5974.4","A","Official figure",""
"QCL","Crops and livestock products","578","Norway","5510","Production","0116","Rye","2017","2017","t","50000","A","Official figure",""
"QCL","Crops and livestock products","578","Norway","5312","Area harvested","0116","Rye","2018","2018","ha","3329","A","Official figure",""
"QCL","Crops and livestock products","578","Norway","5412","Yield","0116","Rye","2018","2018","kg/ha","2373.1","A","Official figure",""
"QCL","Crops and livestock products","578","Norway","5510","Production","0116","Rye","2018","2018","t","7900","A","Official figure",""
"QCL","Crops and livestock products","578","Norway","5312","Area harvested","0116","Rye","2019","2019","ha","9313","A","Official figure",""
"QCL","Crops and livestock products","578","Norway","5412","Yield","0116","Rye","2019","2019","kg/ha","5476.2","A","Official figure",""
"QCL","Crops and livestock products","578","Norway","5510","Production","0116","Rye","2019","2019","t","51000","A","Official figure",""
"QCL","Crops and livestock products","578","Norway","5312","Area harvested","0116","Rye","2020","2020","ha","6525","A","Official figure",""
"QCL","Crops and livestock products","578","Norway","5412","Yield","0116","Rye","2020","2020","kg/ha","5333.3","A","Official figure",""
"QCL","Crops and livestock products","578","Norway","5510","Production","0116","Rye","2020","2020","t","34800","A","Official figure",""
"QCL","Crops and livestock products","578","Norway","5312","Area harvested","0116","Rye","2021","2021","ha","8312","A","Official figure",""
"QCL","Crops and livestock products","578","Norway","5412","Yield","0116","Rye","2021","2021","kg/ha","4692","A","Official figure",""
"QCL","Crops and livestock products","578","Norway","5510","Production","0116","Rye","2021","2021","t","39000","A","Official figure",""
"QCL","Crops and livestock products","578","Norway","5312","Area harvested","0116","Rye","2022","2022","ha","10623","A","Official figure",""
"QCL","Crops and livestock products","578","Norway","5412","Yield","0116","Rye","2022","2022","kg/ha","5554","A","Official figure",""
"QCL","Crops and livestock products","578","Norway","5510","Production","0116","Rye","2022","2022","t","59000","A","Official figure",""
"QCL","Crops and livestock products","578","Norway","5312","Area harvested","0116","Rye","2023","2023","ha","8777","A","Official figure",""
"QCL","Crops and livestock products","578","Norway","5412","Yield","0116","Rye","2023","2023","kg/ha","3304.1","A","Official figure",""
"QCL","Crops and livestock products","578","Norway","5510","Production","0116","Rye","2023","2023","t","29000","A","Official figure",""
"QCL","Crops and livestock products","578","Norway","5510","Production","21631.02","Safflower-seed oil, crude","2010","2010","t","","M","Missing value; data cannot exist",""
"QCL","Crops and livestock products","578","Norway","5111","Stocks","02122","Sheep","2010","2010","An","2308291","A","Official figure",""
"QCL","Crops and livestock products","578","Norway","5111","Stocks","02122","Sheep","2011","2011","An","2300471","A","Official figure",""
"QCL","Crops and livestock products","578","Norway","5111","Stocks","02122","Sheep","2012","2012","An","2229734","A","Official figure",""
"QCL","Crops and livestock products","578","Norway","5111","Stocks","02122","Sheep","2013","2013","An","2273941","A","Official figure",""
"QCL","Crops and livestock products","578","Norway","5111","Stocks","02122","Sheep","2014","2014","An","2287410","A","Official figure",""
"QCL","Crops and livestock products","578","Norway","5111","Stocks","02122","Sheep","2015","2015","An","2380491","A","Official figure",""
"QCL","Crops and livestock products","578","Norway","5111","Stocks","02122","Sheep","2016","2016","An","2477400","A","Official figure",""
"QCL","Crops and livestock products","578","Norway","5111","Stocks","02122","Sheep","2017","2017","An","2417813","A","Official figure",""
"QCL","Crops and livestock products","578","Norway","5111","Stocks","02122","Sheep","2018","2018","An","2403826","A","Official figure",""
"QCL","Crops and livestock products","578","Norway","5111","Stocks","02122","Sheep","2019","2019","An","2306313","A","Official figure",""
"QCL","Crops and livestock products","578","Norway","5111","Stocks","02122","Sheep","2020","2020","An","2295736","A","Official figure",""
"QCL","Crops and livestock products","578","Norway","5111","Stocks","02122","Sheep","2021","2021","An","2264789","A","Official figure",""
"QCL","Crops and livestock products","578","Norway","5111","Stocks","02122","Sheep","2022","2022","An","2253000","A","Official figure",""
"QCL","Crops and livestock products","578","Norway","5111","Stocks","02122","Sheep","2023","2023","An","2191100","A","Official figure",""
"QCL","Crops and livestock products","578","Norway","5510","Production","21514","Sheep fat, unrendered","2010","2010","t","868.91","I","Value 
imputed by a
receiving 
agency",""
"QCL","Crops and livestock products","578","Norway","5320","Producing Animals/Slaughtered","21514","Sheep fat, unrendered","2010","2010","An","1203824","A","Official figure",""
"QCL","Crops and livestock products","578","Norway","5510","Production","21514","Sheep fat, unrendered","2011","2011","t","831.36","I","Value 
imputed by a
receiving 
agency",""
"QCL","Crops and livestock products","578","Norway","5320","Producing Animals/Slaughtered","21514","Sheep fat, unrendered","2011","2011","An","1184459","A","Official figure",""
"QCL","Crops and livestock products","578","Norway","5510","Production","21514","Sheep fat, unrendered","2012","2012","t","809.85","I","Value 
imputed by a
receiving 
agency",""
"QCL","Crops and livestock products","578","Norway","5320","Producing Animals/Slaughtered","21514","Sheep fat, unrendered","2012","2012","An","1133891","A","Official figure",""
"QCL","Crops and livestock products","578","Norway","5510","Production","21514","Sheep fat, unrendered","2013","2013","t","832.85","I","Value 
imputed by a
receiving 
agency",""
"QCL","Crops and livestock products","578","Norway","5320","Producing Animals/Slaughtered","21514","Sheep fat, unrendered","2013","2013","An","1174920","A","Official figure",""
"QCL","Crops and livestock products","578","Norway","5510","Production","21514","Sheep fat, unrendered","2014","2014","t","858.88","I","Value 
imputed by a
receiving 
agency",""
"QCL","Crops and livestock products","578","Norway","5320","Producing Animals/Slaughtered","21514","Sheep fat, unrendered","2014","2014","An","1177866","A","Official figure",""
"QCL","Crops and livestock products","578","Norway","5510","Production","21514","Sheep fat, unrendered","2015","2015","t","908.62","I","Value 
imputed by a
receiving 
agency",""
"QCL","Crops and livestock products","578","Norway","5320","Producing Animals/Slaughtered","21514","Sheep fat, unrendered","2015","2015","An","1227830","A","Official figure",""
"QCL","Crops and livestock products","578","Norway","5510","Production","21514","Sheep fat, unrendered","2016","2016","t","924.09","I","Value 
imputed by a
receiving 
agency",""
"QCL","Crops and livestock products","578","Norway","5320","Producing Animals/Slaughtered","21514","Sheep fat, unrendered","2016","2016","An","1284601","A","Official figure",""
"QCL","Crops and livestock products","578","Norway","5510","Production","21514","Sheep fat, unrendered","2017","2017","t","975.82","I","Value 
imputed by a
receiving 
agency",""
"QCL","Crops and livestock products","578","Norway","5320","Producing Animals/Slaughtered","21514","Sheep fat, unrendered","2017","2017","An","1376317","A","Official figure",""
"QCL","Crops and livestock products","578","Norway","5510","Production","21514","Sheep fat, unrendered","2018","2018","t","959.04","I","Value 
imputed by a
receiving 
agency",""
"QCL","Crops and livestock products","578","Norway","5320","Producing Animals/Slaughtered","21514","Sheep fat, unrendered","2018","2018","An","1351716","A","Official figure",""
"QCL","Crops and livestock products","578","Norway","5510","Production","21514","Sheep fat, unrendered","2019","2019","t","863.47","I","Value 
imputed by a
receiving 
agency",""
"QCL","Crops and livestock products","578","Norway","5320","Producing Animals/Slaughtered","21514","Sheep fat, unrendered","2019","2019","An","1208744","A","Official figure",""
"QCL","Crops and livestock products","578","Norway","5510","Production","21514","Sheep fat, unrendered","2020","2020","t","873.28","I","Value 
imputed by a
receiving 
agency",""
"QCL","Crops and livestock products","578","Norway","5320","Producing Animals/Slaughtered","21514","Sheep fat, unrendered","2020","2020","An","1212726","A","Official figure",""
"QCL","Crops and livestock products","578","Norway","5510","Production","21514","Sheep fat, unrendered","2021","2021","t","866.45","I","Value 
imputed by a
receiving 
agency",""
"QCL","Crops and livestock products","578","Norway","5320","Producing Animals/Slaughtered","21514","Sheep fat, unrendered","2021","2021","An","1200088","A","Official figure",""
"QCL","Crops and livestock products","578","Norway","5510","Production","21514","Sheep fat, unrendered","2022","2022","t","834.84","I","Value 
imputed by a
receiving 
agency",""
"QCL","Crops and livestock products","578","Norway","5320","Producing Animals/Slaughtered","21514","Sheep fat, unrendered","2022","2022","An","1164900","A","Official figure",""
"QCL","Crops and livestock products","578","Norway","5510","Production","21514","Sheep fat, unrendered","2023","2023","t","795.38","I","Value 
imputed by a
receiving 
agency",""
"QCL","Crops and livestock products","578","Norway","5320","Producing Animals/Slaughtered","21514","Sheep fat, unrendered","2023","2023","An","1112600","A","Official figure",""
"QCL","Crops and livestock products","578","Norway","5510","Production","02941","Shorn wool, greasy, including fleece-washed shorn wool","2010","2010","t","4368","A","Official figure",""
"QCL","Crops and livestock products","578","Norway","5510","Production","02941","Shorn wool, greasy, including fleece-washed shorn wool","2011","2011","t","4155","A","Official figure",""
"QCL","Crops and livestock products","578","Norway","5510","Production","02941","Shorn wool, greasy, including fleece-washed shorn wool","2012","2012","t","3979","A","Official figure",""
"QCL","Crops and livestock products","578","Norway","5510","Production","02941","Shorn wool, greasy, including fleece-washed shorn wool","2013","2013","t","3942","A","Official figure",""
"QCL","Crops and livestock products","578","Norway","5510","Production","02941","Shorn wool, greasy, including fleece-washed shorn wool","2014","2014","t","3943","A","Official figure",""
"QCL","Crops and livestock products","578","Norway","5510","Production","02941","Shorn wool, greasy, including fleece-washed shorn wool","2015","2015","t","4031","A","Official figure",""
"QCL","Crops and livestock products","578","Norway","5510","Production","02941","Shorn wool, greasy, including fleece-washed shorn wool","2016","2016","t","4390","A","Official figure",""
"QCL","Crops and livestock products","578","Norway","5510","Production","02941","Shorn wool, greasy, including fleece-washed shorn wool","2017","2017","t","4052","A","Official figure",""
"QCL","Crops and livestock products","578","Norway","5510","Production","02941","Shorn wool, greasy, including fleece-washed shorn wool","2018","2018","t","3912","A","Official figure",""
"QCL","Crops and livestock products","578","Norway","5510","Production","02941","Shorn wool, greasy, including fleece-washed shorn wool","2019","2019","t","3662","A","Official figure",""
"QCL","Crops and livestock products","578","Norway","5510","Production","02941","Shorn wool, greasy, including fleece-washed shorn wool","2020","2020","t","3611","A","Official figure",""
"QCL","Crops and livestock products","578","Norway","5510","Production","02941","Shorn wool, greasy, including fleece-washed shorn wool","2021","2021","t","3449","A","Official figure",""
"QCL","Crops and livestock products","578","Norway","5510","Production","02941","Shorn wool, greasy, including fleece-washed shorn wool","2022","2022","t","3443","A","Official figure",""
"QCL","Crops and livestock products","578","Norway","5510","Production","02941","Shorn wool, greasy, including fleece-washed shorn wool","2023","2023","t","3414.37","I","Value 
imputed by a
receiving 
agency",""
"QCL","Crops and livestock products","578","Norway","5510","Production","22212","Skim milk and whey powder","2010","2010","t","6000","E","Estimated value",""
"QCL","Crops and livestock products","578","Norway","5510","Production","22212","Skim milk and whey powder","2011","2011","t","6000","E","Estimated value",""
"QCL","Crops and livestock products","578","Norway","5510","Production","22212","Skim milk and whey powder","2012","2012","t","8000","E","Estimated value",""
"QCL","Crops and livestock products","578","Norway","5510","Production","22212","Skim milk and whey powder","2013","2013","t","8000","E","Estimated value",""
"QCL","Crops and livestock products","578","Norway","5510","Production","22212","Skim milk and whey powder","2014","2014","t","15000","E","Estimated value",""
"QCL","Crops and livestock products","578","Norway","5510","Production","22212","Skim milk and whey powder","2015","2015","t","18361.43","I","Value 
imputed by a
receiving 
agency",""
"QCL","Crops and livestock products","578","Norway","5510","Production","22212","Skim milk and whey powder","2016","2016","t","18987.97","I","Value 
imputed by a
receiving 
agency",""
"QCL","Crops and livestock products","578","Norway","5510","Production","22212","Skim milk and whey powder","2017","2017","t","17112.3","I","Value 
imputed by a
receiving 
agency",""
"QCL","Crops and livestock products","578","Norway","5510","Production","22212","Skim milk and whey powder","2018","2018","t","18229.84","I","Value 
imputed by a
receiving 
agency",""
"QCL","Crops and livestock products","578","Norway","5510","Production","22212","Skim milk and whey powder","2019","2019","t","17927.83","I","Value 
imputed by a
receiving 
agency",""
"QCL","Crops and livestock products","578","Norway","5510","Production","22212","Skim milk and whey powder","2020","2020","t","17292.81","I","Value 
imputed by a
receiving 
agency",""
"QCL","Crops and livestock products","578","Norway","5510","Production","22212","Skim milk and whey powder","2021","2021","t","17296.83","I","Value 
imputed by a
receiving 
agency",""
"QCL","Crops and livestock products","578","Norway","5510","Production","22212","Skim milk and whey powder","2022","2022","t","18543.63","I","Value 
imputed by a
receiving 
agency",""
"QCL","Crops and livestock products","578","Norway","5510","Production","22110.02","Skim milk of cows","2010","2010","t","576707.88","I","Value 
imputed by a
receiving 
agency",""
"QCL","Crops and livestock products","578","Norway","5510","Production","22110.02","Skim milk of cows","2011","2011","t","567863.48","I","Value 
imputed by a
receiving 
agency",""
"QCL","Crops and livestock products","578","Norway","5510","Production","22110.02","Skim milk of cows","2012","2012","t","541519.75","I","Value 
imputed by a
receiving 
agency",""
"QCL","Crops and livestock products","578","Norway","5510","Production","22110.02","Skim milk of cows","2013","2013","t","548311.28","I","Value 
imputed by a
receiving 
agency",""
"QCL","Crops and livestock products","578","Norway","5510","Production","22110.02","Skim milk of cows","2014","2014","t","519004.55","I","Value 
imputed by a
receiving 
agency",""
"QCL","Crops and livestock products","578","Norway","5510","Production","22110.02","Skim milk of cows","2015","2015","t","561753.4","I","Value 
imputed by a
receiving 
agency",""
"QCL","Crops and livestock products","578","Norway","5510","Production","22110.02","Skim milk of cows","2016","2016","t","585075.03","I","Value 
imputed by a
receiving 
agency",""
"QCL","Crops and livestock products","578","Norway","5510","Production","22110.02","Skim milk of cows","2017","2017","t","529345.55","I","Value 
imputed by a
receiving 
agency",""
"QCL","Crops and livestock products","578","Norway","5510","Production","22110.02","Skim milk of cows","2018","2018","t","561107.75","I","Value 
imputed by a
receiving 
agency",""
"QCL","Crops and livestock products","578","Norway","5510","Production","22110.02","Skim milk of cows","2019","2019","t","552338.58","I","Value 
imputed by a
receiving 
agency",""
"QCL","Crops and livestock products","578","Norway","5510","Production","22110.02","Skim milk of cows","2020","2020","t","532697.23","I","Value 
imputed by a
receiving 
agency",""
"QCL","Crops and livestock products","578","Norway","5510","Production","22110.02","Skim milk of cows","2021","2021","t","532697.23","I","Value 
imputed by a
receiving 
agency",""
"QCL","Crops and livestock products","578","Norway","5510","Production","22110.02","Skim milk of cows","2022","2022","t","571213.41","I","Value 
imputed by a
receiving 
agency",""
"QCL","Crops and livestock products","578","Norway","5510","Production","2161","Soya bean oil","2010","2010","t","73300","X","Figure from external organization","Unofficial figure"
"QCL","Crops and livestock products","578","Norway","5510","Production","2161","Soya bean oil","2011","2011","t","72100","X","Figure from external organization","Unofficial figure"
"QCL","Crops and livestock products","578","Norway","5510","Production","2161","Soya bean oil","2012","2012","t","71400","X","Figure from external organization","Unofficial figure"
"QCL","Crops and livestock products","578","Norway","5510","Production","2161","Soya bean oil","2013","2013","t","72600","X","Figure from external organization","Unofficial figure"
"QCL","Crops and livestock products","578","Norway","5510","Production","2161","Soya bean oil","2014","2014","t","71000","X","Figure from external organization","Unofficial figure"
"QCL","Crops and livestock products","578","Norway","5510","Production","2161","Soya bean oil","2015","2015","t","77600","X","Figure from external organization","Unofficial figure"
"QCL","Crops and livestock products","578","Norway","5510","Production","2161","Soya bean oil","2016","2016","t","79900","X","Figure from external organization","Unofficial figure"
"QCL","Crops and livestock products","578","Norway","5510","Production","2161","Soya bean oil","2017","2017","t","77600","X","Figure from external organization","Unofficial figure"
"QCL","Crops and livestock products","578","Norway","5510","Production","2161","Soya bean oil","2018","2018","t","76700","X","Figure from external organization","Unofficial figure"
"QCL","Crops and livestock products","578","Norway","5510","Production","2161","Soya bean oil","2019","2019","t","82300","X","Figure from external organization","Unofficial figure"
"QCL","Crops and livestock products","578","Norway","5510","Production","2161","Soya bean oil","2020","2020","t","80000","X","Figure from external organization","Unofficial figure"
"QCL","Crops and livestock products","578","Norway","5510","Production","2161","Soya bean oil","2021","2021","t","85800","X","Figure from external organization","Unofficial figure"
"QCL","Crops and livestock products","578","Norway","5510","Production","2161","Soya bean oil","2022","2022","t","57500","X","Figure from external organization","Unofficial figure"
"QCL","Crops and livestock products","578","Norway","5312","Area harvested","01354","Strawberries","2010","2010","ha","1391","A","Official figure",""
"QCL","Crops and livestock products","578","Norway","5412","Yield","01354","Strawberries","2010","2010","kg/ha","5987.8","A","Official figure",""
"QCL","Crops and livestock products","578","Norway","5510","Production","01354","Strawberries","2010","2010","t","8329","A","Official figure",""
"QCL","Crops and livestock products","578","Norway","5312","Area harvested","01354","Strawberries","2011","2011","ha","1439","A","Official figure",""
"QCL","Crops and livestock products","578","Norway","5412","Yield","01354","Strawberries","2011","2011","kg/ha","5246","A","Official figure",""
"QCL","Crops and livestock products","578","Norway","5510","Production","01354","Strawberries","2011","2011","t","7549","A","Official figure",""
"QCL","Crops and livestock products","578","Norway","5312","Area harvested","01354","Strawberries","2012","2012","ha","1513","A","Official figure",""
"QCL","Crops and livestock products","578","Norway","5412","Yield","01354","Strawberries","2012","2012","kg/ha","6021.2","A","Official figure",""
"QCL","Crops and livestock products","578","Norway","5510","Production","01354","Strawberries","2012","2012","t","9110","A","Official figure",""
"QCL","Crops and livestock products","578","Norway","5312","Area harvested","01354","Strawberries","2013","2013","ha","1565","A","Official figure",""
"QCL","Crops and livestock products","578","Norway","5412","Yield","01354","Strawberries","2013","2013","kg/ha","4087.5","A","Official figure",""
"QCL","Crops and livestock products","578","Norway","5510","Production","01354","Strawberries","2013","2013","t","6397","A","Official figure",""
"QCL","Crops and livestock products","578","Norway","5312","Area harvested","01354","Strawberries","2014","2014","ha","1679","A","Official figure",""
"QCL","Crops and livestock products","578","Norway","5412","Yield","01354","Strawberries","2014","2014","kg/ha","4952.9","A","Official figure",""
"QCL","Crops and livestock products","578","Norway","5510","Production","01354","Strawberries","2014","2014","t","8316","A","Official figure",""
"QCL","Crops and livestock products","578","Norway","5312","Area harvested","01354","Strawberries","2015","2015","ha","1635","A","Official figure",""
"QCL","Crops and livestock products","578","Norway","5412","Yield","01354","Strawberries","2015","2015","kg/ha","6842.2","A","Official figure",""
"QCL","Crops and livestock products","578","Norway","5510","Production","01354","Strawberries","2015","2015","t","11187","A","Official figure",""
"QCL","Crops and livestock products","578","Norway","5312","Area harvested","01354","Strawberries","2016","2016","ha","1546","A","Official figure",""
"QCL","Crops and livestock products","578","Norway","5412","Yield","01354","Strawberries","2016","2016","kg/ha","5681.1","A","Official figure",""
"QCL","Crops and livestock products","578","Norway","5510","Production","01354","Strawberries","2016","2016","t","8783","A","Official figure",""
"QCL","Crops and livestock products","578","Norway","5312","Area harvested","01354","Strawberries","2017","2017","ha","1466","A","Official figure",""
"QCL","Crops and livestock products","578","Norway","5412","Yield","01354","Strawberries","2017","2017","kg/ha","5519.5","A","Official figure",""
"QCL","Crops and livestock products","578","Norway","5510","Production","01354","Strawberries","2017","2017","t","8090","A","Official figure",""
"QCL","Crops and livestock products","578","Norway","5312","Area harvested","01354","Strawberries","2018","2018","ha","1416","A","Official figure",""
"QCL","Crops and livestock products","578","Norway","5412","Yield","01354","Strawberries","2018","2018","kg/ha","5624.3","A","Official figure",""
"QCL","Crops and livestock products","578","Norway","5510","Production","01354","Strawberries","2018","2018","t","7964","A","Official figure",""
"QCL","Crops and livestock products","578","Norway","5312","Area harvested","01354","Strawberries","2019","2019","ha","1334","A","Official figure",""
"QCL","Crops and livestock products","578","Norway","5412","Yield","01354","Strawberries","2019","2019","kg/ha","6885.3","A","Official figure",""
"QCL","Crops and livestock products","578","Norway","5510","Production","01354","Strawberries","2019","2019","t","9185","A","Official figure",""
"QCL","Crops and livestock products","578","Norway","5312","Area harvested","01354","Strawberries","2020","2020","ha","1251","A","Official figure",""
"QCL","Crops and livestock products","578","Norway","5412","Yield","01354","Strawberries","2020","2020","kg/ha","5617.1","A","Official figure",""
"QCL","Crops and livestock products","578","Norway","5510","Production","01354","Strawberries","2020","2020","t","7027","A","Official figure",""
"QCL","Crops and livestock products","578","Norway","5312","Area harvested","01354","Strawberries","2021","2021","ha","1113","A","Official figure",""
"QCL","Crops and livestock products","578","Norway","5412","Yield","01354","Strawberries","2021","2021","kg/ha","5619","A","Official figure",""
"QCL","Crops and livestock products","578","Norway","5510","Production","01354","Strawberries","2021","2021","t","6254","A","Official figure",""
"QCL","Crops and livestock products","578","Norway","5312","Area harvested","01354","Strawberries","2022","2022","ha","938","A","Official figure",""
"QCL","Crops and livestock products","578","Norway","5412","Yield","01354","Strawberries","2022","2022","kg/ha","7518.1","A","Official figure",""
"QCL","Crops and livestock products","578","Norway","5510","Production","01354","Strawberries","2022","2022","t","7052","A","Official figure",""
"QCL","Crops and livestock products","578","Norway","5312","Area harvested","01354","Strawberries","2023","2023","ha","914","A","Official figure",""
"QCL","Crops and livestock products","578","Norway","5412","Yield","01354","Strawberries","2023","2023","kg/ha","7485.8","A","Official figure",""
"QCL","Crops and livestock products","578","Norway","5510","Production","01354","Strawberries","2023","2023","t","6842","A","Official figure",""
"QCL","Crops and livestock products","578","Norway","5510","Production","21631.01","Sunflower-seed oil, crude","2010","2010","t","0","I","Value 
imputed by a
receiving 
agency",""
"QCL","Crops and livestock products","578","Norway","5111","Stocks","02140","Swine / pigs","2010","2010","An","850383","A","Official figure",""
"QCL","Crops and livestock products","578","Norway","5111","Stocks","02140","Swine / pigs","2011","2011","An","854334","A","Official figure",""
"QCL","Crops and livestock products","578","Norway","5111","Stocks","02140","Swine / pigs","2012","2012","An","855704","A","Official figure",""
"QCL","Crops and livestock products","578","Norway","5111","Stocks","02140","Swine / pigs","2013","2013","An","851058","A","Official figure",""
"QCL","Crops and livestock products","578","Norway","5111","Stocks","02140","Swine / pigs","2014","2014","An","842484","A","Official figure",""
"QCL","Crops and livestock products","578","Norway","5111","Stocks","02140","Swine / pigs","2015","2015","An","848813","A","Official figure",""
"QCL","Crops and livestock products","578","Norway","5111","Stocks","02140","Swine / pigs","2016","2016","An","854005","A","Official figure",""
"QCL","Crops and livestock products","578","Norway","5111","Stocks","02140","Swine / pigs","2017","2017","An","851998","A","Official figure",""
"QCL","Crops and livestock products","578","Norway","5111","Stocks","02140","Swine / pigs","2018","2018","An","815377","A","Official figure",""
"QCL","Crops and livestock products","578","Norway","5111","Stocks","02140","Swine / pigs","2019","2019","An","786121","A","Official figure",""
"QCL","Crops and livestock products","578","Norway","5111","Stocks","02140","Swine / pigs","2020","2020","An","768211","A","Official figure",""
"QCL","Crops and livestock products","578","Norway","5111","Stocks","02140","Swine / pigs","2021","2021","An","772688","A","Official figure",""
"QCL","Crops and livestock products","578","Norway","5111","Stocks","02140","Swine / pigs","2022","2022","An","773800","A","Official figure",""
"QCL","Crops and livestock products","578","Norway","5111","Stocks","02140","Swine / pigs","2023","2023","An","732000","A","Official figure",""
"QCL","Crops and livestock products","578","Norway","5510","Production","21523","Tallow","2010","2010","t","8100","X","Figure from external organization","Unofficial figure"
"QCL","Crops and livestock products","578","Norway","5510","Production","21523","Tallow","2011","2011","t","7900","X","Figure from external organization","Unofficial figure"
"QCL","Crops and livestock products","578","Norway","5510","Production","21523","Tallow","2012","2012","t","8700","X","Figure from external organization","Unofficial figure"
"QCL","Crops and livestock products","578","Norway","5510","Production","21523","Tallow","2013","2013","t","7600","X","Figure from external organization","Unofficial figure"
"QCL","Crops and livestock products","578","Norway","5510","Production","21523","Tallow","2014","2014","t","7600","X","Figure from external organization","Unofficial figure"
"QCL","Crops and livestock products","578","Norway","5510","Production","21523","Tallow","2015","2015","t","7600","X","Figure from external organization","Unofficial figure"
"QCL","Crops and livestock products","578","Norway","5510","Production","21523","Tallow","2016","2016","t","7700","X","Figure from external organization","Unofficial figure"
"QCL","Crops and livestock products","578","Norway","5510","Production","21523","Tallow","2017","2017","t","8000","X","Figure from external organization","Unofficial figure"
"QCL","Crops and livestock products","578","Norway","5510","Production","21523","Tallow","2018","2018","t","8200","X","Figure from external organization","Unofficial figure"
"QCL","Crops and livestock products","578","Norway","5510","Production","21523","Tallow","2019","2019","t","9800","X","Figure from external organization","Unofficial figure"
"QCL","Crops and livestock products","578","Norway","5510","Production","21523","Tallow","2020","2020","t","9700","X","Figure from external organization","Unofficial figure"
"QCL","Crops and livestock products","578","Norway","5510","Production","21523","Tallow","2021","2021","t","10000","X","Figure from external organization","Unofficial figure"
"QCL","Crops and livestock products","578","Norway","5510","Production","21523","Tallow","2022","2022","t","10200","X","Figure from external organization","Unofficial figure"
"QCL","Crops and livestock products","578","Norway","5312","Area harvested","01234","Tomatoes","2010","2010","ha","34","A","Official figure",""
"QCL","Crops and livestock products","578","Norway","5412","Yield","01234","Tomatoes","2010","2010","kg/ha","380088.2","A","Official figure",""
"QCL","Crops and livestock products","578","Norway","5510","Production","01234","Tomatoes","2010","2010","t","12923","A","Official figure",""
"QCL","Crops and livestock products","578","Norway","5312","Area harvested","01234","Tomatoes","2011","2011","ha","36","A","Official figure",""
"QCL","Crops and livestock products","578","Norway","5412","Yield","01234","Tomatoes","2011","2011","kg/ha","331777.8","A","Official figure",""
"QCL","Crops and livestock products","578","Norway","5510","Production","01234","Tomatoes","2011","2011","t","11944","A","Official figure",""
"QCL","Crops and livestock products","578","Norway","5312","Area harvested","01234","Tomatoes","2012","2012","ha","36","A","Official figure",""
"QCL","Crops and livestock products","578","Norway","5412","Yield","01234","Tomatoes","2012","2012","kg/ha","337750","A","Official figure",""
"QCL","Crops and livestock products","578","Norway","5510","Production","01234","Tomatoes","2012","2012","t","12159","A","Official figure",""
"QCL","Crops and livestock products","578","Norway","5312","Area harvested","01234","Tomatoes","2013","2013","ha","37","A","Official figure",""
"QCL","Crops and livestock products","578","Norway","5412","Yield","01234","Tomatoes","2013","2013","kg/ha","350675.7","A","Official figure",""
"QCL","Crops and livestock products","578","Norway","5510","Production","01234","Tomatoes","2013","2013","t","12975","A","Official figure",""
"QCL","Crops and livestock products","578","Norway","5312","Area harvested","01234","Tomatoes","2014","2014","ha","38","A","Official figure",""
"QCL","Crops and livestock products","578","Norway","5412","Yield","01234","Tomatoes","2014","2014","kg/ha","362184.2","A","Official figure",""
"QCL","Crops and livestock products","578","Norway","5510","Production","01234","Tomatoes","2014","2014","t","13763","A","Official figure",""
"QCL","Crops and livestock products","578","Norway","5312","Area harvested","01234","Tomatoes","2015","2015","ha","33","A","Official figure",""
"QCL","Crops and livestock products","578","Norway","5412","Yield","01234","Tomatoes","2015","2015","kg/ha","348848.5","A","Official figure",""
"QCL","Crops and livestock products","578","Norway","5510","Production","01234","Tomatoes","2015","2015","t","11512","A","Official figure",""
"QCL","Crops and livestock products","578","Norway","5312","Area harvested","01234","Tomatoes","2016","2016","ha","35","A","Official figure",""
"QCL","Crops and livestock products","578","Norway","5412","Yield","01234","Tomatoes","2016","2016","kg/ha","318314.3","A","Official figure",""
"QCL","Crops and livestock products","578","Norway","5510","Production","01234","Tomatoes","2016","2016","t","11141","A","Official figure",""
"QCL","Crops and livestock products","578","Norway","5312","Area harvested","01234","Tomatoes","2017","2017","ha","33","A","Official figure",""
"QCL","Crops and livestock products","578","Norway","5412","Yield","01234","Tomatoes","2017","2017","kg/ha","322378","A","Official figure",""
"QCL","Crops and livestock products","578","Norway","5510","Production","01234","Tomatoes","2017","2017","t","10574","A","Official figure",""
"QCL","Crops and livestock products","578","Norway","5312","Area harvested","01234","Tomatoes","2018","2018","ha","38","A","Official figure",""
"QCL","Crops and livestock products","578","Norway","5412","Yield","01234","Tomatoes","2018","2018","kg/ha","337757.3","A","Official figure",""
"QCL","Crops and livestock products","578","Norway","5510","Production","01234","Tomatoes","2018","2018","t","12801","A","Official figure",""
"QCL","Crops and livestock products","578","Norway","5312","Area harvested","01234","Tomatoes","2019","2019","ha","40","A","Official figure",""
"QCL","Crops and livestock products","578","Norway","5412","Yield","01234","Tomatoes","2019","2019","kg/ha","319025","A","Official figure",""
"QCL","Crops and livestock products","578","Norway","5510","Production","01234","Tomatoes","2019","2019","t","12761","A","Official figure",""
"QCL","Crops and livestock products","578","Norway","5312","Area harvested","01234","Tomatoes","2020","2020","ha","39","A","Official figure",""
"QCL","Crops and livestock products","578","Norway","5412","Yield","01234","Tomatoes","2020","2020","kg/ha","365102.6","A","Official figure",""
"QCL","Crops and livestock products","578","Norway","5510","Production","01234","Tomatoes","2020","2020","t","14239","A","Official figure",""
"QCL","Crops and livestock products","578","Norway","5312","Area harvested","01234","Tomatoes","2021","2021","ha","39","A","Official figure",""
"QCL","Crops and livestock products","578","Norway","5412","Yield","01234","Tomatoes","2021","2021","kg/ha","341564.1","A","Official figure",""
"QCL","Crops and livestock products","578","Norway","5510","Production","01234","Tomatoes","2021","2021","t","13321","A","Official figure",""
"QCL","Crops and livestock products","578","Norway","5312","Area harvested","01234","Tomatoes","2022","2022","ha","38","A","Official figure",""
"QCL","Crops and livestock products","578","Norway","5412","Yield","01234","Tomatoes","2022","2022","kg/ha","356894.7","A","Official figure",""
"QCL","Crops and livestock products","578","Norway","5510","Production","01234","Tomatoes","2022","2022","t","13562","A","Official figure",""
"QCL","Crops and livestock products","578","Norway","5312","Area harvested","01234","Tomatoes","2023","2023","ha","40","A","Official figure",""
"QCL","Crops and livestock products","578","Norway","5412","Yield","01234","Tomatoes","2023","2023","kg/ha","377200","A","Official figure",""
"QCL","Crops and livestock products","578","Norway","5510","Production","01234","Tomatoes","2023","2023","t","15088","A","Official figure",""
"QCL","Crops and livestock products","578","Norway","5312","Area harvested","01191","Triticale","2014","2014","ha","","M","Missing value; data cannot exist",""
"QCL","Crops and livestock products","578","Norway","5510","Production","01191","Triticale","2014","2014","t","","M","Missing value; data cannot exist",""
"QCL","Crops and livestock products","578","Norway","5312","Area harvested","01191","Triticale","2015","2015","ha","","M","Missing value; data cannot exist",""
"QCL","Crops and livestock products","578","Norway","5510","Production","01191","Triticale","2015","2015","t","","M","Missing value; data cannot exist",""
"QCL","Crops and livestock products","578","Norway","5312","Area harvested","01191","Triticale","2016","2016","ha","","M","Missing value; data cannot exist",""
"QCL","Crops and livestock products","578","Norway","5510","Production","01191","Triticale","2016","2016","t","","M","Missing value; data cannot exist",""
"QCL","Crops and livestock products","578","Norway","5312","Area harvested","01191","Triticale","2017","2017","ha","","M","Missing value; data cannot exist",""
"QCL","Crops and livestock products","578","Norway","5510","Production","01191","Triticale","2017","2017","t","","M","Missing value; data cannot exist",""
"QCL","Crops and livestock products","578","Norway","5312","Area harvested","01191","Triticale","2018","2018","ha","","M","Missing value; data cannot exist",""
"QCL","Crops and livestock products","578","Norway","5510","Production","01191","Triticale","2018","2018","t","","M","Missing value; data cannot exist",""
"QCL","Crops and livestock products","578","Norway","5312","Area harvested","01191","Triticale","2019","2019","ha","","M","Missing value; data cannot exist",""
"QCL","Crops and livestock products","578","Norway","5510","Production","01191","Triticale","2019","2019","t","","M","Missing value; data cannot exist",""
"QCL","Crops and livestock products","578","Norway","5312","Area harvested","01191","Triticale","2020","2020","ha","","M","Missing value; data cannot exist",""
"QCL","Crops and livestock products","578","Norway","5510","Production","01191","Triticale","2020","2020","t","","M","Missing value; data cannot exist",""
"QCL","Crops and livestock products","578","Norway","5312","Area harvested","01191","Triticale","2021","2021","ha","","M","Missing value; data cannot exist",""
"QCL","Crops and livestock products","578","Norway","5510","Production","01191","Triticale","2021","2021","t","","M","Missing value; data cannot exist",""
"QCL","Crops and livestock products","578","Norway","5312","Area harvested","01191","Triticale","2022","2022","ha","","M","Missing value; data cannot exist",""
"QCL","Crops and livestock products","578","Norway","5510","Production","01191","Triticale","2022","2022","t","","M","Missing value; data cannot exist",""
"QCL","Crops and livestock products","578","Norway","5312","Area harvested","01191","Triticale","2023","2023","ha","","M","Missing value; data cannot exist",""
"QCL","Crops and livestock products","578","Norway","5510","Production","01191","Triticale","2023","2023","t","","M","Missing value; data cannot exist",""
"QCL","Crops and livestock products","578","Norway","5112","Stocks","02152","Turkeys","2010","2010","1000 An","411","A","Official figure",""
"QCL","Crops and livestock products","578","Norway","5112","Stocks","02152","Turkeys","2011","2011","1000 An","458","A","Official figure",""
"QCL","Crops and livestock products","578","Norway","5112","Stocks","02152","Turkeys","2012","2012","1000 An","616","A","Official figure",""
"QCL","Crops and livestock products","578","Norway","5112","Stocks","02152","Turkeys","2013","2013","1000 An","435","A","Official figure",""
"QCL","Crops and livestock products","578","Norway","5112","Stocks","02152","Turkeys","2014","2014","1000 An","549","A","Official figure",""
"QCL","Crops and livestock products","578","Norway","5112","Stocks","02152","Turkeys","2015","2015","1000 An","597","A","Official figure",""
"QCL","Crops and livestock products","578","Norway","5112","Stocks","02152","Turkeys","2016","2016","1000 An","553","A","Official figure",""
"QCL","Crops and livestock products","578","Norway","5112","Stocks","02152","Turkeys","2017","2017","1000 An","670","A","Official figure",""
"QCL","Crops and livestock products","578","Norway","5112","Stocks","02152","Turkeys","2018","2018","1000 An","526","A","Official figure",""
"QCL","Crops and livestock products","578","Norway","5112","Stocks","02152","Turkeys","2019","2019","1000 An","429","A","Official figure",""
"QCL","Crops and livestock products","578","Norway","5112","Stocks","02152","Turkeys","2020","2020","1000 An","411","A","Official figure",""
"QCL","Crops and livestock products","578","Norway","5112","Stocks","02152","Turkeys","2021","2021","1000 An","458","A","Official figure",""
"QCL","Crops and livestock products","578","Norway","5112","Stocks","02152","Turkeys","2022","2022","1000 An","448","A","Official figure",""
"QCL","Crops and livestock products","578","Norway","5112","Stocks","02152","Turkeys","2023","2023","1000 An","414","A","Official figure",""
"QCL","Crops and livestock products","578","Norway","5312","Area harvested","0111","Wheat","2010","2010","ha","72082","A","Official figure",""
"QCL","Crops and livestock products","578","Norway","5412","Yield","0111","Wheat","2010","2010","kg/ha","4597.5","A","Official figure",""
"QCL","Crops and livestock products","578","Norway","5510","Production","0111","Wheat","2010","2010","t","331400","A","Official figure",""
"QCL","Crops and livestock products","578","Norway","5312","Area harvested","0111","Wheat","2011","2011","ha","73890","A","Official figure",""
"QCL","Crops and livestock products","578","Norway","5412","Yield","0111","Wheat","2011","2011","kg/ha","3851.7","A","Official figure",""
"QCL","Crops and livestock products","578","Norway","5510","Production","0111","Wheat","2011","2011","t","284600","A","Official figure",""
"QCL","Crops and livestock products","578","Norway","5312","Area harvested","0111","Wheat","2012","2012","ha","66982","A","Official figure",""
"QCL","Crops and livestock products","578","Norway","5412","Yield","0111","Wheat","2012","2012","kg/ha","4101.1","A","Official figure",""
"QCL","Crops and livestock products","578","Norway","5510","Production","0111","Wheat","2012","2012","t","274700","A","Official figure",""
"QCL","Crops and livestock products","578","Norway","5312","Area harvested","0111","Wheat","2013","2013","ha","54839","A","Official figure",""
"QCL","Crops and livestock products","578","Norway","5412","Yield","0111","Wheat","2013","2013","kg/ha","3884.1","A","Official figure",""
"QCL","Crops and livestock products","578","Norway","5510","Production","0111","Wheat","2013","2013","t","213000","A","Official figure",""
"QCL","Crops and livestock products","578","Norway","5312","Area harvested","0111","Wheat","2014","2014","ha","79170","A","Official figure",""
"QCL","Crops and livestock products","578","Norway","5412","Yield","0111","Wheat","2014","2014","kg/ha","4921.1","A","Official figure",""
"QCL","Crops and livestock products","578","Norway","5510","Production","0111","Wheat","2014","2014","t","389600","A","Official figure",""
"QCL","Crops and livestock products","578","Norway","5312","Area harvested","0111","Wheat","2015","2015","ha","85757","A","Official figure",""
"QCL","Crops and livestock products","578","Norway","5412","Yield","0111","Wheat","2015","2015","kg/ha","5774.5","A","Official figure",""
"QCL","Crops and livestock products","578","Norway","5510","Production","0111","Wheat","2015","2015","t","495200","A","Official figure",""
"QCL","Crops and livestock products","578","Norway","5312","Area harvested","0111","Wheat","2016","2016","ha","66769","A","Official figure",""
"QCL","Crops and livestock products","578","Norway","5412","Yield","0111","Wheat","2016","2016","kg/ha","4633.9","A","Official figure",""
"QCL","Crops and livestock products","578","Norway","5510","Production","0111","Wheat","2016","2016","t","309400","A","Official figure",""
"QCL","Crops and livestock products","578","Norway","5312","Area harvested","0111","Wheat","2017","2017","ha","75755","A","Official figure",""
"QCL","Crops and livestock products","578","Norway","5412","Yield","0111","Wheat","2017","2017","kg/ha","5286.8","A","Official figure",""
"QCL","Crops and livestock products","578","Norway","5510","Production","0111","Wheat","2017","2017","t","400500","A","Official figure",""
"QCL","Crops and livestock products","578","Norway","5312","Area harvested","0111","Wheat","2018","2018","ha","58653","A","Official figure",""
"QCL","Crops and livestock products","578","Norway","5412","Yield","0111","Wheat","2018","2018","kg/ha","2347.7","A","Official figure",""
"QCL","Crops and livestock products","578","Norway","5510","Production","0111","Wheat","2018","2018","t","137700","A","Official figure",""
"QCL","Crops and livestock products","578","Norway","5312","Area harvested","0111","Wheat","2019","2019","ha","80351","A","Official figure",""
"QCL","Crops and livestock products","578","Norway","5412","Yield","0111","Wheat","2019","2019","kg/ha","5601.7","A","Official figure",""
"QCL","Crops and livestock products","578","Norway","5510","Production","0111","Wheat","2019","2019","t","450100","A","Official figure",""
"QCL","Crops and livestock products","578","Norway","5312","Area harvested","0111","Wheat","2020","2020","ha","67670","A","Official figure",""
"QCL","Crops and livestock products","578","Norway","5412","Yield","0111","Wheat","2020","2020","kg/ha","4765.8","A","Official figure",""
"QCL","Crops and livestock products","578","Norway","5510","Production","0111","Wheat","2020","2020","t","322500","A","Official figure",""
"QCL","Crops and livestock products","578","Norway","5312","Area harvested","0111","Wheat","2021","2021","ha","63593","A","Official figure",""
"QCL","Crops and livestock products","578","Norway","5412","Yield","0111","Wheat","2021","2021","kg/ha","4165.6","A","Official figure",""
"QCL","Crops and livestock products","578","Norway","5510","Production","0111","Wheat","2021","2021","t","264900","A","Official figure",""
"QCL","Crops and livestock products","578","Norway","5312","Area harvested","0111","Wheat","2022","2022","ha","75244","A","Official figure",""
"QCL","Crops and livestock products","578","Norway","5412","Yield","0111","Wheat","2022","2022","kg/ha","5103.4","A","Official figure",""
"QCL","Crops and livestock products","578","Norway","5510","Production","0111","Wheat","2022","2022","t","384000","A","Official figure",""
"QCL","Crops and livestock products","578","Norway","5312","Area harvested","0111","Wheat","2023","2023","ha","64458","A","Official figure",""
"QCL","Crops and livestock products","578","Norway","5412","Yield","0111","Wheat","2023","2023","kg/ha","2668.4","A","Official figure",""
"QCL","Crops and livestock products","578","Norway","5510","Production","0111","Wheat","2023","2023","t","172000","A","Official figure",""
"QCL","Crops and livestock products","578","Norway","5510","Production","22130.02","Whey, dry","2010","2010","t","19577.06","I","Value 
imputed by a
receiving 
agency",""
"QCL","Crops and livestock products","578","Norway","5510","Production","22130.02","Whey, dry","2011","2011","t","19247.71","I","Value 
imputed by a
receiving 
agency",""
"QCL","Crops and livestock products","578","Norway","5510","Production","22130.02","Whey, dry","2012","2012","t","19609.95","I","Value 
imputed by a
receiving 
agency",""
"QCL","Crops and livestock products","578","Norway","5510","Production","22130.02","Whey, dry","2013","2013","t","19605.65","I","Value 
imputed by a
receiving 
agency",""
"QCL","Crops and livestock products","578","Norway","5510","Production","22130.02","Whey, dry","2014","2014","t","18300","E","Estimated value",""
"QCL","Crops and livestock products","578","Norway","5510","Production","22130.02","Whey, dry","2015","2015","t","20500","E","Estimated value",""
"QCL","Crops and livestock products","578","Norway","5510","Production","22130.02","Whey, dry","2016","2016","t","20000","E","Estimated value",""
"QCL","Crops and livestock products","578","Norway","5510","Production","22130.02","Whey, dry","2017","2017","t","20800","E","Estimated value",""
"QCL","Crops and livestock products","578","Norway","5510","Production","22130.02","Whey, dry","2018","2018","t","20567.7","I","Value 
imputed by a
receiving 
agency",""
"QCL","Crops and livestock products","578","Norway","5510","Production","22130.02","Whey, dry","2019","2019","t","20850.45","I","Value 
imputed by a
receiving 
agency",""
"QCL","Crops and livestock products","578","Norway","5510","Production","22130.02","Whey, dry","2020","2020","t","20625.89","I","Value 
imputed by a
receiving 
agency",""
"QCL","Crops and livestock products","578","Norway","5510","Production","22130.02","Whey, dry","2021","2021","t","20251.03","I","Value 
imputed by a
receiving 
agency",""
"QCL","Crops and livestock products","578","Norway","5510","Production","22130.02","Whey, dry","2022","2022","t","19491.03","I","Value 
imputed by a
receiving 
agency",""
"QCL","Crops and livestock products","578","Norway","5510","Production","22211","Whole milk powder","2010","2010","t","1000","E","Estimated value",""
"QCL","Crops and livestock products","578","Norway","5510","Production","22211","Whole milk powder","2011","2011","t","1000","E","Estimated value",""
"QCL","Crops and livestock products","578","Norway","5510","Production","22211","Whole milk powder","2012","2012","t","1000","E","Estimated value",""
"QCL","Crops and livestock products","578","Norway","5510","Production","22211","Whole milk powder","2013","2013","t","1000","E","Estimated value",""
"QCL","Crops and livestock products","578","Norway","5510","Production","22211","Whole milk powder","2014","2014","t","1000","E","Estimated value",""
"QCL","Crops and livestock products","578","Norway","5510","Production","22211","Whole milk powder","2015","2015","t","2374.48","I","Value 
imputed by a
receiving 
agency",""
"QCL","Crops and livestock products","578","Norway","5510","Production","22211","Whole milk powder","2016","2016","t","2483.15","I","Value 
imputed by a
receiving 
agency",""
"QCL","Crops and livestock products","578","Norway","5510","Production","22211","Whole milk powder","2017","2017","t","2271.3","I","Value 
imputed by a
receiving 
agency",""
"QCL","Crops and livestock products","578","Norway","5510","Production","22211","Whole milk powder","2018","2018","t","2386.97","I","Value 
imputed by a
receiving 
agency",""
"QCL","Crops and livestock products","578","Norway","5510","Production","22211","Whole milk powder","2019","2019","t","2347.42","I","Value 
imputed by a
receiving 
agency",""
"QCL","Crops and livestock products","578","Norway","5510","Production","22211","Whole milk powder","2020","2020","t","2264.27","I","Value 
imputed by a
receiving 
agency",""
"QCL","Crops and livestock products","578","Norway","5510","Production","22211","Whole milk powder","2021","2021","t","2264.8","I","Value 
imputed by a
receiving 
agency",""
"QCL","Crops and livestock products","578","Norway","5510","Production","22211","Whole milk powder","2022","2022","t","2428.05","I","Value 
imputed by a
receiving 
agency",""
"QCL","Crops and livestock products","578","Norway","5510","Production","22222.01","Whole milk, condensed","2010","2010","t","816.84","I","Value 
imputed by a
receiving 
agency",""
"QCL","Crops and livestock products","578","Norway","5510","Production","22222.01","Whole milk, condensed","2011","2011","t","792.99","I","Value 
imputed by a
receiving 
agency",""
"QCL","Crops and livestock products","578","Norway","5510","Production","22222.01","Whole milk, condensed","2012","2012","t","768.57","I","Value 
imputed by a
receiving 
agency",""
"QCL","Crops and livestock products","578","Norway","5510","Production","22222.01","Whole milk, condensed","2013","2013","t","787.76","I","Value 
imputed by a
receiving 
agency",""
"QCL","Crops and livestock products","578","Norway","5510","Production","22222.01","Whole milk, condensed","2014","2014","t","694.93","I","Value 
imputed by a
receiving 
agency",""
"QCL","Crops and livestock products","578","Norway","5510","Production","22222.01","Whole milk, condensed","2015","2015","t","831.07","I","Value 
imputed by a
receiving 
agency",""
"QCL","Crops and livestock products","578","Norway","5510","Production","22222.01","Whole milk, condensed","2016","2016","t","869.1","I","Value 
imputed by a
receiving 
agency",""
"QCL","Crops and livestock products","578","Norway","5510","Production","22222.01","Whole milk, condensed","2017","2017","t","794.95","I","Value 
imputed by a
receiving 
agency",""
"QCL","Crops and livestock products","578","Norway","5510","Production","22222.01","Whole milk, condensed","2018","2018","t","835.44","I","Value 
imputed by a
receiving 
agency",""
"QCL","Crops and livestock products","578","Norway","5510","Production","22222.01","Whole milk, condensed","2019","2019","t","821.6","I","Value 
imputed by a
receiving 
agency",""
"QCL","Crops and livestock products","578","Norway","5510","Production","22222.01","Whole milk, condensed","2020","2020","t","792.5","I","Value 
imputed by a
receiving 
agency",""
"QCL","Crops and livestock products","578","Norway","5510","Production","22222.01","Whole milk, condensed","2021","2021","t","792.68","I","Value 
imputed by a
receiving 
agency",""
"QCL","Crops and livestock products","578","Norway","5510","Production","22222.01","Whole milk, condensed","2022","2022","t","849.82","I","Value 
imputed by a
receiving 
agency",""
"QCL","Crops and livestock products","578","Norway","5510","Production","22221.01","Whole milk, evaporated","2010","2010","t","11000","E","Estimated value",""
"QCL","Crops and livestock products","578","Norway","5510","Production","22221.01","Whole milk, evaporated","2011","2011","t","11000","E","Estimated value",""
"QCL","Crops and livestock products","578","Norway","5510","Production","22221.01","Whole milk, evaporated","2012","2012","t","12000","E","Estimated value",""
"QCL","Crops and livestock products","578","Norway","5510","Production","22221.01","Whole milk, evaporated","2013","2013","t","12000","E","Estimated value",""
"QCL","Crops and livestock products","578","Norway","5510","Production","22221.01","Whole milk, evaporated","2014","2014","t","11441.55","I","Value 
imputed by a
receiving 
agency",""
"QCL","Crops and livestock products","578","Norway","5510","Production","22221.01","Whole milk, evaporated","2015","2015","t","12258.51","I","Value 
imputed by a
receiving 
agency",""
"QCL","Crops and livestock products","578","Norway","5510","Production","22221.01","Whole milk, evaporated","2016","2016","t","12699.67","I","Value 
imputed by a
receiving 
agency",""
"QCL","Crops and livestock products","578","Norway","5510","Production","22221.01","Whole milk, evaporated","2017","2017","t","11470.43","I","Value 
imputed by a
receiving 
agency",""
"QCL","Crops and livestock products","578","Norway","5510","Production","22221.01","Whole milk, evaporated","2018","2018","t","12194.17","I","Value 
imputed by a
receiving 
agency",""
"QCL","Crops and livestock products","578","Norway","5510","Production","22221.01","Whole milk, evaporated","2019","2019","t","12003.59","I","Value 
imputed by a
receiving 
agency",""
"QCL","Crops and livestock products","578","Norway","5510","Production","22221.01","Whole milk, evaporated","2020","2020","t","11576.74","I","Value 
imputed by a
receiving 
agency",""
"QCL","Crops and livestock products","578","Norway","5510","Production","22221.01","Whole milk, evaporated","2021","2021","t","11576.74","I","Value 
imputed by a
receiving 
agency",""
"QCL","Crops and livestock products","578","Norway","5510","Production","22221.01","Whole milk, evaporated","2022","2022","t","10020.62","I","Value 
imputed by a
receiving 
agency",""
"QCL","Crops and livestock products","578","Norway","5510","Production","24212.02","Wine","2010","2010","t","","M","Missing value; data cannot exist",""
"QCL","Crops and livestock products","578","Norway","5510","Production","24212.02","Wine","2011","2011","t","","M","Missing value; data cannot exist",""
"QCL","Crops and livestock products","578","Norway","5510","Production","24212.02","Wine","2012","2012","t","0","A","Official figure",""
"QCL","Crops and livestock products","578","Norway","5510","Production","24212.02","Wine","2013","2013","t","0","A","Official figure",""
"QCL","Crops and livestock products","578","Norway","5510","Production","24212.02","Wine","2014","2014","t","","M","Missing value; data cannot exist",""
"QCL","Crops and livestock products","578","Norway","5510","Production","24212.02","Wine","2015","2015","t","","M","Missing value; data cannot exist",""
"QCL","Crops and livestock products","578","Norway","5510","Production","24212.02","Wine","2016","2016","t","","M","Missing value; data cannot exist",""
"QCL","Crops and livestock products","578","Norway","5510","Production","24212.02","Wine","2017","2017","t","","M","Missing value; data cannot exist",""
"QCL","Crops and livestock products","578","Norway","5510","Production","24212.02","Wine","2018","2018","t","","M","Missing value; data cannot exist",""
