Domain Code,Domain,Area Code (M49),Area,Indicator Code,Indicator,Sex Code,Sex,Year Code,Year,Element Code,Element,Source Code,Source,Unit,Value,Flag,Flag Description,Note
"OEA","Employment Indicators: Agriculture and agrifood systems","578","Norway","21160","Total employment in agrifood systems (AFS)","1","Total","2010","2010","6199","Value","3044","FAO Model","1000 No","214.49","E","Estimated value","Modelled using ISIC shares"
"OEA","Employment Indicators: Agriculture and agrifood systems","578","Norway","21160","Total employment in agrifood systems (AFS)","1","Total","2011","2011","6199","Value","3044","FAO Model","1000 No","214.1","E","Estimated value","Modelled using ISIC shares"
"OEA","Employment Indicators: Agriculture and agrifood systems","578","Norway","21160","Total employment in agrifood systems (AFS)","1","Total","2012","2012","6199","Value","3044","FAO Model","1000 No","211.93","E","Estimated value","Modelled using ISIC shares"
"OEA","Employment Indicators: Agriculture and agrifood systems","578","Norway","21160","Total employment in agrifood systems (AFS)","1","Total","2013","2013","6199","Value","3044","FAO Model","1000 No","217.3","E","Estimated value","Modelled using ISIC shares"
"OEA","Employment Indicators: Agriculture and agrifood systems","578","Norway","21160","Total employment in agrifood systems (AFS)","1","Total","2014","2014","6199","Value","3044","FAO Model","1000 No","220.56","E","Estimated value","Modelled using ISIC shares"
"OEA","Employment Indicators: Agriculture and agrifood systems","578","Norway","21160","Total employment in agrifood systems (AFS)","1","Total","2015","2015","6199","Value","3044","FAO Model","1000 No","215.19","E","Estimated value","Modelled using ISIC shares"
"OEA","Employment Indicators: Agriculture and agrifood systems","578","Norway","21160","Total employment in agrifood systems (AFS)","1","Total","2016","2016","6199","Value","3044","FAO Model","1000 No","203.59","E","Estimated value","Modelled using ISIC shares"
"OEA","Employment Indicators: Agriculture and agrifood systems","578","Norway","21160","Total employment in agrifood systems (AFS)","1","Total","2017","2017","6199","Value","3044","FAO Model","1000 No","198.24","E","Estimated value","Modelled using ISIC shares"
"OEA","Employment Indicators: Agriculture and agrifood systems","578","Norway","21160","Total employment in agrifood systems (AFS)","1","Total","2018","2018","6199","Value","3044","FAO Model","1000 No","211.08","E","Estimated value","Modelled using ISIC shares"
"OEA","Employment Indicators: Agriculture and agrifood systems","578","Norway","21160","Total employment in agrifood systems (AFS)","1","Total","2019","2019","6199","Value","3044","FAO Model","1000 No","212.34","E","Estimated value","Modelled using ISIC shares"
"OEA","Employment Indicators: Agriculture and agrifood systems","578","Norway","21160","Total employment in agrifood systems (AFS)","1","Total","2020","2020","6199","Value","3044","FAO Model","1000 No","207.22","E","Estimated value","Modelled using ISIC shares"
"OEA","Employment Indicators: Agriculture and agrifood systems","578","Norway","21160","Total employment in agrifood systems (AFS)","1","Total","2021","2021","6199","Value","3044","FAO Model","1000 No","210.3","E","Estimated value","Modelled using ISIC shares"
"OEA","Employment Indicators: Agriculture and agrifood systems","578","Norway","21160","Total employment in agrifood systems (AFS)","1","Total","2022","2022","6199","Value","3044","FAO Model","1000 No","239.2","E","Estimated value","Modelled using ISIC shares"
"OEA","Employment Indicators: Agriculture and agrifood systems","578","Norway","21163","Total non-agricultural AFS employment","1","Total","2010","2010","6199","Value","3044","FAO Model","1000 No","149.71","E","Estimated value","Modelled using ISIC shares"
"OEA","Employment Indicators: Agriculture and agrifood systems","578","Norway","21163","Total non-agricultural AFS employment","1","Total","2011","2011","6199","Value","3044","FAO Model","1000 No","152.94","E","Estimated value","Modelled using ISIC shares"
"OEA","Employment Indicators: Agriculture and agrifood systems","578","Norway","21163","Total non-agricultural AFS employment","1","Total","2012","2012","6199","Value","3044","FAO Model","1000 No","153.57","E","Estimated value","Modelled using ISIC shares"
"OEA","Employment Indicators: Agriculture and agrifood systems","578","Norway","21163","Total non-agricultural AFS employment","1","Total","2013","2013","6199","Value","3044","FAO Model","1000 No","158.96","E","Estimated value","Modelled using ISIC shares"
"OEA","Employment Indicators: Agriculture and agrifood systems","578","Norway","21163","Total non-agricultural AFS employment","1","Total","2014","2014","6199","Value","3044","FAO Model","1000 No","160.72","E","Estimated value","Modelled using ISIC shares"
"OEA","Employment Indicators: Agriculture and agrifood systems","578","Norway","21163","Total non-agricultural AFS employment","1","Total","2015","2015","6199","Value","3044","FAO Model","1000 No","161.34","E","Estimated value","Modelled using ISIC shares"
"OEA","Employment Indicators: Agriculture and agrifood systems","578","Norway","21163","Total non-agricultural AFS employment","1","Total","2016","2016","6199","Value","3044","FAO Model","1000 No","147.44","E","Estimated value","Modelled using ISIC shares"
"OEA","Employment Indicators: Agriculture and agrifood systems","578","Norway","21163","Total non-agricultural AFS employment","1","Total","2017","2017","6199","Value","3044","FAO Model","1000 No","142.68","E","Estimated value","Modelled using ISIC shares"
"OEA","Employment Indicators: Agriculture and agrifood systems","578","Norway","21163","Total non-agricultural AFS employment","1","Total","2018","2018","6199","Value","3044","FAO Model","1000 No","153.64","E","Estimated value","Modelled using ISIC shares"
"OEA","Employment Indicators: Agriculture and agrifood systems","578","Norway","21163","Total non-agricultural AFS employment","1","Total","2019","2019","6199","Value","3044","FAO Model","1000 No","155.84","E","Estimated value","Modelled using ISIC shares"
"OEA","Employment Indicators: Agriculture and agrifood systems","578","Norway","21163","Total non-agricultural AFS employment","1","Total","2020","2020","6199","Value","3044","FAO Model","1000 No","148.66","E","Estimated value","Modelled using ISIC shares"
"OEA","Employment Indicators: Agriculture and agrifood systems","578","Norway","21163","Total non-agricultural AFS employment","1","Total","2021","2021","6199","Value","3044","FAO Model","1000 No","144.27","E","Estimated value","Modelled using ISIC shares"
"OEA","Employment Indicators: Agriculture and agrifood systems","578","Norway","21163","Total non-agricultural AFS employment","1","Total","2022","2022","6199","Value","3044","FAO Model","1000 No","175.81","E","Estimated value","Modelled using ISIC shares"
"OEA","Employment Indicators: Agriculture and agrifood systems","578","Norway","21161","Share of AFS employment in total employment","1","Total","2010","2010","6121","Value","3044","FAO Model","%","8.44","X","Figure from external organization","Modelled using ISIC shares"
"OEA","Employment Indicators: Agriculture and agrifood systems","578","Norway","21161","Share of AFS employment in total employment","1","Total","2011","2011","6121","Value","3044","FAO Model","%","8.29","X","Figure from external organization","Modelled using ISIC shares"
"OEA","Employment Indicators: Agriculture and agrifood systems","578","Norway","21161","Share of AFS employment in total employment","1","Total","2012","2012","6121","Value","3044","FAO Model","%","8.09","X","Figure from external organization","Modelled using ISIC shares"
"OEA","Employment Indicators: Agriculture and agrifood systems","578","Norway","21161","Share of AFS employment in total employment","1","Total","2013","2013","6121","Value","3044","FAO Model","%","8.22","X","Figure from external organization","Modelled using ISIC shares"
"OEA","Employment Indicators: Agriculture and agrifood systems","578","Norway","21161","Share of AFS employment in total employment","1","Total","2014","2014","6121","Value","3044","FAO Model","%","8.29","X","Figure from external organization","Modelled using ISIC shares"
"OEA","Employment Indicators: Agriculture and agrifood systems","578","Norway","21161","Share of AFS employment in total employment","1","Total","2015","2015","6121","Value","3044","FAO Model","%","8.03","X","Figure from external organization","Modelled using ISIC shares"
"OEA","Employment Indicators: Agriculture and agrifood systems","578","Norway","21161","Share of AFS employment in total employment","1","Total","2016","2016","6121","Value","3044","FAO Model","%","7.58","X","Figure from external organization","Modelled using ISIC shares"
"OEA","Employment Indicators: Agriculture and agrifood systems","578","Norway","21161","Share of AFS employment in total employment","1","Total","2017","2017","6121","Value","3044","FAO Model","%","7.35","X","Figure from external organization","Modelled using ISIC shares"
"OEA","Employment Indicators: Agriculture and agrifood systems","578","Norway","21161","Share of AFS employment in total employment","1","Total","2018","2018","6121","Value","3044","FAO Model","%","7.72","X","Figure from external organization","Modelled using ISIC shares"
"OEA","Employment Indicators: Agriculture and agrifood systems","578","Norway","21161","Share of AFS employment in total employment","1","Total","2019","2019","6121","Value","3044","FAO Model","%","7.65","X","Figure from external organization","Modelled using ISIC shares"
"OEA","Employment Indicators: Agriculture and agrifood systems","578","Norway","21161","Share of AFS employment in total employment","1","Total","2020","2020","6121","Value","3044","FAO Model","%","7.48","X","Figure from external organization","Modelled using ISIC shares"
"OEA","Employment Indicators: Agriculture and agrifood systems","578","Norway","21161","Share of AFS employment in total employment","1","Total","2021","2021","6121","Value","3044","FAO Model","%","7.48","X","Figure from external organization","Modelled using ISIC shares"
"OEA","Employment Indicators: Agriculture and agrifood systems","578","Norway","21161","Share of AFS employment in total employment","1","Total","2022","2022","6121","Value","3044","FAO Model","%","8.28","X","Figure from external organization","Modelled using ISIC shares"
"OEA","Employment Indicators: Agriculture and agrifood systems","578","Norway","21162","Share of agricultural employment in total AFS employment","1","Total","2010","2010","6121","Value","3044","FAO Model","%","30.2","X","Figure from external organization","ILO Modelled Estimates"
"OEA","Employment Indicators: Agriculture and agrifood systems","578","Norway","21162","Share of agricultural employment in total AFS employment","1","Total","2011","2011","6121","Value","3044","FAO Model","%","28.57","X","Figure from external organization","ILO Modelled Estimates"
"OEA","Employment Indicators: Agriculture and agrifood systems","578","Norway","21162","Share of agricultural employment in total AFS employment","1","Total","2012","2012","6121","Value","3044","FAO Model","%","27.53","X","Figure from external organization","ILO Modelled Estimates"
"OEA","Employment Indicators: Agriculture and agrifood systems","578","Norway","21162","Share of agricultural employment in total AFS employment","1","Total","2013","2013","6121","Value","3044","FAO Model","%","26.85","X","Figure from external organization","ILO Modelled Estimates"
"OEA","Employment Indicators: Agriculture and agrifood systems","578","Norway","21162","Share of agricultural employment in total AFS employment","1","Total","2014","2014","6121","Value","3044","FAO Model","%","27.13","X","Figure from external organization","ILO Modelled Estimates"
"OEA","Employment Indicators: Agriculture and agrifood systems","578","Norway","21162","Share of agricultural employment in total AFS employment","1","Total","2015","2015","6121","Value","3044","FAO Model","%","25.03","X","Figure from external organization","ILO Modelled Estimates"
"OEA","Employment Indicators: Agriculture and agrifood systems","578","Norway","21162","Share of agricultural employment in total AFS employment","1","Total","2016","2016","6121","Value","3044","FAO Model","%","27.58","X","Figure from external organization","ILO Modelled Estimates"
"OEA","Employment Indicators: Agriculture and agrifood systems","578","Norway","21162","Share of agricultural employment in total AFS employment","1","Total","2017","2017","6121","Value","3044","FAO Model","%","28.03","X","Figure from external organization","ILO Modelled Estimates"
"OEA","Employment Indicators: Agriculture and agrifood systems","578","Norway","21162","Share of agricultural employment in total AFS employment","1","Total","2018","2018","6121","Value","3044","FAO Model","%","27.21","X","Figure from external organization","ILO Modelled Estimates"
"OEA","Employment Indicators: Agriculture and agrifood systems","578","Norway","21162","Share of agricultural employment in total AFS employment","1","Total","2019","2019","6121","Value","3044","FAO Model","%","26.61","X","Figure from external organization","ILO Modelled Estimates"
"OEA","Employment Indicators: Agriculture and agrifood systems","578","Norway","21162","Share of agricultural employment in total AFS employment","1","Total","2020","2020","6121","Value","3044","FAO Model","%","28.26","X","Figure from external organization","ILO Modelled Estimates"
"OEA","Employment Indicators: Agriculture and agrifood systems","578","Norway","21162","Share of agricultural employment in total AFS employment","1","Total","2021","2021","6121","Value","3044","FAO Model","%","31.4","X","Figure from external organization","ILO Modelled Estimates"
"OEA","Employment Indicators: Agriculture and agrifood systems","578","Norway","21162","Share of agricultural employment in total AFS employment","1","Total","2022","2022","6121","Value","3044","FAO Model","%","26.5","X","Figure from external organization","ILO Modelled Estimates"
"OEA","Employment Indicators: Agriculture and agrifood systems","578","Norway","21164","Share of non-agricultural AFS employment in total AFS employment","1","Total","2010","2010","6121","Value","3044","FAO Model","%","69.8","E","Estimated value","Modelled using ISIC shares"
"OEA","Employment Indicators: Agriculture and agrifood systems","578","Norway","21164","Share of non-agricultural AFS employment in total AFS employment","1","Total","2011","2011","6121","Value","3044","FAO Model","%","71.43","E","Estimated value","Modelled using ISIC shares"
"OEA","Employment Indicators: Agriculture and agrifood systems","578","Norway","21164","Share of non-agricultural AFS employment in total AFS employment","1","Total","2012","2012","6121","Value","3044","FAO Model","%","72.47","E","Estimated value","Modelled using ISIC shares"
"OEA","Employment Indicators: Agriculture and agrifood systems","578","Norway","21164","Share of non-agricultural AFS employment in total AFS employment","1","Total","2013","2013","6121","Value","3044","FAO Model","%","73.15","E","Estimated value","Modelled using ISIC shares"
"OEA","Employment Indicators: Agriculture and agrifood systems","578","Norway","21164","Share of non-agricultural AFS employment in total AFS employment","1","Total","2014","2014","6121","Value","3044","FAO Model","%","72.87","E","Estimated value","Modelled using ISIC shares"
"OEA","Employment Indicators: Agriculture and agrifood systems","578","Norway","21164","Share of non-agricultural AFS employment in total AFS employment","1","Total","2015","2015","6121","Value","3044","FAO Model","%","74.97","E","Estimated value","Modelled using ISIC shares"
"OEA","Employment Indicators: Agriculture and agrifood systems","578","Norway","21164","Share of non-agricultural AFS employment in total AFS employment","1","Total","2016","2016","6121","Value","3044","FAO Model","%","72.42","E","Estimated value","Modelled using ISIC shares"
"OEA","Employment Indicators: Agriculture and agrifood systems","578","Norway","21164","Share of non-agricultural AFS employment in total AFS employment","1","Total","2017","2017","6121","Value","3044","FAO Model","%","71.97","E","Estimated value","Modelled using ISIC shares"
"OEA","Employment Indicators: Agriculture and agrifood systems","578","Norway","21164","Share of non-agricultural AFS employment in total AFS employment","1","Total","2018","2018","6121","Value","3044","FAO Model","%","72.79","E","Estimated value","Modelled using ISIC shares"
"OEA","Employment Indicators: Agriculture and agrifood systems","578","Norway","21164","Share of non-agricultural AFS employment in total AFS employment","1","Total","2019","2019","6121","Value","3044","FAO Model","%","73.39","E","Estimated value","Modelled using ISIC shares"
"OEA","Employment Indicators: Agriculture and agrifood systems","578","Norway","21164","Share of non-agricultural AFS employment in total AFS employment","1","Total","2020","2020","6121","Value","3044","FAO Model","%","71.74","E","Estimated value","Modelled using ISIC shares"
"OEA","Employment Indicators: Agriculture and agrifood systems","578","Norway","21164","Share of non-agricultural AFS employment in total AFS employment","1","Total","2021","2021","6121","Value","3044","FAO Model","%","68.6","E","Estimated value","Modelled using ISIC shares"
"OEA","Employment Indicators: Agriculture and agrifood systems","578","Norway","21164","Share of non-agricultural AFS employment in total AFS employment","1","Total","2022","2022","6121","Value","3044","FAO Model","%","73.5","E","Estimated value","Modelled using ISIC shares"
"OEA","Employment Indicators: Agriculture and agrifood systems","578","Norway","21167","Share of non-agricultural AFS employment in total employment","1","Total","2010","2010","6121","Value","3044","FAO Model","%","5.89","X","Figure from external organization","Modelled using ISIC shares"
"OEA","Employment Indicators: Agriculture and agrifood systems","578","Norway","21167","Share of non-agricultural AFS employment in total employment","1","Total","2011","2011","6121","Value","3044","FAO Model","%","5.92","X","Figure from external organization","Modelled using ISIC shares"
"OEA","Employment Indicators: Agriculture and agrifood systems","578","Norway","21167","Share of non-agricultural AFS employment in total employment","1","Total","2012","2012","6121","Value","3044","FAO Model","%","5.86","X","Figure from external organization","Modelled using ISIC shares"
"OEA","Employment Indicators: Agriculture and agrifood systems","578","Norway","21167","Share of non-agricultural AFS employment in total employment","1","Total","2013","2013","6121","Value","3044","FAO Model","%","6.01","X","Figure from external organization","Modelled using ISIC shares"
"OEA","Employment Indicators: Agriculture and agrifood systems","578","Norway","21167","Share of non-agricultural AFS employment in total employment","1","Total","2014","2014","6121","Value","3044","FAO Model","%","6.04","X","Figure from external organization","Modelled using ISIC shares"
"OEA","Employment Indicators: Agriculture and agrifood systems","578","Norway","21167","Share of non-agricultural AFS employment in total employment","1","Total","2015","2015","6121","Value","3044","FAO Model","%","6.02","X","Figure from external organization","Modelled using ISIC shares"
"OEA","Employment Indicators: Agriculture and agrifood systems","578","Norway","21167","Share of non-agricultural AFS employment in total employment","1","Total","2016","2016","6121","Value","3044","FAO Model","%","5.49","X","Figure from external organization","Modelled using ISIC shares"
"OEA","Employment Indicators: Agriculture and agrifood systems","578","Norway","21167","Share of non-agricultural AFS employment in total employment","1","Total","2017","2017","6121","Value","3044","FAO Model","%","5.29","X","Figure from external organization","Modelled using ISIC shares"
"OEA","Employment Indicators: Agriculture and agrifood systems","578","Norway","21167","Share of non-agricultural AFS employment in total employment","1","Total","2018","2018","6121","Value","3044","FAO Model","%","5.62","X","Figure from external organization","Modelled using ISIC shares"
"OEA","Employment Indicators: Agriculture and agrifood systems","578","Norway","21167","Share of non-agricultural AFS employment in total employment","1","Total","2019","2019","6121","Value","3044","FAO Model","%","5.62","X","Figure from external organization","Modelled using ISIC shares"
"OEA","Employment Indicators: Agriculture and agrifood systems","578","Norway","21167","Share of non-agricultural AFS employment in total employment","1","Total","2020","2020","6121","Value","3044","FAO Model","%","5.36","X","Figure from external organization","Modelled using ISIC shares"
"OEA","Employment Indicators: Agriculture and agrifood systems","578","Norway","21167","Share of non-agricultural AFS employment in total employment","1","Total","2021","2021","6121","Value","3044","FAO Model","%","5.13","X","Figure from external organization","Modelled using ISIC shares"
"OEA","Employment Indicators: Agriculture and agrifood systems","578","Norway","21167","Share of non-agricultural AFS employment in total employment","1","Total","2022","2022","6121","Value","3044","FAO Model","%","6.08","X","Figure from external organization","Modelled using ISIC shares"
"OEA","Employment Indicators: Agriculture and agrifood systems","578","Norway","21144","Employment in agriculture - ILO modelled estimates","1","Total","2010","2010","6199","Value","3043","ILO - ILO Modelled Estimates","1000 No","64.77","X","Figure from external organization","Adjusted"
"OEA","Employment Indicators: Agriculture and agrifood systems","578","Norway","21144","Employment in agriculture - ILO modelled estimates","1","Total","2011","2011","6199","Value","3043","ILO - ILO Modelled Estimates","1000 No","61.17","X","Figure from external organization","Adjusted"
"OEA","Employment Indicators: Agriculture and agrifood systems","578","Norway","21144","Employment in agriculture - ILO modelled estimates","1","Total","2012","2012","6199","Value","3043","ILO - ILO Modelled Estimates","1000 No","58.35","X","Figure from external organization","Adjusted"
"OEA","Employment Indicators: Agriculture and agrifood systems","578","Norway","21144","Employment in agriculture - ILO modelled estimates","1","Total","2013","2013","6199","Value","3043","ILO - ILO Modelled Estimates","1000 No","58.35","X","Figure from external organization","Adjusted"
"OEA","Employment Indicators: Agriculture and agrifood systems","578","Norway","21144","Employment in agriculture - ILO modelled estimates","1","Total","2014","2014","6199","Value","3043","ILO - ILO Modelled Estimates","1000 No","59.83","X","Figure from external organization","Adjusted"
"OEA","Employment Indicators: Agriculture and agrifood systems","578","Norway","21144","Employment in agriculture - ILO modelled estimates","1","Total","2015","2015","6199","Value","3043","ILO - ILO Modelled Estimates","1000 No","53.86","X","Figure from external organization","Adjusted"
"OEA","Employment Indicators: Agriculture and agrifood systems","578","Norway","21144","Employment in agriculture - ILO modelled estimates","1","Total","2016","2016","6199","Value","3043","ILO - ILO Modelled Estimates","1000 No","56.15","X","Figure from external organization","Adjusted"
"OEA","Employment Indicators: Agriculture and agrifood systems","578","Norway","21144","Employment in agriculture - ILO modelled estimates","1","Total","2017","2017","6199","Value","3043","ILO - ILO Modelled Estimates","1000 No","55.56","X","Figure from external organization","Adjusted"
"OEA","Employment Indicators: Agriculture and agrifood systems","578","Norway","21144","Employment in agriculture - ILO modelled estimates","1","Total","2018","2018","6199","Value","3043","ILO - ILO Modelled Estimates","1000 No","57.43","X","Figure from external organization","Adjusted"
"OEA","Employment Indicators: Agriculture and agrifood systems","578","Norway","21144","Employment in agriculture - ILO modelled estimates","1","Total","2019","2019","6199","Value","3043","ILO - ILO Modelled Estimates","1000 No","56.5","X","Figure from external organization","Adjusted"
"OEA","Employment Indicators: Agriculture and agrifood systems","578","Norway","21144","Employment in agriculture - ILO modelled estimates","1","Total","2020","2020","6199","Value","3043","ILO - ILO Modelled Estimates","1000 No","58.56","X","Figure from external organization","Adjusted"
"OEA","Employment Indicators: Agriculture and agrifood systems","578","Norway","21144","Employment in agriculture - ILO modelled estimates","1","Total","2021","2021","6199","Value","3043","ILO - ILO Modelled Estimates","1000 No","66.03","X","Figure from external organization","Adjusted"
"OEA","Employment Indicators: Agriculture and agrifood systems","578","Norway","21144","Employment in agriculture - ILO modelled estimates","1","Total","2022","2022","6199","Value","3043","ILO - ILO Modelled Estimates","1000 No","63.39","X","Figure from external organization","Adjusted"
"OEA","Employment Indicators: Agriculture and agrifood systems","578","Norway","21144","Employment in agriculture - ILO modelled estimates","1","Total","2023","2023","6199","Value","3043","ILO - ILO Modelled Estimates","1000 No","72.52","X","Figure from external organization","Adjusted"
"OEA","Employment Indicators: Agriculture and agrifood systems","578","Norway","21144","Employment in agriculture - ILO modelled estimates","2","Male","2010","2010","6199","Value","3043","ILO - ILO Modelled Estimates","1000 No","52.06","X","Figure from external organization","Adjusted"
"OEA","Employment Indicators: Agriculture and agrifood systems","578","Norway","21144","Employment in agriculture - ILO modelled estimates","2","Male","2011","2011","6199","Value","3043","ILO - ILO Modelled Estimates","1000 No","50.08","X","Figure from external organization","Adjusted"
"OEA","Employment Indicators: Agriculture and agrifood systems","578","Norway","21144","Employment in agriculture - ILO modelled estimates","2","Male","2012","2012","6199","Value","3043","ILO - ILO Modelled Estimates","1000 No","47.67","X","Figure from external organization","Adjusted"
"OEA","Employment Indicators: Agriculture and agrifood systems","578","Norway","21144","Employment in agriculture - ILO modelled estimates","2","Male","2013","2013","6199","Value","3043","ILO - ILO Modelled Estimates","1000 No","46.48","X","Figure from external organization","Adjusted"
"OEA","Employment Indicators: Agriculture and agrifood systems","578","Norway","21144","Employment in agriculture - ILO modelled estimates","2","Male","2014","2014","6199","Value","3043","ILO - ILO Modelled Estimates","1000 No","46.73","X","Figure from external organization","Adjusted"
"OEA","Employment Indicators: Agriculture and agrifood systems","578","Norway","21144","Employment in agriculture - ILO modelled estimates","2","Male","2015","2015","6199","Value","3043","ILO - ILO Modelled Estimates","1000 No","42.01","X","Figure from external organization","Adjusted"
"OEA","Employment Indicators: Agriculture and agrifood systems","578","Norway","21144","Employment in agriculture - ILO modelled estimates","2","Male","2016","2016","6199","Value","3043","ILO - ILO Modelled Estimates","1000 No","43.39","X","Figure from external organization","Adjusted"
"OEA","Employment Indicators: Agriculture and agrifood systems","578","Norway","21144","Employment in agriculture - ILO modelled estimates","2","Male","2017","2017","6199","Value","3043","ILO - ILO Modelled Estimates","1000 No","43.32","X","Figure from external organization","Adjusted"
"OEA","Employment Indicators: Agriculture and agrifood systems","578","Norway","21144","Employment in agriculture - ILO modelled estimates","2","Male","2018","2018","6199","Value","3043","ILO - ILO Modelled Estimates","1000 No","43.2","X","Figure from external organization","Adjusted"
"OEA","Employment Indicators: Agriculture and agrifood systems","578","Norway","21144","Employment in agriculture - ILO modelled estimates","2","Male","2019","2019","6199","Value","3043","ILO - ILO Modelled Estimates","1000 No","42.68","X","Figure from external organization","Adjusted"
"OEA","Employment Indicators: Agriculture and agrifood systems","578","Norway","21144","Employment in agriculture - ILO modelled estimates","2","Male","2020","2020","6199","Value","3043","ILO - ILO Modelled Estimates","1000 No","45.2","X","Figure from external organization","Adjusted"
"OEA","Employment Indicators: Agriculture and agrifood systems","578","Norway","21144","Employment in agriculture - ILO modelled estimates","2","Male","2021","2021","6199","Value","3043","ILO - ILO Modelled Estimates","1000 No","52.52","X","Figure from external organization","Adjusted"
"OEA","Employment Indicators: Agriculture and agrifood systems","578","Norway","21144","Employment in agriculture - ILO modelled estimates","2","Male","2022","2022","6199","Value","3043","ILO - ILO Modelled Estimates","1000 No","51.25","X","Figure from external organization","Adjusted"
"OEA","Employment Indicators: Agriculture and agrifood systems","578","Norway","21144","Employment in agriculture - ILO modelled estimates","2","Male","2023","2023","6199","Value","3043","ILO - ILO Modelled Estimates","1000 No","55.25","X","Figure from external organization","Adjusted"
"OEA","Employment Indicators: Agriculture and agrifood systems","578","Norway","21144","Employment in agriculture - ILO modelled estimates","3","Female","2010","2010","6199","Value","3043","ILO - ILO Modelled Estimates","1000 No","12.71","X","Figure from external organization","Adjusted"
"OEA","Employment Indicators: Agriculture and agrifood systems","578","Norway","21144","Employment in agriculture - ILO modelled estimates","3","Female","2011","2011","6199","Value","3043","ILO - ILO Modelled Estimates","1000 No","11.09","X","Figure from external organization","Adjusted"
"OEA","Employment Indicators: Agriculture and agrifood systems","578","Norway","21144","Employment in agriculture - ILO modelled estimates","3","Female","2012","2012","6199","Value","3043","ILO - ILO Modelled Estimates","1000 No","10.68","X","Figure from external organization","Adjusted"
"OEA","Employment Indicators: Agriculture and agrifood systems","578","Norway","21144","Employment in agriculture - ILO modelled estimates","3","Female","2013","2013","6199","Value","3043","ILO - ILO Modelled Estimates","1000 No","11.86","X","Figure from external organization","Adjusted"
"OEA","Employment Indicators: Agriculture and agrifood systems","578","Norway","21144","Employment in agriculture - ILO modelled estimates","3","Female","2014","2014","6199","Value","3043","ILO - ILO Modelled Estimates","1000 No","13.11","X","Figure from external organization","Adjusted"
"OEA","Employment Indicators: Agriculture and agrifood systems","578","Norway","21144","Employment in agriculture - ILO modelled estimates","3","Female","2015","2015","6199","Value","3043","ILO - ILO Modelled Estimates","1000 No","11.85","X","Figure from external organization","Adjusted"
"OEA","Employment Indicators: Agriculture and agrifood systems","578","Norway","21144","Employment in agriculture - ILO modelled estimates","3","Female","2016","2016","6199","Value","3043","ILO - ILO Modelled Estimates","1000 No","12.76","X","Figure from external organization","Adjusted"
"OEA","Employment Indicators: Agriculture and agrifood systems","578","Norway","21144","Employment in agriculture - ILO modelled estimates","3","Female","2017","2017","6199","Value","3043","ILO - ILO Modelled Estimates","1000 No","12.24","X","Figure from external organization","Adjusted"
"OEA","Employment Indicators: Agriculture and agrifood systems","578","Norway","21144","Employment in agriculture - ILO modelled estimates","3","Female","2018","2018","6199","Value","3043","ILO - ILO Modelled Estimates","1000 No","14.23","X","Figure from external organization","Adjusted"
"OEA","Employment Indicators: Agriculture and agrifood systems","578","Norway","21144","Employment in agriculture - ILO modelled estimates","3","Female","2019","2019","6199","Value","3043","ILO - ILO Modelled Estimates","1000 No","13.81","X","Figure from external organization","Adjusted"
"OEA","Employment Indicators: Agriculture and agrifood systems","578","Norway","21144","Employment in agriculture - ILO modelled estimates","3","Female","2020","2020","6199","Value","3043","ILO - ILO Modelled Estimates","1000 No","13.36","X","Figure from external organization","Adjusted"
"OEA","Employment Indicators: Agriculture and agrifood systems","578","Norway","21144","Employment in agriculture - ILO modelled estimates","3","Female","2021","2021","6199","Value","3043","ILO - ILO Modelled Estimates","1000 No","13.51","X","Figure from external organization","Adjusted"
"OEA","Employment Indicators: Agriculture and agrifood systems","578","Norway","21144","Employment in agriculture - ILO modelled estimates","3","Female","2022","2022","6199","Value","3043","ILO - ILO Modelled Estimates","1000 No","12.14","X","Figure from external organization","Adjusted"
"OEA","Employment Indicators: Agriculture and agrifood systems","578","Norway","21144","Employment in agriculture - ILO modelled estimates","3","Female","2023","2023","6199","Value","3043","ILO - ILO Modelled Estimates","1000 No","17.27","X","Figure from external organization","Adjusted"
"OEA","Employment Indicators: Agriculture and agrifood systems","578","Norway","21156","Share of employment in agriculture in total employment - ILO Modelled Estimates","1","Total","2010","2010","6121","Value","3043","ILO - ILO Modelled Estimates","%","2.5","X","Figure from external organization",""
"OEA","Employment Indicators: Agriculture and agrifood systems","578","Norway","21156","Share of employment in agriculture in total employment - ILO Modelled Estimates","1","Total","2011","2011","6121","Value","3043","ILO - ILO Modelled Estimates","%","2.4","X","Figure from external organization",""
"OEA","Employment Indicators: Agriculture and agrifood systems","578","Norway","21156","Share of employment in agriculture in total employment - ILO Modelled Estimates","1","Total","2012","2012","6121","Value","3043","ILO - ILO Modelled Estimates","%","2.2","X","Figure from external organization",""
"OEA","Employment Indicators: Agriculture and agrifood systems","578","Norway","21156","Share of employment in agriculture in total employment - ILO Modelled Estimates","1","Total","2013","2013","6121","Value","3043","ILO - ILO Modelled Estimates","%","2.2","X","Figure from external organization",""
"OEA","Employment Indicators: Agriculture and agrifood systems","578","Norway","21156","Share of employment in agriculture in total employment - ILO Modelled Estimates","1","Total","2014","2014","6121","Value","3043","ILO - ILO Modelled Estimates","%","2.2","X","Figure from external organization",""
"OEA","Employment Indicators: Agriculture and agrifood systems","578","Norway","21156","Share of employment in agriculture in total employment - ILO Modelled Estimates","1","Total","2015","2015","6121","Value","3043","ILO - ILO Modelled Estimates","%","2","X","Figure from external organization",""
"OEA","Employment Indicators: Agriculture and agrifood systems","578","Norway","21156","Share of employment in agriculture in total employment - ILO Modelled Estimates","1","Total","2016","2016","6121","Value","3043","ILO - ILO Modelled Estimates","%","2.1","X","Figure from external organization",""
"OEA","Employment Indicators: Agriculture and agrifood systems","578","Norway","21156","Share of employment in agriculture in total employment - ILO Modelled Estimates","1","Total","2017","2017","6121","Value","3043","ILO - ILO Modelled Estimates","%","2.1","X","Figure from external organization",""
"OEA","Employment Indicators: Agriculture and agrifood systems","578","Norway","21156","Share of employment in agriculture in total employment - ILO Modelled Estimates","1","Total","2018","2018","6121","Value","3043","ILO - ILO Modelled Estimates","%","2.1","X","Figure from external organization",""
"OEA","Employment Indicators: Agriculture and agrifood systems","578","Norway","21156","Share of employment in agriculture in total employment - ILO Modelled Estimates","1","Total","2019","2019","6121","Value","3043","ILO - ILO Modelled Estimates","%","2","X","Figure from external organization",""
"OEA","Employment Indicators: Agriculture and agrifood systems","578","Norway","21156","Share of employment in agriculture in total employment - ILO Modelled Estimates","1","Total","2020","2020","6121","Value","3043","ILO - ILO Modelled Estimates","%","2.1","X","Figure from external organization",""
"OEA","Employment Indicators: Agriculture and agrifood systems","578","Norway","21156","Share of employment in agriculture in total employment - ILO Modelled Estimates","1","Total","2021","2021","6121","Value","3043","ILO - ILO Modelled Estimates","%","2.3","X","Figure from external organization",""
"OEA","Employment Indicators: Agriculture and agrifood systems","578","Norway","21156","Share of employment in agriculture in total employment - ILO Modelled Estimates","1","Total","2022","2022","6121","Value","3043","ILO - ILO Modelled Estimates","%","2.2","X","Figure from external organization",""
"OEA","Employment Indicators: Agriculture and agrifood systems","578","Norway","21156","Share of employment in agriculture in total employment - ILO Modelled Estimates","1","Total","2023","2023","6121","Value","3043","ILO - ILO Modelled Estimates","%","2.5","X","Figure from external organization",""
"OEA","Employment Indicators: Agriculture and agrifood systems","578","Norway","21156","Share of employment in agriculture in total employment - ILO Modelled Estimates","2","Male","2010","2010","6121","Value","3043","ILO - ILO Modelled Estimates","%","4","X","Figure from external organization",""
"OEA","Employment Indicators: Agriculture and agrifood systems","578","Norway","21156","Share of employment in agriculture in total employment - ILO Modelled Estimates","2","Male","2011","2011","6121","Value","3043","ILO - ILO Modelled Estimates","%","3.7","X","Figure from external organization",""
"OEA","Employment Indicators: Agriculture and agrifood systems","578","Norway","21156","Share of employment in agriculture in total employment - ILO Modelled Estimates","2","Male","2012","2012","6121","Value","3043","ILO - ILO Modelled Estimates","%","3.5","X","Figure from external organization",""
"OEA","Employment Indicators: Agriculture and agrifood systems","578","Norway","21156","Share of employment in agriculture in total employment - ILO Modelled Estimates","2","Male","2013","2013","6121","Value","3043","ILO - ILO Modelled Estimates","%","3.4","X","Figure from external organization",""
"OEA","Employment Indicators: Agriculture and agrifood systems","578","Norway","21156","Share of employment in agriculture in total employment - ILO Modelled Estimates","2","Male","2014","2014","6121","Value","3043","ILO - ILO Modelled Estimates","%","3.4","X","Figure from external organization",""
"OEA","Employment Indicators: Agriculture and agrifood systems","578","Norway","21156","Share of employment in agriculture in total employment - ILO Modelled Estimates","2","Male","2015","2015","6121","Value","3043","ILO - ILO Modelled Estimates","%","3","X","Figure from external organization",""
"OEA","Employment Indicators: Agriculture and agrifood systems","578","Norway","21156","Share of employment in agriculture in total employment - ILO Modelled Estimates","2","Male","2016","2016","6121","Value","3043","ILO - ILO Modelled Estimates","%","3.1","X","Figure from external organization",""
"OEA","Employment Indicators: Agriculture and agrifood systems","578","Norway","21156","Share of employment in agriculture in total employment - ILO Modelled Estimates","2","Male","2017","2017","6121","Value","3043","ILO - ILO Modelled Estimates","%","3.1","X","Figure from external organization",""
"OEA","Employment Indicators: Agriculture and agrifood systems","578","Norway","21156","Share of employment in agriculture in total employment - ILO Modelled Estimates","2","Male","2018","2018","6121","Value","3043","ILO - ILO Modelled Estimates","%","3","X","Figure from external organization",""
"OEA","Employment Indicators: Agriculture and agrifood systems","578","Norway","21156","Share of employment in agriculture in total employment - ILO Modelled Estimates","2","Male","2019","2019","6121","Value","3043","ILO - ILO Modelled Estimates","%","2.9","X","Figure from external organization",""
"OEA","Employment Indicators: Agriculture and agrifood systems","578","Norway","21156","Share of employment in agriculture in total employment - ILO Modelled Estimates","2","Male","2020","2020","6121","Value","3043","ILO - ILO Modelled Estimates","%","3.1","X","Figure from external organization",""
"OEA","Employment Indicators: Agriculture and agrifood systems","578","Norway","21156","Share of employment in agriculture in total employment - ILO Modelled Estimates","2","Male","2021","2021","6121","Value","3043","ILO - ILO Modelled Estimates","%","3.5","X","Figure from external organization",""
"OEA","Employment Indicators: Agriculture and agrifood systems","578","Norway","21156","Share of employment in agriculture in total employment - ILO Modelled Estimates","2","Male","2022","2022","6121","Value","3043","ILO - ILO Modelled Estimates","%","3.3","X","Figure from external organization",""
"OEA","Employment Indicators: Agriculture and agrifood systems","578","Norway","21156","Share of employment in agriculture in total employment - ILO Modelled Estimates","2","Male","2023","2023","6121","Value","3043","ILO - ILO Modelled Estimates","%","3.6","X","Figure from external organization",""
"OEA","Employment Indicators: Agriculture and agrifood systems","578","Norway","21156","Share of employment in agriculture in total employment - ILO Modelled Estimates","3","Female","2010","2010","6121","Value","3043","ILO - ILO Modelled Estimates","%","1","X","Figure from external organization",""
"OEA","Employment Indicators: Agriculture and agrifood systems","578","Norway","21156","Share of employment in agriculture in total employment - ILO Modelled Estimates","3","Female","2011","2011","6121","Value","3043","ILO - ILO Modelled Estimates","%","0.9","X","Figure from external organization",""
"OEA","Employment Indicators: Agriculture and agrifood systems","578","Norway","21156","Share of employment in agriculture in total employment - ILO Modelled Estimates","3","Female","2012","2012","6121","Value","3043","ILO - ILO Modelled Estimates","%","0.9","X","Figure from external organization",""
"OEA","Employment Indicators: Agriculture and agrifood systems","578","Norway","21156","Share of employment in agriculture in total employment - ILO Modelled Estimates","3","Female","2013","2013","6121","Value","3043","ILO - ILO Modelled Estimates","%","0.9","X","Figure from external organization",""
"OEA","Employment Indicators: Agriculture and agrifood systems","578","Norway","21156","Share of employment in agriculture in total employment - ILO Modelled Estimates","3","Female","2014","2014","6121","Value","3043","ILO - ILO Modelled Estimates","%","1","X","Figure from external organization",""
"OEA","Employment Indicators: Agriculture and agrifood systems","578","Norway","21156","Share of employment in agriculture in total employment - ILO Modelled Estimates","3","Female","2015","2015","6121","Value","3043","ILO - ILO Modelled Estimates","%","0.9","X","Figure from external organization",""
"OEA","Employment Indicators: Agriculture and agrifood systems","578","Norway","21156","Share of employment in agriculture in total employment - ILO Modelled Estimates","3","Female","2016","2016","6121","Value","3043","ILO - ILO Modelled Estimates","%","1","X","Figure from external organization",""
"OEA","Employment Indicators: Agriculture and agrifood systems","578","Norway","21156","Share of employment in agriculture in total employment - ILO Modelled Estimates","3","Female","2017","2017","6121","Value","3043","ILO - ILO Modelled Estimates","%","1","X","Figure from external organization",""
"OEA","Employment Indicators: Agriculture and agrifood systems","578","Norway","21156","Share of employment in agriculture in total employment - ILO Modelled Estimates","3","Female","2018","2018","6121","Value","3043","ILO - ILO Modelled Estimates","%","1.1","X","Figure from external organization",""
"OEA","Employment Indicators: Agriculture and agrifood systems","578","Norway","21156","Share of employment in agriculture in total employment - ILO Modelled Estimates","3","Female","2019","2019","6121","Value","3043","ILO - ILO Modelled Estimates","%","1","X","Figure from external organization",""
"OEA","Employment Indicators: Agriculture and agrifood systems","578","Norway","21156","Share of employment in agriculture in total employment - ILO Modelled Estimates","3","Female","2020","2020","6121","Value","3043","ILO - ILO Modelled Estimates","%","1","X","Figure from external organization",""
"OEA","Employment Indicators: Agriculture and agrifood systems","578","Norway","21156","Share of employment in agriculture in total employment - ILO Modelled Estimates","3","Female","2021","2021","6121","Value","3043","ILO - ILO Modelled Estimates","%","1","X","Figure from external organization",""
"OEA","Employment Indicators: Agriculture and agrifood systems","578","Norway","21156","Share of employment in agriculture in total employment - ILO Modelled Estimates","3","Female","2022","2022","6121","Value","3043","ILO - ILO Modelled Estimates","%","0.9","X","Figure from external organization",""
"OEA","Employment Indicators: Agriculture and agrifood systems","578","Norway","21156","Share of employment in agriculture in total employment - ILO Modelled Estimates","3","Female","2023","2023","6121","Value","3043","ILO - ILO Modelled Estimates","%","1.3","X","Figure from external organization",""
"OEA","Employment Indicators: Agriculture and agrifood systems","578","Norway","21085","Agriculture value added per worker (constant 2015 US$)","1","Total","2010","2010","6228","Value","3047","ILO - Modelled Estimates; FAOSTAT - Value added (2015 US$)","USD","84389.43","X","Figure from external organization",""
"OEA","Employment Indicators: Agriculture and agrifood systems","578","Norway","21085","Agriculture value added per worker (constant 2015 US$)","1","Total","2011","2011","6228","Value","3047","ILO - Modelled Estimates; FAOSTAT - Value added (2015 US$)","USD","93019.24","X","Figure from external organization",""
"OEA","Employment Indicators: Agriculture and agrifood systems","578","Norway","21085","Agriculture value added per worker (constant 2015 US$)","1","Total","2012","2012","6228","Value","3047","ILO - Modelled Estimates; FAOSTAT - Value added (2015 US$)","USD","102002.57","X","Figure from external organization",""
"OEA","Employment Indicators: Agriculture and agrifood systems","578","Norway","21085","Agriculture value added per worker (constant 2015 US$)","1","Total","2013","2013","6228","Value","3047","ILO - Modelled Estimates; FAOSTAT - Value added (2015 US$)","USD","97203.57","X","Figure from external organization",""
"OEA","Employment Indicators: Agriculture and agrifood systems","578","Norway","21085","Agriculture value added per worker (constant 2015 US$)","1","Total","2014","2014","6228","Value","3047","ILO - Modelled Estimates; FAOSTAT - Value added (2015 US$)","USD","101773.02","X","Figure from external organization",""
"OEA","Employment Indicators: Agriculture and agrifood systems","578","Norway","21085","Agriculture value added per worker (constant 2015 US$)","1","Total","2015","2015","6228","Value","3047","ILO - Modelled Estimates; FAOSTAT - Value added (2015 US$)","USD","106794.88","X","Figure from external organization",""
"OEA","Employment Indicators: Agriculture and agrifood systems","578","Norway","21085","Agriculture value added per worker (constant 2015 US$)","1","Total","2016","2016","6228","Value","3047","ILO - Modelled Estimates; FAOSTAT - Value added (2015 US$)","USD","96291.83","X","Figure from external organization",""
"OEA","Employment Indicators: Agriculture and agrifood systems","578","Norway","21085","Agriculture value added per worker (constant 2015 US$)","1","Total","2017","2017","6228","Value","3047","ILO - Modelled Estimates; FAOSTAT - Value added (2015 US$)","USD","101630.39","X","Figure from external organization",""
"OEA","Employment Indicators: Agriculture and agrifood systems","578","Norway","21085","Agriculture value added per worker (constant 2015 US$)","1","Total","2018","2018","6228","Value","3047","ILO - Modelled Estimates; FAOSTAT - Value added (2015 US$)","USD","97109.08","X","Figure from external organization",""
"OEA","Employment Indicators: Agriculture and agrifood systems","578","Norway","21085","Agriculture value added per worker (constant 2015 US$)","1","Total","2019","2019","6228","Value","3047","ILO - Modelled Estimates; FAOSTAT - Value added (2015 US$)","USD","99684.53","X","Figure from external organization",""
"OEA","Employment Indicators: Agriculture and agrifood systems","578","Norway","21085","Agriculture value added per worker (constant 2015 US$)","1","Total","2020","2020","6228","Value","3047","ILO - Modelled Estimates; FAOSTAT - Value added (2015 US$)","USD","102762.2","X","Figure from external organization",""
"OEA","Employment Indicators: Agriculture and agrifood systems","578","Norway","21085","Agriculture value added per worker (constant 2015 US$)","1","Total","2021","2021","6228","Value","3047","ILO - Modelled Estimates; FAOSTAT - Value added (2015 US$)","USD","96765.81","X","Figure from external organization",""
"OEA","Employment Indicators: Agriculture and agrifood systems","578","Norway","21085","Agriculture value added per worker (constant 2015 US$)","1","Total","2022","2022","6228","Value","3047","ILO - Modelled Estimates; FAOSTAT - Value added (2015 US$)","USD","102724.9","X","Figure from external organization",""
"OEA","Employment Indicators: Agriculture and agrifood systems","578","Norway","21085","Agriculture value added per worker (constant 2015 US$)","1","Total","2023","2023","6228","Value","3047","ILO - Modelled Estimates; FAOSTAT - Value added (2015 US$)","USD","92149.83","X","Figure from external organization",""
"OEA","Employment Indicators: Agriculture and agrifood systems","578","Norway","21066","Employment in agriculture by age, total (15+)","1","Total","2010","2010","6199","Value","3023","Labour force survey","1000 No","62.07","X","Figure from external organization","Repository: ILO-STATISTICS - Micro data processing"
"OEA","Employment Indicators: Agriculture and agrifood systems","578","Norway","21066","Employment in agriculture by age, total (15+)","1","Total","2011","2011","6199","Value","3023","Labour force survey","1000 No","62.78","X","Figure from external organization","Repository: ILO-STATISTICS - Micro data processing"
"OEA","Employment Indicators: Agriculture and agrifood systems","578","Norway","21066","Employment in agriculture by age, total (15+)","1","Total","2012","2012","6199","Value","3023","Labour force survey","1000 No","56.29","X","Figure from external organization","Repository: ILO-STATISTICS - Micro data processing"
"OEA","Employment Indicators: Agriculture and agrifood systems","578","Norway","21066","Employment in agriculture by age, total (15+)","1","Total","2013","2013","6199","Value","3023","Labour force survey","1000 No","59.96","X","Figure from external organization","Repository: ILO-STATISTICS - Micro data processing"
"OEA","Employment Indicators: Agriculture and agrifood systems","578","Norway","21066","Employment in agriculture by age, total (15+)","1","Total","2014","2014","6199","Value","3023","Labour force survey","1000 No","58.24","X","Figure from external organization","Repository: ILO-STATISTICS - Micro data processing"
"OEA","Employment Indicators: Agriculture and agrifood systems","578","Norway","21066","Employment in agriculture by age, total (15+)","1","Total","2015","2015","6199","Value","3023","Labour force survey","1000 No","54.24","X","Figure from external organization","Repository: ILO-STATISTICS - Micro data processing"
"OEA","Employment Indicators: Agriculture and agrifood systems","578","Norway","21066","Employment in agriculture by age, total (15+)","1","Total","2016","2016","6199","Value","3023","Labour force survey","1000 No","54.05","X","Figure from external organization","Repository: ILO-STATISTICS - Micro data processing"
"OEA","Employment Indicators: Agriculture and agrifood systems","578","Norway","21066","Employment in agriculture by age, total (15+)","1","Total","2017","2017","6199","Value","3023","Labour force survey","1000 No","57.37","X","Figure from external organization","Repository: ILO-STATISTICS - Micro data processing"
"OEA","Employment Indicators: Agriculture and agrifood systems","578","Norway","21066","Employment in agriculture by age, total (15+)","1","Total","2018","2018","6199","Value","3023","Labour force survey","1000 No","55.09","X","Figure from external organization","Repository: ILO-STATISTICS - Micro data processing"
"OEA","Employment Indicators: Agriculture and agrifood systems","578","Norway","21066","Employment in agriculture by age, total (15+)","1","Total","2019","2019","6199","Value","3023","Labour force survey","1000 No","56.32","X","Figure from external organization","Repository: ILO-STATISTICS - Micro data processing"
"OEA","Employment Indicators: Agriculture and agrifood systems","578","Norway","21066","Employment in agriculture by age, total (15+)","1","Total","2020","2020","6199","Value","3023","Labour force survey","1000 No","54.67","X","Figure from external organization","Repository: ILO-STATISTICS - Micro data processing"
"OEA","Employment Indicators: Agriculture and agrifood systems","578","Norway","21066","Employment in agriculture by age, total (15+)","1","Total","2021","2021","6199","Value","3023","Labour force survey","1000 No","67.56","X","Figure from external organization","Repository: ILO-STATISTICS - Micro data processing"
"OEA","Employment Indicators: Agriculture and agrifood systems","578","Norway","21066","Employment in agriculture by age, total (15+)","1","Total","2022","2022","6199","Value","3023","Labour force survey","1000 No","66.11","X","Figure from external organization","Repository: ILO-STATISTICS - Micro data processing"
"OEA","Employment Indicators: Agriculture and agrifood systems","578","Norway","21066","Employment in agriculture by age, total (15+)","1","Total","2023","2023","6199","Value","3023","Labour force survey","1000 No","68.93","X","Figure from external organization","Repository: ILO-STATISTICS - Micro data processing"
"OEA","Employment Indicators: Agriculture and agrifood systems","578","Norway","21066","Employment in agriculture by age, total (15+)","2","Male","2010","2010","6199","Value","3023","Labour force survey","1000 No","50.59","X","Figure from external organization","Repository: ILO-STATISTICS - Micro data processing"
"OEA","Employment Indicators: Agriculture and agrifood systems","578","Norway","21066","Employment in agriculture by age, total (15+)","2","Male","2011","2011","6199","Value","3023","Labour force survey","1000 No","49.07","X","Figure from external organization","Repository: ILO-STATISTICS - Micro data processing"
"OEA","Employment Indicators: Agriculture and agrifood systems","578","Norway","21066","Employment in agriculture by age, total (15+)","2","Male","2012","2012","6199","Value","3023","Labour force survey","1000 No","46.09","X","Figure from external organization","Repository: ILO-STATISTICS - Micro data processing"
"OEA","Employment Indicators: Agriculture and agrifood systems","578","Norway","21066","Employment in agriculture by age, total (15+)","2","Male","2013","2013","6199","Value","3023","Labour force survey","1000 No","47.19","X","Figure from external organization","Repository: ILO-STATISTICS - Micro data processing"
"OEA","Employment Indicators: Agriculture and agrifood systems","578","Norway","21066","Employment in agriculture by age, total (15+)","2","Male","2014","2014","6199","Value","3023","Labour force survey","1000 No","46.16","X","Figure from external organization","Repository: ILO-STATISTICS - Micro data processing"
"OEA","Employment Indicators: Agriculture and agrifood systems","578","Norway","21066","Employment in agriculture by age, total (15+)","2","Male","2015","2015","6199","Value","3023","Labour force survey","1000 No","43.09","X","Figure from external organization","Repository: ILO-STATISTICS - Micro data processing"
"OEA","Employment Indicators: Agriculture and agrifood systems","578","Norway","21066","Employment in agriculture by age, total (15+)","2","Male","2016","2016","6199","Value","3023","Labour force survey","1000 No","43.01","X","Figure from external organization","Repository: ILO-STATISTICS - Micro data processing"
"OEA","Employment Indicators: Agriculture and agrifood systems","578","Norway","21066","Employment in agriculture by age, total (15+)","2","Male","2017","2017","6199","Value","3023","Labour force survey","1000 No","44.87","X","Figure from external organization","Repository: ILO-STATISTICS - Micro data processing"
"OEA","Employment Indicators: Agriculture and agrifood systems","578","Norway","21066","Employment in agriculture by age, total (15+)","2","Male","2018","2018","6199","Value","3023","Labour force survey","1000 No","40.92","X","Figure from external organization","Repository: ILO-STATISTICS - Micro data processing"
"OEA","Employment Indicators: Agriculture and agrifood systems","578","Norway","21066","Employment in agriculture by age, total (15+)","2","Male","2019","2019","6199","Value","3023","Labour force survey","1000 No","42.83","X","Figure from external organization","Repository: ILO-STATISTICS - Micro data processing"
"OEA","Employment Indicators: Agriculture and agrifood systems","578","Norway","21066","Employment in agriculture by age, total (15+)","2","Male","2020","2020","6199","Value","3023","Labour force survey","1000 No","42.43","X","Figure from external organization","Repository: ILO-STATISTICS - Micro data processing"
"OEA","Employment Indicators: Agriculture and agrifood systems","578","Norway","21066","Employment in agriculture by age, total (15+)","2","Male","2021","2021","6199","Value","3023","Labour force survey","1000 No","54.02","X","Figure from external organization","Repository: ILO-STATISTICS - Micro data processing"
"OEA","Employment Indicators: Agriculture and agrifood systems","578","Norway","21066","Employment in agriculture by age, total (15+)","2","Male","2022","2022","6199","Value","3023","Labour force survey","1000 No","54.25","X","Figure from external organization","Repository: ILO-STATISTICS - Micro data processing"
"OEA","Employment Indicators: Agriculture and agrifood systems","578","Norway","21066","Employment in agriculture by age, total (15+)","2","Male","2023","2023","6199","Value","3023","Labour force survey","1000 No","54.08","X","Figure from external organization","Repository: ILO-STATISTICS - Micro data processing"
"OEA","Employment Indicators: Agriculture and agrifood systems","578","Norway","21066","Employment in agriculture by age, total (15+)","3","Female","2010","2010","6199","Value","3023","Labour force survey","1000 No","11.48","X","Figure from external organization","Repository: ILO-STATISTICS - Micro data processing"
"OEA","Employment Indicators: Agriculture and agrifood systems","578","Norway","21066","Employment in agriculture by age, total (15+)","3","Female","2011","2011","6199","Value","3023","Labour force survey","1000 No","13.71","X","Figure from external organization","Repository: ILO-STATISTICS - Micro data processing"
"OEA","Employment Indicators: Agriculture and agrifood systems","578","Norway","21066","Employment in agriculture by age, total (15+)","3","Female","2012","2012","6199","Value","3023","Labour force survey","1000 No","10.21","X","Figure from external organization","Repository: ILO-STATISTICS - Micro data processing"
"OEA","Employment Indicators: Agriculture and agrifood systems","578","Norway","21066","Employment in agriculture by age, total (15+)","3","Female","2013","2013","6199","Value","3023","Labour force survey","1000 No","12.77","X","Figure from external organization","Repository: ILO-STATISTICS - Micro data processing"
"OEA","Employment Indicators: Agriculture and agrifood systems","578","Norway","21066","Employment in agriculture by age, total (15+)","3","Female","2014","2014","6199","Value","3023","Labour force survey","1000 No","12.08","X","Figure from external organization","Repository: ILO-STATISTICS - Micro data processing"
"OEA","Employment Indicators: Agriculture and agrifood systems","578","Norway","21066","Employment in agriculture by age, total (15+)","3","Female","2015","2015","6199","Value","3023","Labour force survey","1000 No","11.15","X","Figure from external organization","Repository: ILO-STATISTICS - Micro data processing"
"OEA","Employment Indicators: Agriculture and agrifood systems","578","Norway","21066","Employment in agriculture by age, total (15+)","3","Female","2016","2016","6199","Value","3023","Labour force survey","1000 No","11.04","X","Figure from external organization","Repository: ILO-STATISTICS - Micro data processing"
"OEA","Employment Indicators: Agriculture and agrifood systems","578","Norway","21066","Employment in agriculture by age, total (15+)","3","Female","2017","2017","6199","Value","3023","Labour force survey","1000 No","12.5","X","Figure from external organization","Repository: ILO-STATISTICS - Micro data processing"
"OEA","Employment Indicators: Agriculture and agrifood systems","578","Norway","21066","Employment in agriculture by age, total (15+)","3","Female","2018","2018","6199","Value","3023","Labour force survey","1000 No","14.17","X","Figure from external organization","Repository: ILO-STATISTICS - Micro data processing"
"OEA","Employment Indicators: Agriculture and agrifood systems","578","Norway","21066","Employment in agriculture by age, total (15+)","3","Female","2019","2019","6199","Value","3023","Labour force survey","1000 No","13.49","X","Figure from external organization","Repository: ILO-STATISTICS - Micro data processing"
"OEA","Employment Indicators: Agriculture and agrifood systems","578","Norway","21066","Employment in agriculture by age, total (15+)","3","Female","2020","2020","6199","Value","3023","Labour force survey","1000 No","12.24","X","Figure from external organization","Repository: ILO-STATISTICS - Micro data processing"
"OEA","Employment Indicators: Agriculture and agrifood systems","578","Norway","21066","Employment in agriculture by age, total (15+)","3","Female","2021","2021","6199","Value","3023","Labour force survey","1000 No","13.55","X","Figure from external organization","Repository: ILO-STATISTICS - Micro data processing"
"OEA","Employment Indicators: Agriculture and agrifood systems","578","Norway","21066","Employment in agriculture by age, total (15+)","3","Female","2022","2022","6199","Value","3023","Labour force survey","1000 No","11.87","X","Figure from external organization","Repository: ILO-STATISTICS - Micro data processing"
"OEA","Employment Indicators: Agriculture and agrifood systems","578","Norway","21066","Employment in agriculture by age, total (15+)","3","Female","2023","2023","6199","Value","3023","Labour force survey","1000 No","14.85","X","Figure from external organization","Repository: ILO-STATISTICS - Micro data processing"
"OEA","Employment Indicators: Agriculture and agrifood systems","578","Norway","21088","Employment in agriculture by age, 15 to 24","1","Total","2010","2010","6199","Value","3023","Labour force survey","1000 No","7.03","X","Figure from external organization","Repository: ILO-STATISTICS - Micro data processing"
"OEA","Employment Indicators: Agriculture and agrifood systems","578","Norway","21088","Employment in agriculture by age, 15 to 24","1","Total","2011","2011","6199","Value","3023","Labour force survey","1000 No","7.59","X","Figure from external organization","Repository: ILO-STATISTICS - Micro data processing"
"OEA","Employment Indicators: Agriculture and agrifood systems","578","Norway","21088","Employment in agriculture by age, 15 to 24","1","Total","2012","2012","6199","Value","3023","Labour force survey","1000 No","8.41","X","Figure from external organization","Repository: ILO-STATISTICS - Micro data processing"
"OEA","Employment Indicators: Agriculture and agrifood systems","578","Norway","21088","Employment in agriculture by age, 15 to 24","1","Total","2013","2013","6199","Value","3023","Labour force survey","1000 No","8.34","X","Figure from external organization","Repository: ILO-STATISTICS - Micro data processing"
"OEA","Employment Indicators: Agriculture and agrifood systems","578","Norway","21088","Employment in agriculture by age, 15 to 24","1","Total","2014","2014","6199","Value","3023","Labour force survey","1000 No","9.77","X","Figure from external organization","Repository: ILO-STATISTICS - Micro data processing"
"OEA","Employment Indicators: Agriculture and agrifood systems","578","Norway","21088","Employment in agriculture by age, 15 to 24","1","Total","2015","2015","6199","Value","3023","Labour force survey","1000 No","8.56","X","Figure from external organization","Repository: ILO-STATISTICS - Micro data processing"
"OEA","Employment Indicators: Agriculture and agrifood systems","578","Norway","21088","Employment in agriculture by age, 15 to 24","1","Total","2016","2016","6199","Value","3023","Labour force survey","1000 No","8.98","X","Figure from external organization","Repository: ILO-STATISTICS - Micro data processing"
"OEA","Employment Indicators: Agriculture and agrifood systems","578","Norway","21088","Employment in agriculture by age, 15 to 24","1","Total","2017","2017","6199","Value","3023","Labour force survey","1000 No","7.6","X","Figure from external organization","Repository: ILO-STATISTICS - Micro data processing"
"OEA","Employment Indicators: Agriculture and agrifood systems","578","Norway","21088","Employment in agriculture by age, 15 to 24","1","Total","2018","2018","6199","Value","3023","Labour force survey","1000 No","8.32","X","Figure from external organization","Repository: ILO-STATISTICS - Micro data processing"
"OEA","Employment Indicators: Agriculture and agrifood systems","578","Norway","21088","Employment in agriculture by age, 15 to 24","1","Total","2019","2019","6199","Value","3023","Labour force survey","1000 No","6.92","X","Figure from external organization","Repository: ILO-STATISTICS - Micro data processing"
"OEA","Employment Indicators: Agriculture and agrifood systems","578","Norway","21088","Employment in agriculture by age, 15 to 24","1","Total","2020","2020","6199","Value","3023","Labour force survey","1000 No","11.37","X","Figure from external organization","Repository: ILO-STATISTICS - Micro data processing"
"OEA","Employment Indicators: Agriculture and agrifood systems","578","Norway","21088","Employment in agriculture by age, 15 to 24","1","Total","2021","2021","6199","Value","3023","Labour force survey","1000 No","10.9","X","Figure from external organization","Repository: ILO-STATISTICS - Micro data processing"
"OEA","Employment Indicators: Agriculture and agrifood systems","578","Norway","21088","Employment in agriculture by age, 15 to 24","1","Total","2022","2022","6199","Value","3023","Labour force survey","1000 No","10.86","X","Figure from external organization","Repository: ILO-STATISTICS - Micro data processing"
"OEA","Employment Indicators: Agriculture and agrifood systems","578","Norway","21088","Employment in agriculture by age, 15 to 24","1","Total","2023","2023","6199","Value","3023","Labour force survey","1000 No","13.01","X","Figure from external organization","Repository: ILO-STATISTICS - Micro data processing"
"OEA","Employment Indicators: Agriculture and agrifood systems","578","Norway","21088","Employment in agriculture by age, 15 to 24","2","Male","2010","2010","6199","Value","3023","Labour force survey","1000 No","5.05","X","Figure from external organization","Repository: ILO-STATISTICS - Micro data processing"
"OEA","Employment Indicators: Agriculture and agrifood systems","578","Norway","21088","Employment in agriculture by age, 15 to 24","2","Male","2011","2011","6199","Value","3023","Labour force survey","1000 No","6.35","X","Figure from external organization","Repository: ILO-STATISTICS - Micro data processing"
"OEA","Employment Indicators: Agriculture and agrifood systems","578","Norway","21088","Employment in agriculture by age, 15 to 24","2","Male","2012","2012","6199","Value","3023","Labour force survey","1000 No","6.64","X","Figure from external organization","Repository: ILO-STATISTICS - Micro data processing"
"OEA","Employment Indicators: Agriculture and agrifood systems","578","Norway","21088","Employment in agriculture by age, 15 to 24","2","Male","2013","2013","6199","Value","3023","Labour force survey","1000 No","5.98","X","Figure from external organization","Repository: ILO-STATISTICS - Micro data processing"
"OEA","Employment Indicators: Agriculture and agrifood systems","578","Norway","21088","Employment in agriculture by age, 15 to 24","2","Male","2014","2014","6199","Value","3023","Labour force survey","1000 No","7.52","X","Figure from external organization","Repository: ILO-STATISTICS - Micro data processing"
"OEA","Employment Indicators: Agriculture and agrifood systems","578","Norway","21088","Employment in agriculture by age, 15 to 24","2","Male","2015","2015","6199","Value","3023","Labour force survey","1000 No","5.71","X","Figure from external organization","Repository: ILO-STATISTICS - Micro data processing"
"OEA","Employment Indicators: Agriculture and agrifood systems","578","Norway","21088","Employment in agriculture by age, 15 to 24","2","Male","2016","2016","6199","Value","3023","Labour force survey","1000 No","6.53","X","Figure from external organization","Repository: ILO-STATISTICS - Micro data processing"
"OEA","Employment Indicators: Agriculture and agrifood systems","578","Norway","21088","Employment in agriculture by age, 15 to 24","2","Male","2017","2017","6199","Value","3023","Labour force survey","1000 No","5.98","X","Figure from external organization","Repository: ILO-STATISTICS - Micro data processing"
"OEA","Employment Indicators: Agriculture and agrifood systems","578","Norway","21088","Employment in agriculture by age, 15 to 24","2","Male","2018","2018","6199","Value","3023","Labour force survey","1000 No","4.8","X","Figure from external organization","Repository: ILO-STATISTICS - Micro data processing"
"OEA","Employment Indicators: Agriculture and agrifood systems","578","Norway","21088","Employment in agriculture by age, 15 to 24","2","Male","2019","2019","6199","Value","3023","Labour force survey","1000 No","4.57","X","Figure from external organization","Repository: ILO-STATISTICS - Micro data processing"
"OEA","Employment Indicators: Agriculture and agrifood systems","578","Norway","21088","Employment in agriculture by age, 15 to 24","2","Male","2020","2020","6199","Value","3023","Labour force survey","1000 No","8.13","X","Figure from external organization","Repository: ILO-STATISTICS - Micro data processing"
"OEA","Employment Indicators: Agriculture and agrifood systems","578","Norway","21088","Employment in agriculture by age, 15 to 24","2","Male","2021","2021","6199","Value","3023","Labour force survey","1000 No","8.02","X","Figure from external organization","Repository: ILO-STATISTICS - Micro data processing"
"OEA","Employment Indicators: Agriculture and agrifood systems","578","Norway","21088","Employment in agriculture by age, 15 to 24","2","Male","2022","2022","6199","Value","3023","Labour force survey","1000 No","8.45","X","Figure from external organization","Repository: ILO-STATISTICS - Micro data processing"
"OEA","Employment Indicators: Agriculture and agrifood systems","578","Norway","21088","Employment in agriculture by age, 15 to 24","2","Male","2023","2023","6199","Value","3023","Labour force survey","1000 No","9.17","X","Figure from external organization","Repository: ILO-STATISTICS - Micro data processing"
"OEA","Employment Indicators: Agriculture and agrifood systems","578","Norway","21088","Employment in agriculture by age, 15 to 24","3","Female","2010","2010","6199","Value","3023","Labour force survey","1000 No","1.98","X","Figure from external organization","Unreliable Repository: ILO-STATISTICS - Micro data processing"
"OEA","Employment Indicators: Agriculture and agrifood systems","578","Norway","21088","Employment in agriculture by age, 15 to 24","3","Female","2011","2011","6199","Value","3023","Labour force survey","1000 No","1.25","X","Figure from external organization","Unreliable Repository: ILO-STATISTICS - Micro data processing"
"OEA","Employment Indicators: Agriculture and agrifood systems","578","Norway","21088","Employment in agriculture by age, 15 to 24","3","Female","2012","2012","6199","Value","3023","Labour force survey","1000 No","1.77","X","Figure from external organization","Unreliable Repository: ILO-STATISTICS - Micro data processing"
"OEA","Employment Indicators: Agriculture and agrifood systems","578","Norway","21088","Employment in agriculture by age, 15 to 24","3","Female","2013","2013","6199","Value","3023","Labour force survey","1000 No","2.36","X","Figure from external organization","Unreliable Repository: ILO-STATISTICS - Micro data processing"
"OEA","Employment Indicators: Agriculture and agrifood systems","578","Norway","21088","Employment in agriculture by age, 15 to 24","3","Female","2014","2014","6199","Value","3023","Labour force survey","1000 No","2.26","X","Figure from external organization","Unreliable Repository: ILO-STATISTICS - Micro data processing"
"OEA","Employment Indicators: Agriculture and agrifood systems","578","Norway","21088","Employment in agriculture by age, 15 to 24","3","Female","2015","2015","6199","Value","3023","Labour force survey","1000 No","2.85","X","Figure from external organization","Repository: ILO-STATISTICS - Micro data processing"
"OEA","Employment Indicators: Agriculture and agrifood systems","578","Norway","21088","Employment in agriculture by age, 15 to 24","3","Female","2016","2016","6199","Value","3023","Labour force survey","1000 No","2.46","X","Figure from external organization","Repository: ILO-STATISTICS - Micro data processing"
"OEA","Employment Indicators: Agriculture and agrifood systems","578","Norway","21088","Employment in agriculture by age, 15 to 24","3","Female","2017","2017","6199","Value","3023","Labour force survey","1000 No","1.63","X","Figure from external organization","Unreliable Repository: ILO-STATISTICS - Micro data processing"
"OEA","Employment Indicators: Agriculture and agrifood systems","578","Norway","21088","Employment in agriculture by age, 15 to 24","3","Female","2018","2018","6199","Value","3023","Labour force survey","1000 No","3.53","X","Figure from external organization","Repository: ILO-STATISTICS - Micro data processing"
"OEA","Employment Indicators: Agriculture and agrifood systems","578","Norway","21088","Employment in agriculture by age, 15 to 24","3","Female","2019","2019","6199","Value","3023","Labour force survey","1000 No","2.34","X","Figure from external organization","Unreliable Repository: ILO-STATISTICS - Micro data processing"
"OEA","Employment Indicators: Agriculture and agrifood systems","578","Norway","21088","Employment in agriculture by age, 15 to 24","3","Female","2020","2020","6199","Value","3023","Labour force survey","1000 No","3.24","X","Figure from external organization","Repository: ILO-STATISTICS - Micro data processing"
"OEA","Employment Indicators: Agriculture and agrifood systems","578","Norway","21088","Employment in agriculture by age, 15 to 24","3","Female","2021","2021","6199","Value","3023","Labour force survey","1000 No","2.88","X","Figure from external organization","Unreliable Repository: ILO-STATISTICS - Micro data processing"
"OEA","Employment Indicators: Agriculture and agrifood systems","578","Norway","21088","Employment in agriculture by age, 15 to 24","3","Female","2022","2022","6199","Value","3023","Labour force survey","1000 No","2.41","X","Figure from external organization","Unreliable Repository: ILO-STATISTICS - Micro data processing"
"OEA","Employment Indicators: Agriculture and agrifood systems","578","Norway","21088","Employment in agriculture by age, 15 to 24","3","Female","2023","2023","6199","Value","3023","Labour force survey","1000 No","3.85","X","Figure from external organization","Repository: ILO-STATISTICS - Micro data processing"
"OEA","Employment Indicators: Agriculture and agrifood systems","578","Norway","21089","Employment in agriculture by age, 25 to 54","1","Total","2010","2010","6199","Value","3023","Labour force survey","1000 No","37.98","X","Figure from external organization","Repository: ILO-STATISTICS - Micro data processing"
"OEA","Employment Indicators: Agriculture and agrifood systems","578","Norway","21089","Employment in agriculture by age, 25 to 54","1","Total","2011","2011","6199","Value","3023","Labour force survey","1000 No","34.24","X","Figure from external organization","Repository: ILO-STATISTICS - Micro data processing"
"OEA","Employment Indicators: Agriculture and agrifood systems","578","Norway","21089","Employment in agriculture by age, 25 to 54","1","Total","2012","2012","6199","Value","3023","Labour force survey","1000 No","31.12","X","Figure from external organization","Repository: ILO-STATISTICS - Micro data processing"
"OEA","Employment Indicators: Agriculture and agrifood systems","578","Norway","21089","Employment in agriculture by age, 25 to 54","1","Total","2013","2013","6199","Value","3023","Labour force survey","1000 No","33.6","X","Figure from external organization","Repository: ILO-STATISTICS - Micro data processing"
"OEA","Employment Indicators: Agriculture and agrifood systems","578","Norway","21089","Employment in agriculture by age, 25 to 54","1","Total","2014","2014","6199","Value","3023","Labour force survey","1000 No","29.81","X","Figure from external organization","Repository: ILO-STATISTICS - Micro data processing"
"OEA","Employment Indicators: Agriculture and agrifood systems","578","Norway","21089","Employment in agriculture by age, 25 to 54","1","Total","2015","2015","6199","Value","3023","Labour force survey","1000 No","29.24","X","Figure from external organization","Repository: ILO-STATISTICS - Micro data processing"
"OEA","Employment Indicators: Agriculture and agrifood systems","578","Norway","21089","Employment in agriculture by age, 25 to 54","1","Total","2016","2016","6199","Value","3023","Labour force survey","1000 No","27.54","X","Figure from external organization","Repository: ILO-STATISTICS - Micro data processing"
"OEA","Employment Indicators: Agriculture and agrifood systems","578","Norway","21089","Employment in agriculture by age, 25 to 54","1","Total","2017","2017","6199","Value","3023","Labour force survey","1000 No","29.76","X","Figure from external organization","Repository: ILO-STATISTICS - Micro data processing"
"OEA","Employment Indicators: Agriculture and agrifood systems","578","Norway","21089","Employment in agriculture by age, 25 to 54","1","Total","2018","2018","6199","Value","3023","Labour force survey","1000 No","30.71","X","Figure from external organization","Repository: ILO-STATISTICS - Micro data processing"
"OEA","Employment Indicators: Agriculture and agrifood systems","578","Norway","21089","Employment in agriculture by age, 25 to 54","1","Total","2019","2019","6199","Value","3023","Labour force survey","1000 No","30.1","X","Figure from external organization","Repository: ILO-STATISTICS - Micro data processing"
"OEA","Employment Indicators: Agriculture and agrifood systems","578","Norway","21089","Employment in agriculture by age, 25 to 54","1","Total","2020","2020","6199","Value","3023","Labour force survey","1000 No","24.26","X","Figure from external organization","Repository: ILO-STATISTICS - Micro data processing"
"OEA","Employment Indicators: Agriculture and agrifood systems","578","Norway","21089","Employment in agriculture by age, 25 to 54","1","Total","2021","2021","6199","Value","3023","Labour force survey","1000 No","34.32","X","Figure from external organization","Repository: ILO-STATISTICS - Micro data processing"
"OEA","Employment Indicators: Agriculture and agrifood systems","578","Norway","21089","Employment in agriculture by age, 25 to 54","1","Total","2022","2022","6199","Value","3023","Labour force survey","1000 No","34.29","X","Figure from external organization","Repository: ILO-STATISTICS - Micro data processing"
"OEA","Employment Indicators: Agriculture and agrifood systems","578","Norway","21089","Employment in agriculture by age, 25 to 54","1","Total","2023","2023","6199","Value","3023","Labour force survey","1000 No","33.82","X","Figure from external organization","Repository: ILO-STATISTICS - Micro data processing"
"OEA","Employment Indicators: Agriculture and agrifood systems","578","Norway","21089","Employment in agriculture by age, 25 to 54","2","Male","2010","2010","6199","Value","3023","Labour force survey","1000 No","30.83","X","Figure from external organization","Repository: ILO-STATISTICS - Micro data processing"
"OEA","Employment Indicators: Agriculture and agrifood systems","578","Norway","21089","Employment in agriculture by age, 25 to 54","2","Male","2011","2011","6199","Value","3023","Labour force survey","1000 No","26.61","X","Figure from external organization","Repository: ILO-STATISTICS - Micro data processing"
"OEA","Employment Indicators: Agriculture and agrifood systems","578","Norway","21089","Employment in agriculture by age, 25 to 54","2","Male","2012","2012","6199","Value","3023","Labour force survey","1000 No","25.58","X","Figure from external organization","Repository: ILO-STATISTICS - Micro data processing"
"OEA","Employment Indicators: Agriculture and agrifood systems","578","Norway","21089","Employment in agriculture by age, 25 to 54","2","Male","2013","2013","6199","Value","3023","Labour force survey","1000 No","25.24","X","Figure from external organization","Repository: ILO-STATISTICS - Micro data processing"
"OEA","Employment Indicators: Agriculture and agrifood systems","578","Norway","21089","Employment in agriculture by age, 25 to 54","2","Male","2014","2014","6199","Value","3023","Labour force survey","1000 No","23.52","X","Figure from external organization","Repository: ILO-STATISTICS - Micro data processing"
"OEA","Employment Indicators: Agriculture and agrifood systems","578","Norway","21089","Employment in agriculture by age, 25 to 54","2","Male","2015","2015","6199","Value","3023","Labour force survey","1000 No","22.8","X","Figure from external organization","Repository: ILO-STATISTICS - Micro data processing"
"OEA","Employment Indicators: Agriculture and agrifood systems","578","Norway","21089","Employment in agriculture by age, 25 to 54","2","Male","2016","2016","6199","Value","3023","Labour force survey","1000 No","22.03","X","Figure from external organization","Repository: ILO-STATISTICS - Micro data processing"
"OEA","Employment Indicators: Agriculture and agrifood systems","578","Norway","21089","Employment in agriculture by age, 25 to 54","2","Male","2017","2017","6199","Value","3023","Labour force survey","1000 No","22.79","X","Figure from external organization","Repository: ILO-STATISTICS - Micro data processing"
"OEA","Employment Indicators: Agriculture and agrifood systems","578","Norway","21089","Employment in agriculture by age, 25 to 54","2","Male","2018","2018","6199","Value","3023","Labour force survey","1000 No","22.95","X","Figure from external organization","Repository: ILO-STATISTICS - Micro data processing"
"OEA","Employment Indicators: Agriculture and agrifood systems","578","Norway","21089","Employment in agriculture by age, 25 to 54","2","Male","2019","2019","6199","Value","3023","Labour force survey","1000 No","23.34","X","Figure from external organization","Repository: ILO-STATISTICS - Micro data processing"
"OEA","Employment Indicators: Agriculture and agrifood systems","578","Norway","21089","Employment in agriculture by age, 25 to 54","2","Male","2020","2020","6199","Value","3023","Labour force survey","1000 No","18.67","X","Figure from external organization","Repository: ILO-STATISTICS - Micro data processing"
"OEA","Employment Indicators: Agriculture and agrifood systems","578","Norway","21089","Employment in agriculture by age, 25 to 54","2","Male","2021","2021","6199","Value","3023","Labour force survey","1000 No","27.3","X","Figure from external organization","Repository: ILO-STATISTICS - Micro data processing"
"OEA","Employment Indicators: Agriculture and agrifood systems","578","Norway","21089","Employment in agriculture by age, 25 to 54","2","Male","2022","2022","6199","Value","3023","Labour force survey","1000 No","27.84","X","Figure from external organization","Repository: ILO-STATISTICS - Micro data processing"
"OEA","Employment Indicators: Agriculture and agrifood systems","578","Norway","21089","Employment in agriculture by age, 25 to 54","2","Male","2023","2023","6199","Value","3023","Labour force survey","1000 No","25.99","X","Figure from external organization","Repository: ILO-STATISTICS - Micro data processing"
"OEA","Employment Indicators: Agriculture and agrifood systems","578","Norway","21089","Employment in agriculture by age, 25 to 54","3","Female","2010","2010","6199","Value","3023","Labour force survey","1000 No","7.14","X","Figure from external organization","Repository: ILO-STATISTICS - Micro data processing"
"OEA","Employment Indicators: Agriculture and agrifood systems","578","Norway","21089","Employment in agriculture by age, 25 to 54","3","Female","2011","2011","6199","Value","3023","Labour force survey","1000 No","7.63","X","Figure from external organization","Repository: ILO-STATISTICS - Micro data processing"
"OEA","Employment Indicators: Agriculture and agrifood systems","578","Norway","21089","Employment in agriculture by age, 25 to 54","3","Female","2012","2012","6199","Value","3023","Labour force survey","1000 No","5.53","X","Figure from external organization","Repository: ILO-STATISTICS - Micro data processing"
"OEA","Employment Indicators: Agriculture and agrifood systems","578","Norway","21089","Employment in agriculture by age, 25 to 54","3","Female","2013","2013","6199","Value","3023","Labour force survey","1000 No","8.36","X","Figure from external organization","Repository: ILO-STATISTICS - Micro data processing"
"OEA","Employment Indicators: Agriculture and agrifood systems","578","Norway","21089","Employment in agriculture by age, 25 to 54","3","Female","2014","2014","6199","Value","3023","Labour force survey","1000 No","6.29","X","Figure from external organization","Repository: ILO-STATISTICS - Micro data processing"
"OEA","Employment Indicators: Agriculture and agrifood systems","578","Norway","21089","Employment in agriculture by age, 25 to 54","3","Female","2015","2015","6199","Value","3023","Labour force survey","1000 No","6.44","X","Figure from external organization","Repository: ILO-STATISTICS - Micro data processing"
"OEA","Employment Indicators: Agriculture and agrifood systems","578","Norway","21089","Employment in agriculture by age, 25 to 54","3","Female","2016","2016","6199","Value","3023","Labour force survey","1000 No","5.51","X","Figure from external organization","Repository: ILO-STATISTICS - Micro data processing"
"OEA","Employment Indicators: Agriculture and agrifood systems","578","Norway","21089","Employment in agriculture by age, 25 to 54","3","Female","2017","2017","6199","Value","3023","Labour force survey","1000 No","6.97","X","Figure from external organization","Repository: ILO-STATISTICS - Micro data processing"
"OEA","Employment Indicators: Agriculture and agrifood systems","578","Norway","21089","Employment in agriculture by age, 25 to 54","3","Female","2018","2018","6199","Value","3023","Labour force survey","1000 No","7.76","X","Figure from external organization","Repository: ILO-STATISTICS - Micro data processing"
"OEA","Employment Indicators: Agriculture and agrifood systems","578","Norway","21089","Employment in agriculture by age, 25 to 54","3","Female","2019","2019","6199","Value","3023","Labour force survey","1000 No","6.75","X","Figure from external organization","Repository: ILO-STATISTICS - Micro data processing"
"OEA","Employment Indicators: Agriculture and agrifood systems","578","Norway","21089","Employment in agriculture by age, 25 to 54","3","Female","2020","2020","6199","Value","3023","Labour force survey","1000 No","5.58","X","Figure from external organization","Repository: ILO-STATISTICS - Micro data processing"
"OEA","Employment Indicators: Agriculture and agrifood systems","578","Norway","21089","Employment in agriculture by age, 25 to 54","3","Female","2021","2021","6199","Value","3023","Labour force survey","1000 No","7.02","X","Figure from external organization","Repository: ILO-STATISTICS - Micro data processing"
"OEA","Employment Indicators: Agriculture and agrifood systems","578","Norway","21089","Employment in agriculture by age, 25 to 54","3","Female","2022","2022","6199","Value","3023","Labour force survey","1000 No","6.45","X","Figure from external organization","Repository: ILO-STATISTICS - Micro data processing"
"OEA","Employment Indicators: Agriculture and agrifood systems","578","Norway","21089","Employment in agriculture by age, 25 to 54","3","Female","2023","2023","6199","Value","3023","Labour force survey","1000 No","7.83","X","Figure from external organization","Repository: ILO-STATISTICS - Micro data processing"
"OEA","Employment Indicators: Agriculture and agrifood systems","578","Norway","21090","Employment in agriculture by age, 55 to 64","1","Total","2010","2010","6199","Value","3023","Labour force survey","1000 No","12.05","X","Figure from external organization","Repository: ILO-STATISTICS - Micro data processing"
"OEA","Employment Indicators: Agriculture and agrifood systems","578","Norway","21090","Employment in agriculture by age, 55 to 64","1","Total","2011","2011","6199","Value","3023","Labour force survey","1000 No","16.3","X","Figure from external organization","Repository: ILO-STATISTICS - Micro data processing"
"OEA","Employment Indicators: Agriculture and agrifood systems","578","Norway","21090","Employment in agriculture by age, 55 to 64","1","Total","2012","2012","6199","Value","3023","Labour force survey","1000 No","11.51","X","Figure from external organization","Repository: ILO-STATISTICS - Micro data processing"
"OEA","Employment Indicators: Agriculture and agrifood systems","578","Norway","21090","Employment in agriculture by age, 55 to 64","1","Total","2013","2013","6199","Value","3023","Labour force survey","1000 No","13.11","X","Figure from external organization","Repository: ILO-STATISTICS - Micro data processing"
"OEA","Employment Indicators: Agriculture and agrifood systems","578","Norway","21090","Employment in agriculture by age, 55 to 64","1","Total","2014","2014","6199","Value","3023","Labour force survey","1000 No","12.63","X","Figure from external organization","Repository: ILO-STATISTICS - Micro data processing"
"OEA","Employment Indicators: Agriculture and agrifood systems","578","Norway","21090","Employment in agriculture by age, 55 to 64","1","Total","2015","2015","6199","Value","3023","Labour force survey","1000 No","11.1","X","Figure from external organization","Repository: ILO-STATISTICS - Micro data processing"
"OEA","Employment Indicators: Agriculture and agrifood systems","578","Norway","21090","Employment in agriculture by age, 55 to 64","1","Total","2016","2016","6199","Value","3023","Labour force survey","1000 No","11.21","X","Figure from external organization","Repository: ILO-STATISTICS - Micro data processing"
"OEA","Employment Indicators: Agriculture and agrifood systems","578","Norway","21090","Employment in agriculture by age, 55 to 64","1","Total","2017","2017","6199","Value","3023","Labour force survey","1000 No","13.8","X","Figure from external organization","Repository: ILO-STATISTICS - Micro data processing"
"OEA","Employment Indicators: Agriculture and agrifood systems","578","Norway","21090","Employment in agriculture by age, 55 to 64","1","Total","2018","2018","6199","Value","3023","Labour force survey","1000 No","10.37","X","Figure from external organization","Repository: ILO-STATISTICS - Micro data processing"
"OEA","Employment Indicators: Agriculture and agrifood systems","578","Norway","21090","Employment in agriculture by age, 55 to 64","1","Total","2019","2019","6199","Value","3023","Labour force survey","1000 No","12.9","X","Figure from external organization","Repository: ILO-STATISTICS - Micro data processing"
"OEA","Employment Indicators: Agriculture and agrifood systems","578","Norway","21090","Employment in agriculture by age, 55 to 64","1","Total","2020","2020","6199","Value","3023","Labour force survey","1000 No","12.54","X","Figure from external organization","Repository: ILO-STATISTICS - Micro data processing"
"OEA","Employment Indicators: Agriculture and agrifood systems","578","Norway","21090","Employment in agriculture by age, 55 to 64","1","Total","2021","2021","6199","Value","3023","Labour force survey","1000 No","13.93","X","Figure from external organization","Repository: ILO-STATISTICS - Micro data processing"
"OEA","Employment Indicators: Agriculture and agrifood systems","578","Norway","21090","Employment in agriculture by age, 55 to 64","1","Total","2022","2022","6199","Value","3023","Labour force survey","1000 No","16.04","X","Figure from external organization","Repository: ILO-STATISTICS - Micro data processing"
"OEA","Employment Indicators: Agriculture and agrifood systems","578","Norway","21090","Employment in agriculture by age, 55 to 64","1","Total","2023","2023","6199","Value","3023","Labour force survey","1000 No","15.17","X","Figure from external organization","Repository: ILO-STATISTICS - Micro data processing"
"OEA","Employment Indicators: Agriculture and agrifood systems","578","Norway","21090","Employment in agriculture by age, 55 to 64","2","Male","2010","2010","6199","Value","3023","Labour force survey","1000 No","10.28","X","Figure from external organization","Repository: ILO-STATISTICS - Micro data processing"
"OEA","Employment Indicators: Agriculture and agrifood systems","578","Norway","21090","Employment in agriculture by age, 55 to 64","2","Male","2011","2011","6199","Value","3023","Labour force survey","1000 No","12.39","X","Figure from external organization","Repository: ILO-STATISTICS - Micro data processing"
"OEA","Employment Indicators: Agriculture and agrifood systems","578","Norway","21090","Employment in agriculture by age, 55 to 64","2","Male","2012","2012","6199","Value","3023","Labour force survey","1000 No","9.62","X","Figure from external organization","Repository: ILO-STATISTICS - Micro data processing"
"OEA","Employment Indicators: Agriculture and agrifood systems","578","Norway","21090","Employment in agriculture by age, 55 to 64","2","Male","2013","2013","6199","Value","3023","Labour force survey","1000 No","12.2","X","Figure from external organization","Repository: ILO-STATISTICS - Micro data processing"
"OEA","Employment Indicators: Agriculture and agrifood systems","578","Norway","21090","Employment in agriculture by age, 55 to 64","2","Male","2014","2014","6199","Value","3023","Labour force survey","1000 No","10.73","X","Figure from external organization","Repository: ILO-STATISTICS - Micro data processing"
"OEA","Employment Indicators: Agriculture and agrifood systems","578","Norway","21090","Employment in agriculture by age, 55 to 64","2","Male","2015","2015","6199","Value","3023","Labour force survey","1000 No","9.51","X","Figure from external organization","Repository: ILO-STATISTICS - Micro data processing"
"OEA","Employment Indicators: Agriculture and agrifood systems","578","Norway","21090","Employment in agriculture by age, 55 to 64","2","Male","2016","2016","6199","Value","3023","Labour force survey","1000 No","9.08","X","Figure from external organization","Repository: ILO-STATISTICS - Micro data processing"
"OEA","Employment Indicators: Agriculture and agrifood systems","578","Norway","21090","Employment in agriculture by age, 55 to 64","2","Male","2017","2017","6199","Value","3023","Labour force survey","1000 No","11.48","X","Figure from external organization","Repository: ILO-STATISTICS - Micro data processing"
"OEA","Employment Indicators: Agriculture and agrifood systems","578","Norway","21090","Employment in agriculture by age, 55 to 64","2","Male","2018","2018","6199","Value","3023","Labour force survey","1000 No","8.63","X","Figure from external organization","Repository: ILO-STATISTICS - Micro data processing"
"OEA","Employment Indicators: Agriculture and agrifood systems","578","Norway","21090","Employment in agriculture by age, 55 to 64","2","Male","2019","2019","6199","Value","3023","Labour force survey","1000 No","9.75","X","Figure from external organization","Repository: ILO-STATISTICS - Micro data processing"
"OEA","Employment Indicators: Agriculture and agrifood systems","578","Norway","21090","Employment in agriculture by age, 55 to 64","2","Male","2020","2020","6199","Value","3023","Labour force survey","1000 No","10.15","X","Figure from external organization","Repository: ILO-STATISTICS - Micro data processing"
"OEA","Employment Indicators: Agriculture and agrifood systems","578","Norway","21090","Employment in agriculture by age, 55 to 64","2","Male","2021","2021","6199","Value","3023","Labour force survey","1000 No","11.53","X","Figure from external organization","Repository: ILO-STATISTICS - Micro data processing"
"OEA","Employment Indicators: Agriculture and agrifood systems","578","Norway","21090","Employment in agriculture by age, 55 to 64","2","Male","2022","2022","6199","Value","3023","Labour force survey","1000 No","13.57","X","Figure from external organization","Repository: ILO-STATISTICS - Micro data processing"
"OEA","Employment Indicators: Agriculture and agrifood systems","578","Norway","21090","Employment in agriculture by age, 55 to 64","2","Male","2023","2023","6199","Value","3023","Labour force survey","1000 No","12.63","X","Figure from external organization","Repository: ILO-STATISTICS - Micro data processing"
"OEA","Employment Indicators: Agriculture and agrifood systems","578","Norway","21090","Employment in agriculture by age, 55 to 64","3","Female","2010","2010","6199","Value","3023","Labour force survey","1000 No","1.77","X","Figure from external organization","Repository: ILO-STATISTICS - Micro data processing"
"OEA","Employment Indicators: Agriculture and agrifood systems","578","Norway","21090","Employment in agriculture by age, 55 to 64","3","Female","2011","2011","6199","Value","3023","Labour force survey","1000 No","3.9","X","Figure from external organization","Repository: ILO-STATISTICS - Micro data processing"
"OEA","Employment Indicators: Agriculture and agrifood systems","578","Norway","21090","Employment in agriculture by age, 55 to 64","3","Female","2012","2012","6199","Value","3023","Labour force survey","1000 No","1.89","X","Figure from external organization","Unreliable Repository: ILO-STATISTICS - Micro data processing"
"OEA","Employment Indicators: Agriculture and agrifood systems","578","Norway","21090","Employment in agriculture by age, 55 to 64","3","Female","2013","2013","6199","Value","3023","Labour force survey","1000 No","0.91","X","Figure from external organization","Unreliable Repository: ILO-STATISTICS - Micro data processing"
"OEA","Employment Indicators: Agriculture and agrifood systems","578","Norway","21090","Employment in agriculture by age, 55 to 64","3","Female","2014","2014","6199","Value","3023","Labour force survey","1000 No","1.9","X","Figure from external organization","Unreliable Repository: ILO-STATISTICS - Micro data processing"
"OEA","Employment Indicators: Agriculture and agrifood systems","578","Norway","21090","Employment in agriculture by age, 55 to 64","3","Female","2015","2015","6199","Value","3023","Labour force survey","1000 No","1.59","X","Figure from external organization","Unreliable Repository: ILO-STATISTICS - Micro data processing"
"OEA","Employment Indicators: Agriculture and agrifood systems","578","Norway","21090","Employment in agriculture by age, 55 to 64","3","Female","2016","2016","6199","Value","3023","Labour force survey","1000 No","2.13","X","Figure from external organization","Repository: ILO-STATISTICS - Micro data processing"
"OEA","Employment Indicators: Agriculture and agrifood systems","578","Norway","21090","Employment in agriculture by age, 55 to 64","3","Female","2017","2017","6199","Value","3023","Labour force survey","1000 No","2.31","X","Figure from external organization","Unreliable Repository: ILO-STATISTICS - Micro data processing"
"OEA","Employment Indicators: Agriculture and agrifood systems","578","Norway","21090","Employment in agriculture by age, 55 to 64","3","Female","2018","2018","6199","Value","3023","Labour force survey","1000 No","1.74","X","Figure from external organization","Unreliable Repository: ILO-STATISTICS - Micro data processing"
"OEA","Employment Indicators: Agriculture and agrifood systems","578","Norway","21090","Employment in agriculture by age, 55 to 64","3","Female","2019","2019","6199","Value","3023","Labour force survey","1000 No","3.15","X","Figure from external organization","Repository: ILO-STATISTICS - Micro data processing"
"OEA","Employment Indicators: Agriculture and agrifood systems","578","Norway","21090","Employment in agriculture by age, 55 to 64","3","Female","2020","2020","6199","Value","3023","Labour force survey","1000 No","2.39","X","Figure from external organization","Unreliable Repository: ILO-STATISTICS - Micro data processing"
"OEA","Employment Indicators: Agriculture and agrifood systems","578","Norway","21090","Employment in agriculture by age, 55 to 64","3","Female","2021","2021","6199","Value","3023","Labour force survey","1000 No","2.4","X","Figure from external organization","Unreliable Repository: ILO-STATISTICS - Micro data processing"
"OEA","Employment Indicators: Agriculture and agrifood systems","578","Norway","21090","Employment in agriculture by age, 55 to 64","3","Female","2022","2022","6199","Value","3023","Labour force survey","1000 No","2.48","X","Figure from external organization","Unreliable Repository: ILO-STATISTICS - Micro data processing"
"OEA","Employment Indicators: Agriculture and agrifood systems","578","Norway","21090","Employment in agriculture by age, 55 to 64","3","Female","2023","2023","6199","Value","3023","Labour force survey","1000 No","2.54","X","Figure from external organization","Unreliable Repository: ILO-STATISTICS - Micro data processing"
"OEA","Employment Indicators: Agriculture and agrifood systems","578","Norway","21086","Employment in agriculture by age, 65+","1","Total","2010","2010","6199","Value","3023","Labour force survey","1000 No","5.02","X","Figure from external organization","Repository: ILO-STATISTICS - Micro data processing"
"OEA","Employment Indicators: Agriculture and agrifood systems","578","Norway","21086","Employment in agriculture by age, 65+","1","Total","2011","2011","6199","Value","3023","Labour force survey","1000 No","4.64","X","Figure from external organization","Repository: ILO-STATISTICS - Micro data processing"
"OEA","Employment Indicators: Agriculture and agrifood systems","578","Norway","21086","Employment in agriculture by age, 65+","1","Total","2012","2012","6199","Value","3023","Labour force survey","1000 No","5.26","X","Figure from external organization","Repository: ILO-STATISTICS - Micro data processing"
"OEA","Employment Indicators: Agriculture and agrifood systems","578","Norway","21086","Employment in agriculture by age, 65+","1","Total","2013","2013","6199","Value","3023","Labour force survey","1000 No","4.91","X","Figure from external organization","Repository: ILO-STATISTICS - Micro data processing"
"OEA","Employment Indicators: Agriculture and agrifood systems","578","Norway","21086","Employment in agriculture by age, 65+","1","Total","2014","2014","6199","Value","3023","Labour force survey","1000 No","6.02","X","Figure from external organization","Repository: ILO-STATISTICS - Micro data processing"
"OEA","Employment Indicators: Agriculture and agrifood systems","578","Norway","21086","Employment in agriculture by age, 65+","1","Total","2015","2015","6199","Value","3023","Labour force survey","1000 No","5.34","X","Figure from external organization","Repository: ILO-STATISTICS - Micro data processing"
"OEA","Employment Indicators: Agriculture and agrifood systems","578","Norway","21086","Employment in agriculture by age, 65+","1","Total","2016","2016","6199","Value","3023","Labour force survey","1000 No","6.32","X","Figure from external organization","Repository: ILO-STATISTICS - Micro data processing"
"OEA","Employment Indicators: Agriculture and agrifood systems","578","Norway","21086","Employment in agriculture by age, 65+","1","Total","2017","2017","6199","Value","3023","Labour force survey","1000 No","6.21","X","Figure from external organization","Repository: ILO-STATISTICS - Micro data processing"
"OEA","Employment Indicators: Agriculture and agrifood systems","578","Norway","21086","Employment in agriculture by age, 65+","1","Total","2018","2018","6199","Value","3023","Labour force survey","1000 No","5.69","X","Figure from external organization","Repository: ILO-STATISTICS - Micro data processing"
"OEA","Employment Indicators: Agriculture and agrifood systems","578","Norway","21086","Employment in agriculture by age, 65+","1","Total","2019","2019","6199","Value","3023","Labour force survey","1000 No","6.4","X","Figure from external organization","Repository: ILO-STATISTICS - Micro data processing"
"OEA","Employment Indicators: Agriculture and agrifood systems","578","Norway","21086","Employment in agriculture by age, 65+","1","Total","2020","2020","6199","Value","3023","Labour force survey","1000 No","6.5","X","Figure from external organization","Repository: ILO-STATISTICS - Micro data processing"
"OEA","Employment Indicators: Agriculture and agrifood systems","578","Norway","21086","Employment in agriculture by age, 65+","1","Total","2021","2021","6199","Value","3023","Labour force survey","1000 No","8.41","X","Figure from external organization","Repository: ILO-STATISTICS - Micro data processing"
"OEA","Employment Indicators: Agriculture and agrifood systems","578","Norway","21086","Employment in agriculture by age, 65+","1","Total","2022","2022","6199","Value","3023","Labour force survey","1000 No","4.92","X","Figure from external organization","Repository: ILO-STATISTICS - Micro data processing"
"OEA","Employment Indicators: Agriculture and agrifood systems","578","Norway","21086","Employment in agriculture by age, 65+","1","Total","2023","2023","6199","Value","3023","Labour force survey","1000 No","6.93","X","Figure from external organization","Repository: ILO-STATISTICS - Micro data processing"
"OEA","Employment Indicators: Agriculture and agrifood systems","578","Norway","21086","Employment in agriculture by age, 65+","2","Male","2010","2010","6199","Value","3023","Labour force survey","1000 No","4.43","X","Figure from external organization","Repository: ILO-STATISTICS - Micro data processing"
"OEA","Employment Indicators: Agriculture and agrifood systems","578","Norway","21086","Employment in agriculture by age, 65+","2","Male","2011","2011","6199","Value","3023","Labour force survey","1000 No","3.71","X","Figure from external organization","Repository: ILO-STATISTICS - Micro data processing"
"OEA","Employment Indicators: Agriculture and agrifood systems","578","Norway","21086","Employment in agriculture by age, 65+","2","Male","2012","2012","6199","Value","3023","Labour force survey","1000 No","4.24","X","Figure from external organization","Repository: ILO-STATISTICS - Micro data processing"
"OEA","Employment Indicators: Agriculture and agrifood systems","578","Norway","21086","Employment in agriculture by age, 65+","2","Male","2013","2013","6199","Value","3023","Labour force survey","1000 No","3.77","X","Figure from external organization","Repository: ILO-STATISTICS - Micro data processing"
"OEA","Employment Indicators: Agriculture and agrifood systems","578","Norway","21086","Employment in agriculture by age, 65+","2","Male","2014","2014","6199","Value","3023","Labour force survey","1000 No","4.39","X","Figure from external organization","Repository: ILO-STATISTICS - Micro data processing"
"OEA","Employment Indicators: Agriculture and agrifood systems","578","Norway","21086","Employment in agriculture by age, 65+","2","Male","2015","2015","6199","Value","3023","Labour force survey","1000 No","5.07","X","Figure from external organization","Repository: ILO-STATISTICS - Micro data processing"
"OEA","Employment Indicators: Agriculture and agrifood systems","578","Norway","21086","Employment in agriculture by age, 65+","2","Male","2016","2016","6199","Value","3023","Labour force survey","1000 No","5.38","X","Figure from external organization","Repository: ILO-STATISTICS - Micro data processing"
"OEA","Employment Indicators: Agriculture and agrifood systems","578","Norway","21086","Employment in agriculture by age, 65+","2","Male","2017","2017","6199","Value","3023","Labour force survey","1000 No","4.62","X","Figure from external organization","Repository: ILO-STATISTICS - Micro data processing"
"OEA","Employment Indicators: Agriculture and agrifood systems","578","Norway","21086","Employment in agriculture by age, 65+","2","Male","2018","2018","6199","Value","3023","Labour force survey","1000 No","4.54","X","Figure from external organization","Repository: ILO-STATISTICS - Micro data processing"
"OEA","Employment Indicators: Agriculture and agrifood systems","578","Norway","21086","Employment in agriculture by age, 65+","2","Male","2019","2019","6199","Value","3023","Labour force survey","1000 No","5.16","X","Figure from external organization","Repository: ILO-STATISTICS - Micro data processing"
"OEA","Employment Indicators: Agriculture and agrifood systems","578","Norway","21086","Employment in agriculture by age, 65+","2","Male","2020","2020","6199","Value","3023","Labour force survey","1000 No","5.47","X","Figure from external organization","Repository: ILO-STATISTICS - Micro data processing"
"OEA","Employment Indicators: Agriculture and agrifood systems","578","Norway","21086","Employment in agriculture by age, 65+","2","Male","2021","2021","6199","Value","3023","Labour force survey","1000 No","7.17","X","Figure from external organization","Repository: ILO-STATISTICS - Micro data processing"
"OEA","Employment Indicators: Agriculture and agrifood systems","578","Norway","21086","Employment in agriculture by age, 65+","2","Male","2022","2022","6199","Value","3023","Labour force survey","1000 No","4.39","X","Figure from external organization","Repository: ILO-STATISTICS - Micro data processing"
"OEA","Employment Indicators: Agriculture and agrifood systems","578","Norway","21086","Employment in agriculture by age, 65+","2","Male","2023","2023","6199","Value","3023","Labour force survey","1000 No","6.29","X","Figure from external organization","Repository: ILO-STATISTICS - Micro data processing"
"OEA","Employment Indicators: Agriculture and agrifood systems","578","Norway","21086","Employment in agriculture by age, 65+","3","Female","2010","2010","6199","Value","3023","Labour force survey","1000 No","0.59","X","Figure from external organization","Unreliable Repository: ILO-STATISTICS - Micro data processing"
"OEA","Employment Indicators: Agriculture and agrifood systems","578","Norway","21086","Employment in agriculture by age, 65+","3","Female","2013","2013","6199","Value","3023","Labour force survey","1000 No","1.14","X","Figure from external organization","Unreliable Repository: ILO-STATISTICS - Micro data processing"
"OEA","Employment Indicators: Agriculture and agrifood systems","578","Norway","21086","Employment in agriculture by age, 65+","3","Female","2014","2014","6199","Value","3023","Labour force survey","1000 No","1.63","X","Figure from external organization","Unreliable Repository: ILO-STATISTICS - Micro data processing"
"OEA","Employment Indicators: Agriculture and agrifood systems","578","Norway","21086","Employment in agriculture by age, 65+","3","Female","2017","2017","6199","Value","3023","Labour force survey","1000 No","1.59","X","Figure from external organization","Unreliable Repository: ILO-STATISTICS - Micro data processing"
"OEA","Employment Indicators: Agriculture and agrifood systems","578","Norway","21086","Employment in agriculture by age, 65+","3","Female","2018","2018","6199","Value","3023","Labour force survey","1000 No","1.15","X","Figure from external organization","Unreliable Repository: ILO-STATISTICS - Micro data processing"
"OEA","Employment Indicators: Agriculture and agrifood systems","578","Norway","21086","Employment in agriculture by age, 65+","3","Female","2019","2019","6199","Value","3023","Labour force survey","1000 No","1.24","X","Figure from external organization","Unreliable Repository: ILO-STATISTICS - Micro data processing"
"OEA","Employment Indicators: Agriculture and agrifood systems","578","Norway","21086","Employment in agriculture by age, 65+","3","Female","2020","2020","6199","Value","3023","Labour force survey","1000 No","1.03","X","Figure from external organization","Unreliable Repository: ILO-STATISTICS - Micro data processing"
"OEA","Employment Indicators: Agriculture and agrifood systems","578","Norway","21086","Employment in agriculture by age, 65+","3","Female","2021","2021","6199","Value","3023","Labour force survey","1000 No","1.25","X","Figure from external organization","Unreliable Repository: ILO-STATISTICS - Micro data processing"
"OEA","Employment Indicators: Agriculture and agrifood systems","578","Norway","21091","Employment in agriculture by status of employment, total","1","Total","2010","2010","6199","Value","3023","Labour force survey","1000 No","62.07","X","Figure from external organization","Repository: ILO-STATISTICS - Micro data processing"
"OEA","Employment Indicators: Agriculture and agrifood systems","578","Norway","21091","Employment in agriculture by status of employment, total","1","Total","2011","2011","6199","Value","3023","Labour force survey","1000 No","62.78","X","Figure from external organization","Repository: ILO-STATISTICS - Micro data processing"
"OEA","Employment Indicators: Agriculture and agrifood systems","578","Norway","21091","Employment in agriculture by status of employment, total","1","Total","2012","2012","6199","Value","3023","Labour force survey","1000 No","56.29","X","Figure from external organization","Repository: ILO-STATISTICS - Micro data processing"
"OEA","Employment Indicators: Agriculture and agrifood systems","578","Norway","21091","Employment in agriculture by status of employment, total","1","Total","2013","2013","6199","Value","3023","Labour force survey","1000 No","59.96","X","Figure from external organization","Repository: ILO-STATISTICS - Micro data processing"
"OEA","Employment Indicators: Agriculture and agrifood systems","578","Norway","21091","Employment in agriculture by status of employment, total","1","Total","2014","2014","6199","Value","3023","Labour force survey","1000 No","58.24","X","Figure from external organization","Repository: ILO-STATISTICS - Micro data processing"
"OEA","Employment Indicators: Agriculture and agrifood systems","578","Norway","21091","Employment in agriculture by status of employment, total","1","Total","2015","2015","6199","Value","3023","Labour force survey","1000 No","54.24","X","Figure from external organization","Repository: ILO-STATISTICS - Micro data processing"
"OEA","Employment Indicators: Agriculture and agrifood systems","578","Norway","21091","Employment in agriculture by status of employment, total","1","Total","2016","2016","6199","Value","3023","Labour force survey","1000 No","54.05","X","Figure from external organization","Repository: ILO-STATISTICS - Micro data processing"
"OEA","Employment Indicators: Agriculture and agrifood systems","578","Norway","21091","Employment in agriculture by status of employment, total","1","Total","2017","2017","6199","Value","3023","Labour force survey","1000 No","57.37","X","Figure from external organization","Repository: ILO-STATISTICS - Micro data processing"
"OEA","Employment Indicators: Agriculture and agrifood systems","578","Norway","21091","Employment in agriculture by status of employment, total","1","Total","2018","2018","6199","Value","3023","Labour force survey","1000 No","55.09","X","Figure from external organization","Repository: ILO-STATISTICS - Micro data processing"
"OEA","Employment Indicators: Agriculture and agrifood systems","578","Norway","21091","Employment in agriculture by status of employment, total","1","Total","2019","2019","6199","Value","3023","Labour force survey","1000 No","56.32","X","Figure from external organization","Repository: ILO-STATISTICS - Micro data processing"
"OEA","Employment Indicators: Agriculture and agrifood systems","578","Norway","21091","Employment in agriculture by status of employment, total","1","Total","2020","2020","6199","Value","3023","Labour force survey","1000 No","54.67","X","Figure from external organization","Repository: ILO-STATISTICS - Micro data processing"
"OEA","Employment Indicators: Agriculture and agrifood systems","578","Norway","21091","Employment in agriculture by status of employment, total","1","Total","2021","2021","6199","Value","3023","Labour force survey","1000 No","67.56","X","Figure from external organization","Repository: ILO-STATISTICS - Micro data processing"
"OEA","Employment Indicators: Agriculture and agrifood systems","578","Norway","21091","Employment in agriculture by status of employment, total","1","Total","2022","2022","6199","Value","3023","Labour force survey","1000 No","66.11","X","Figure from external organization","Repository: ILO-STATISTICS - Micro data processing"
"OEA","Employment Indicators: Agriculture and agrifood systems","578","Norway","21091","Employment in agriculture by status of employment, total","1","Total","2023","2023","6199","Value","3023","Labour force survey","1000 No","68.93","X","Figure from external organization","Repository: ILO-STATISTICS - Micro data processing"
"OEA","Employment Indicators: Agriculture and agrifood systems","578","Norway","21091","Employment in agriculture by status of employment, total","2","Male","2010","2010","6199","Value","3023","Labour force survey","1000 No","50.59","X","Figure from external organization","Repository: ILO-STATISTICS - Micro data processing"
"OEA","Employment Indicators: Agriculture and agrifood systems","578","Norway","21091","Employment in agriculture by status of employment, total","2","Male","2011","2011","6199","Value","3023","Labour force survey","1000 No","49.07","X","Figure from external organization","Repository: ILO-STATISTICS - Micro data processing"
"OEA","Employment Indicators: Agriculture and agrifood systems","578","Norway","21091","Employment in agriculture by status of employment, total","2","Male","2012","2012","6199","Value","3023","Labour force survey","1000 No","46.09","X","Figure from external organization","Repository: ILO-STATISTICS - Micro data processing"
"OEA","Employment Indicators: Agriculture and agrifood systems","578","Norway","21091","Employment in agriculture by status of employment, total","2","Male","2013","2013","6199","Value","3023","Labour force survey","1000 No","47.19","X","Figure from external organization","Repository: ILO-STATISTICS - Micro data processing"
"OEA","Employment Indicators: Agriculture and agrifood systems","578","Norway","21091","Employment in agriculture by status of employment, total","2","Male","2014","2014","6199","Value","3023","Labour force survey","1000 No","46.16","X","Figure from external organization","Repository: ILO-STATISTICS - Micro data processing"
"OEA","Employment Indicators: Agriculture and agrifood systems","578","Norway","21091","Employment in agriculture by status of employment, total","2","Male","2015","2015","6199","Value","3023","Labour force survey","1000 No","43.09","X","Figure from external organization","Repository: ILO-STATISTICS - Micro data processing"
"OEA","Employment Indicators: Agriculture and agrifood systems","578","Norway","21091","Employment in agriculture by status of employment, total","2","Male","2016","2016","6199","Value","3023","Labour force survey","1000 No","43.01","X","Figure from external organization","Repository: ILO-STATISTICS - Micro data processing"
"OEA","Employment Indicators: Agriculture and agrifood systems","578","Norway","21091","Employment in agriculture by status of employment, total","2","Male","2017","2017","6199","Value","3023","Labour force survey","1000 No","44.87","X","Figure from external organization","Repository: ILO-STATISTICS - Micro data processing"
"OEA","Employment Indicators: Agriculture and agrifood systems","578","Norway","21091","Employment in agriculture by status of employment, total","2","Male","2018","2018","6199","Value","3023","Labour force survey","1000 No","40.92","X","Figure from external organization","Repository: ILO-STATISTICS - Micro data processing"
"OEA","Employment Indicators: Agriculture and agrifood systems","578","Norway","21091","Employment in agriculture by status of employment, total","2","Male","2019","2019","6199","Value","3023","Labour force survey","1000 No","42.83","X","Figure from external organization","Repository: ILO-STATISTICS - Micro data processing"
"OEA","Employment Indicators: Agriculture and agrifood systems","578","Norway","21091","Employment in agriculture by status of employment, total","2","Male","2020","2020","6199","Value","3023","Labour force survey","1000 No","42.43","X","Figure from external organization","Repository: ILO-STATISTICS - Micro data processing"
"OEA","Employment Indicators: Agriculture and agrifood systems","578","Norway","21091","Employment in agriculture by status of employment, total","2","Male","2021","2021","6199","Value","3023","Labour force survey","1000 No","54.02","X","Figure from external organization","Repository: ILO-STATISTICS - Micro data processing"
"OEA","Employment Indicators: Agriculture and agrifood systems","578","Norway","21091","Employment in agriculture by status of employment, total","2","Male","2022","2022","6199","Value","3023","Labour force survey","1000 No","54.25","X","Figure from external organization","Repository: ILO-STATISTICS - Micro data processing"
"OEA","Employment Indicators: Agriculture and agrifood systems","578","Norway","21091","Employment in agriculture by status of employment, total","2","Male","2023","2023","6199","Value","3023","Labour force survey","1000 No","54.08","X","Figure from external organization","Repository: ILO-STATISTICS - Micro data processing"
"OEA","Employment Indicators: Agriculture and agrifood systems","578","Norway","21091","Employment in agriculture by status of employment, total","3","Female","2010","2010","6199","Value","3023","Labour force survey","1000 No","11.48","X","Figure from external organization","Repository: ILO-STATISTICS - Micro data processing"
"OEA","Employment Indicators: Agriculture and agrifood systems","578","Norway","21091","Employment in agriculture by status of employment, total","3","Female","2011","2011","6199","Value","3023","Labour force survey","1000 No","13.71","X","Figure from external organization","Repository: ILO-STATISTICS - Micro data processing"
"OEA","Employment Indicators: Agriculture and agrifood systems","578","Norway","21091","Employment in agriculture by status of employment, total","3","Female","2012","2012","6199","Value","3023","Labour force survey","1000 No","10.21","X","Figure from external organization","Repository: ILO-STATISTICS - Micro data processing"
"OEA","Employment Indicators: Agriculture and agrifood systems","578","Norway","21091","Employment in agriculture by status of employment, total","3","Female","2013","2013","6199","Value","3023","Labour force survey","1000 No","12.77","X","Figure from external organization","Repository: ILO-STATISTICS - Micro data processing"
"OEA","Employment Indicators: Agriculture and agrifood systems","578","Norway","21091","Employment in agriculture by status of employment, total","3","Female","2014","2014","6199","Value","3023","Labour force survey","1000 No","12.08","X","Figure from external organization","Repository: ILO-STATISTICS - Micro data processing"
"OEA","Employment Indicators: Agriculture and agrifood systems","578","Norway","21091","Employment in agriculture by status of employment, total","3","Female","2015","2015","6199","Value","3023","Labour force survey","1000 No","11.15","X","Figure from external organization","Repository: ILO-STATISTICS - Micro data processing"
"OEA","Employment Indicators: Agriculture and agrifood systems","578","Norway","21091","Employment in agriculture by status of employment, total","3","Female","2016","2016","6199","Value","3023","Labour force survey","1000 No","11.04","X","Figure from external organization","Repository: ILO-STATISTICS - Micro data processing"
"OEA","Employment Indicators: Agriculture and agrifood systems","578","Norway","21091","Employment in agriculture by status of employment, total","3","Female","2017","2017","6199","Value","3023","Labour force survey","1000 No","12.5","X","Figure from external organization","Repository: ILO-STATISTICS - Micro data processing"
"OEA","Employment Indicators: Agriculture and agrifood systems","578","Norway","21091","Employment in agriculture by status of employment, total","3","Female","2018","2018","6199","Value","3023","Labour force survey","1000 No","14.17","X","Figure from external organization","Repository: ILO-STATISTICS - Micro data processing"
"OEA","Employment Indicators: Agriculture and agrifood systems","578","Norway","21091","Employment in agriculture by status of employment, total","3","Female","2019","2019","6199","Value","3023","Labour force survey","1000 No","13.49","X","Figure from external organization","Repository: ILO-STATISTICS - Micro data processing"
"OEA","Employment Indicators: Agriculture and agrifood systems","578","Norway","21091","Employment in agriculture by status of employment, total","3","Female","2020","2020","6199","Value","3023","Labour force survey","1000 No","12.24","X","Figure from external organization","Repository: ILO-STATISTICS - Micro data processing"
"OEA","Employment Indicators: Agriculture and agrifood systems","578","Norway","21091","Employment in agriculture by status of employment, total","3","Female","2021","2021","6199","Value","3023","Labour force survey","1000 No","13.55","X","Figure from external organization","Repository: ILO-STATISTICS - Micro data processing"
"OEA","Employment Indicators: Agriculture and agrifood systems","578","Norway","21091","Employment in agriculture by status of employment, total","3","Female","2022","2022","6199","Value","3023","Labour force survey","1000 No","11.87","X","Figure from external organization","Repository: ILO-STATISTICS - Micro data processing"
"OEA","Employment Indicators: Agriculture and agrifood systems","578","Norway","21091","Employment in agriculture by status of employment, total","3","Female","2023","2023","6199","Value","3023","Labour force survey","1000 No","14.85","X","Figure from external organization","Repository: ILO-STATISTICS - Micro data processing"
"OEA","Employment Indicators: Agriculture and agrifood systems","578","Norway","21100","Employment in agriculture by status of employment, employees","1","Total","2010","2010","6199","Value","3023","Labour force survey","1000 No","22.94","X","Figure from external organization","Repository: ILO-STATISTICS - Micro data processing"
"OEA","Employment Indicators: Agriculture and agrifood systems","578","Norway","21100","Employment in agriculture by status of employment, employees","1","Total","2011","2011","6199","Value","3023","Labour force survey","1000 No","24.08","X","Figure from external organization","Repository: ILO-STATISTICS - Micro data processing"
"OEA","Employment Indicators: Agriculture and agrifood systems","578","Norway","21100","Employment in agriculture by status of employment, employees","1","Total","2012","2012","6199","Value","3023","Labour force survey","1000 No","22.87","X","Figure from external organization","Repository: ILO-STATISTICS - Micro data processing"
"OEA","Employment Indicators: Agriculture and agrifood systems","578","Norway","21100","Employment in agriculture by status of employment, employees","1","Total","2013","2013","6199","Value","3023","Labour force survey","1000 No","26.38","X","Figure from external organization","Repository: ILO-STATISTICS - Micro data processing"
"OEA","Employment Indicators: Agriculture and agrifood systems","578","Norway","21100","Employment in agriculture by status of employment, employees","1","Total","2014","2014","6199","Value","3023","Labour force survey","1000 No","23.56","X","Figure from external organization","Repository: ILO-STATISTICS - Micro data processing"
"OEA","Employment Indicators: Agriculture and agrifood systems","578","Norway","21100","Employment in agriculture by status of employment, employees","1","Total","2015","2015","6199","Value","3023","Labour force survey","1000 No","21.38","X","Figure from external organization","Repository: ILO-STATISTICS - Micro data processing"
"OEA","Employment Indicators: Agriculture and agrifood systems","578","Norway","21100","Employment in agriculture by status of employment, employees","1","Total","2016","2016","6199","Value","3023","Labour force survey","1000 No","27.1","X","Figure from external organization","Repository: ILO-STATISTICS - Micro data processing"
"OEA","Employment Indicators: Agriculture and agrifood systems","578","Norway","21100","Employment in agriculture by status of employment, employees","1","Total","2017","2017","6199","Value","3023","Labour force survey","1000 No","27.04","X","Figure from external organization","Repository: ILO-STATISTICS - Micro data processing"
"OEA","Employment Indicators: Agriculture and agrifood systems","578","Norway","21100","Employment in agriculture by status of employment, employees","1","Total","2018","2018","6199","Value","3023","Labour force survey","1000 No","28.17","X","Figure from external organization","Repository: ILO-STATISTICS - Micro data processing"
"OEA","Employment Indicators: Agriculture and agrifood systems","578","Norway","21100","Employment in agriculture by status of employment, employees","1","Total","2019","2019","6199","Value","3023","Labour force survey","1000 No","32.2","X","Figure from external organization","Repository: ILO-STATISTICS - Micro data processing"
"OEA","Employment Indicators: Agriculture and agrifood systems","578","Norway","21100","Employment in agriculture by status of employment, employees","1","Total","2020","2020","6199","Value","3023","Labour force survey","1000 No","28.27","X","Figure from external organization","Repository: ILO-STATISTICS - Micro data processing"
"OEA","Employment Indicators: Agriculture and agrifood systems","578","Norway","21100","Employment in agriculture by status of employment, employees","1","Total","2021","2021","6199","Value","3023","Labour force survey","1000 No","37.49","X","Figure from external organization","Repository: ILO-STATISTICS - Micro data processing"
"OEA","Employment Indicators: Agriculture and agrifood systems","578","Norway","21100","Employment in agriculture by status of employment, employees","1","Total","2022","2022","6199","Value","3023","Labour force survey","1000 No","41.48","X","Figure from external organization","Repository: ILO-STATISTICS - Micro data processing"
"OEA","Employment Indicators: Agriculture and agrifood systems","578","Norway","21100","Employment in agriculture by status of employment, employees","1","Total","2023","2023","6199","Value","3023","Labour force survey","1000 No","45.42","X","Figure from external organization","Repository: ILO-STATISTICS - Micro data processing"
"OEA","Employment Indicators: Agriculture and agrifood systems","578","Norway","21100","Employment in agriculture by status of employment, employees","2","Male","2010","2010","6199","Value","3023","Labour force survey","1000 No","18.28","X","Figure from external organization","Repository: ILO-STATISTICS - Micro data processing"
"OEA","Employment Indicators: Agriculture and agrifood systems","578","Norway","21100","Employment in agriculture by status of employment, employees","2","Male","2011","2011","6199","Value","3023","Labour force survey","1000 No","19.47","X","Figure from external organization","Repository: ILO-STATISTICS - Micro data processing"
"OEA","Employment Indicators: Agriculture and agrifood systems","578","Norway","21100","Employment in agriculture by status of employment, employees","2","Male","2012","2012","6199","Value","3023","Labour force survey","1000 No","18.05","X","Figure from external organization","Repository: ILO-STATISTICS - Micro data processing"
"OEA","Employment Indicators: Agriculture and agrifood systems","578","Norway","21100","Employment in agriculture by status of employment, employees","2","Male","2013","2013","6199","Value","3023","Labour force survey","1000 No","19.99","X","Figure from external organization","Repository: ILO-STATISTICS - Micro data processing"
"OEA","Employment Indicators: Agriculture and agrifood systems","578","Norway","21100","Employment in agriculture by status of employment, employees","2","Male","2014","2014","6199","Value","3023","Labour force survey","1000 No","17.98","X","Figure from external organization","Repository: ILO-STATISTICS - Micro data processing"
"OEA","Employment Indicators: Agriculture and agrifood systems","578","Norway","21100","Employment in agriculture by status of employment, employees","2","Male","2015","2015","6199","Value","3023","Labour force survey","1000 No","17.17","X","Figure from external organization","Repository: ILO-STATISTICS - Micro data processing"
"OEA","Employment Indicators: Agriculture and agrifood systems","578","Norway","21100","Employment in agriculture by status of employment, employees","2","Male","2016","2016","6199","Value","3023","Labour force survey","1000 No","21.19","X","Figure from external organization","Repository: ILO-STATISTICS - Micro data processing"
"OEA","Employment Indicators: Agriculture and agrifood systems","578","Norway","21100","Employment in agriculture by status of employment, employees","2","Male","2017","2017","6199","Value","3023","Labour force survey","1000 No","20.39","X","Figure from external organization","Repository: ILO-STATISTICS - Micro data processing"
"OEA","Employment Indicators: Agriculture and agrifood systems","578","Norway","21100","Employment in agriculture by status of employment, employees","2","Male","2018","2018","6199","Value","3023","Labour force survey","1000 No","19.35","X","Figure from external organization","Repository: ILO-STATISTICS - Micro data processing"
"OEA","Employment Indicators: Agriculture and agrifood systems","578","Norway","21100","Employment in agriculture by status of employment, employees","2","Male","2019","2019","6199","Value","3023","Labour force survey","1000 No","24.12","X","Figure from external organization","Repository: ILO-STATISTICS - Micro data processing"
"OEA","Employment Indicators: Agriculture and agrifood systems","578","Norway","21100","Employment in agriculture by status of employment, employees","2","Male","2020","2020","6199","Value","3023","Labour force survey","1000 No","21.58","X","Figure from external organization","Repository: ILO-STATISTICS - Micro data processing"
"OEA","Employment Indicators: Agriculture and agrifood systems","578","Norway","21100","Employment in agriculture by status of employment, employees","2","Male","2021","2021","6199","Value","3023","Labour force survey","1000 No","29.79","X","Figure from external organization","Repository: ILO-STATISTICS - Micro data processing"
"OEA","Employment Indicators: Agriculture and agrifood systems","578","Norway","21100","Employment in agriculture by status of employment, employees","2","Male","2022","2022","6199","Value","3023","Labour force survey","1000 No","33.33","X","Figure from external organization","Repository: ILO-STATISTICS - Micro data processing"
"OEA","Employment Indicators: Agriculture and agrifood systems","578","Norway","21100","Employment in agriculture by status of employment, employees","2","Male","2023","2023","6199","Value","3023","Labour force survey","1000 No","33.45","X","Figure from external organization","Repository: ILO-STATISTICS - Micro data processing"
"OEA","Employment Indicators: Agriculture and agrifood systems","578","Norway","21100","Employment in agriculture by status of employment, employees","3","Female","2010","2010","6199","Value","3023","Labour force survey","1000 No","4.65","X","Figure from external organization","Repository: ILO-STATISTICS - Micro data processing"
"OEA","Employment Indicators: Agriculture and agrifood systems","578","Norway","21100","Employment in agriculture by status of employment, employees","3","Female","2011","2011","6199","Value","3023","Labour force survey","1000 No","4.61","X","Figure from external organization","Repository: ILO-STATISTICS - Micro data processing"
"OEA","Employment Indicators: Agriculture and agrifood systems","578","Norway","21100","Employment in agriculture by status of employment, employees","3","Female","2012","2012","6199","Value","3023","Labour force survey","1000 No","4.82","X","Figure from external organization","Repository: ILO-STATISTICS - Micro data processing"
"OEA","Employment Indicators: Agriculture and agrifood systems","578","Norway","21100","Employment in agriculture by status of employment, employees","3","Female","2013","2013","6199","Value","3023","Labour force survey","1000 No","6.38","X","Figure from external organization","Repository: ILO-STATISTICS - Micro data processing"
"OEA","Employment Indicators: Agriculture and agrifood systems","578","Norway","21100","Employment in agriculture by status of employment, employees","3","Female","2014","2014","6199","Value","3023","Labour force survey","1000 No","5.59","X","Figure from external organization","Repository: ILO-STATISTICS - Micro data processing"
"OEA","Employment Indicators: Agriculture and agrifood systems","578","Norway","21100","Employment in agriculture by status of employment, employees","3","Female","2015","2015","6199","Value","3023","Labour force survey","1000 No","4.21","X","Figure from external organization","Repository: ILO-STATISTICS - Micro data processing"
"OEA","Employment Indicators: Agriculture and agrifood systems","578","Norway","21100","Employment in agriculture by status of employment, employees","3","Female","2016","2016","6199","Value","3023","Labour force survey","1000 No","5.91","X","Figure from external organization","Repository: ILO-STATISTICS - Micro data processing"
"OEA","Employment Indicators: Agriculture and agrifood systems","578","Norway","21100","Employment in agriculture by status of employment, employees","3","Female","2017","2017","6199","Value","3023","Labour force survey","1000 No","6.65","X","Figure from external organization","Repository: ILO-STATISTICS - Micro data processing"
"OEA","Employment Indicators: Agriculture and agrifood systems","578","Norway","21100","Employment in agriculture by status of employment, employees","3","Female","2018","2018","6199","Value","3023","Labour force survey","1000 No","8.82","X","Figure from external organization","Repository: ILO-STATISTICS - Micro data processing"
"OEA","Employment Indicators: Agriculture and agrifood systems","578","Norway","21100","Employment in agriculture by status of employment, employees","3","Female","2019","2019","6199","Value","3023","Labour force survey","1000 No","8.08","X","Figure from external organization","Repository: ILO-STATISTICS - Micro data processing"
"OEA","Employment Indicators: Agriculture and agrifood systems","578","Norway","21100","Employment in agriculture by status of employment, employees","3","Female","2020","2020","6199","Value","3023","Labour force survey","1000 No","6.68","X","Figure from external organization","Repository: ILO-STATISTICS - Micro data processing"
"OEA","Employment Indicators: Agriculture and agrifood systems","578","Norway","21100","Employment in agriculture by status of employment, employees","3","Female","2021","2021","6199","Value","3023","Labour force survey","1000 No","7.7","X","Figure from external organization","Repository: ILO-STATISTICS - Micro data processing"
"OEA","Employment Indicators: Agriculture and agrifood systems","578","Norway","21100","Employment in agriculture by status of employment, employees","3","Female","2022","2022","6199","Value","3023","Labour force survey","1000 No","8.15","X","Figure from external organization","Repository: ILO-STATISTICS - Micro data processing"
"OEA","Employment Indicators: Agriculture and agrifood systems","578","Norway","21100","Employment in agriculture by status of employment, employees","3","Female","2023","2023","6199","Value","3023","Labour force survey","1000 No","11.97","X","Figure from external organization","Repository: ILO-STATISTICS - Micro data processing"
"OEA","Employment Indicators: Agriculture and agrifood systems","578","Norway","21107","Employment in agriculture by status of employment, self-employed","1","Total","2010","2010","6199","Value","3023","Labour force survey","1000 No","39.14","X","Figure from external organization","Repository: ILO-STATISTICS - Micro data processing"
"OEA","Employment Indicators: Agriculture and agrifood systems","578","Norway","21107","Employment in agriculture by status of employment, self-employed","1","Total","2011","2011","6199","Value","3023","Labour force survey","1000 No","38.69","X","Figure from external organization","Repository: ILO-STATISTICS - Micro data processing"
"OEA","Employment Indicators: Agriculture and agrifood systems","578","Norway","21107","Employment in agriculture by status of employment, self-employed","1","Total","2012","2012","6199","Value","3023","Labour force survey","1000 No","33.02","X","Figure from external organization","Repository: ILO-STATISTICS - Micro data processing"
"OEA","Employment Indicators: Agriculture and agrifood systems","578","Norway","21107","Employment in agriculture by status of employment, self-employed","1","Total","2013","2013","6199","Value","3023","Labour force survey","1000 No","33.59","X","Figure from external organization","Repository: ILO-STATISTICS - Micro data processing"
"OEA","Employment Indicators: Agriculture and agrifood systems","578","Norway","21107","Employment in agriculture by status of employment, self-employed","1","Total","2014","2014","6199","Value","3023","Labour force survey","1000 No","34.68","X","Figure from external organization","Repository: ILO-STATISTICS - Micro data processing"
"OEA","Employment Indicators: Agriculture and agrifood systems","578","Norway","21107","Employment in agriculture by status of employment, self-employed","1","Total","2015","2015","6199","Value","3023","Labour force survey","1000 No","32.86","X","Figure from external organization","Repository: ILO-STATISTICS - Micro data processing"
"OEA","Employment Indicators: Agriculture and agrifood systems","578","Norway","21107","Employment in agriculture by status of employment, self-employed","1","Total","2016","2016","6199","Value","3023","Labour force survey","1000 No","26.95","X","Figure from external organization","Repository: ILO-STATISTICS - Micro data processing"
"OEA","Employment Indicators: Agriculture and agrifood systems","578","Norway","21107","Employment in agriculture by status of employment, self-employed","1","Total","2017","2017","6199","Value","3023","Labour force survey","1000 No","30.33","X","Figure from external organization","Repository: ILO-STATISTICS - Micro data processing"
"OEA","Employment Indicators: Agriculture and agrifood systems","578","Norway","21107","Employment in agriculture by status of employment, self-employed","1","Total","2018","2018","6199","Value","3023","Labour force survey","1000 No","26.92","X","Figure from external organization","Repository: ILO-STATISTICS - Micro data processing"
"OEA","Employment Indicators: Agriculture and agrifood systems","578","Norway","21107","Employment in agriculture by status of employment, self-employed","1","Total","2019","2019","6199","Value","3023","Labour force survey","1000 No","24.12","X","Figure from external organization","Repository: ILO-STATISTICS - Micro data processing"
"OEA","Employment Indicators: Agriculture and agrifood systems","578","Norway","21107","Employment in agriculture by status of employment, self-employed","1","Total","2020","2020","6199","Value","3023","Labour force survey","1000 No","26.4","X","Figure from external organization","Repository: ILO-STATISTICS - Micro data processing"
"OEA","Employment Indicators: Agriculture and agrifood systems","578","Norway","21107","Employment in agriculture by status of employment, self-employed","1","Total","2021","2021","6199","Value","3023","Labour force survey","1000 No","30.07","X","Figure from external organization","Repository: ILO-STATISTICS - Micro data processing"
"OEA","Employment Indicators: Agriculture and agrifood systems","578","Norway","21107","Employment in agriculture by status of employment, self-employed","1","Total","2022","2022","6199","Value","3023","Labour force survey","1000 No","24.63","X","Figure from external organization","Repository: ILO-STATISTICS - Micro data processing"
"OEA","Employment Indicators: Agriculture and agrifood systems","578","Norway","21107","Employment in agriculture by status of employment, self-employed","1","Total","2023","2023","6199","Value","3023","Labour force survey","1000 No","23.51","X","Figure from external organization","Repository: ILO-STATISTICS - Micro data processing"
"OEA","Employment Indicators: Agriculture and agrifood systems","578","Norway","21107","Employment in agriculture by status of employment, self-employed","2","Male","2010","2010","6199","Value","3023","Labour force survey","1000 No","32.31","X","Figure from external organization","Repository: ILO-STATISTICS - Micro data processing"
"OEA","Employment Indicators: Agriculture and agrifood systems","578","Norway","21107","Employment in agriculture by status of employment, self-employed","2","Male","2011","2011","6199","Value","3023","Labour force survey","1000 No","29.59","X","Figure from external organization","Repository: ILO-STATISTICS - Micro data processing"
"OEA","Employment Indicators: Agriculture and agrifood systems","578","Norway","21107","Employment in agriculture by status of employment, self-employed","2","Male","2012","2012","6199","Value","3023","Labour force survey","1000 No","27.63","X","Figure from external organization","Repository: ILO-STATISTICS - Micro data processing"
"OEA","Employment Indicators: Agriculture and agrifood systems","578","Norway","21107","Employment in agriculture by status of employment, self-employed","2","Male","2013","2013","6199","Value","3023","Labour force survey","1000 No","27.2","X","Figure from external organization","Repository: ILO-STATISTICS - Micro data processing"
"OEA","Employment Indicators: Agriculture and agrifood systems","578","Norway","21107","Employment in agriculture by status of employment, self-employed","2","Male","2014","2014","6199","Value","3023","Labour force survey","1000 No","28.18","X","Figure from external organization","Repository: ILO-STATISTICS - Micro data processing"
"OEA","Employment Indicators: Agriculture and agrifood systems","578","Norway","21107","Employment in agriculture by status of employment, self-employed","2","Male","2015","2015","6199","Value","3023","Labour force survey","1000 No","25.92","X","Figure from external organization","Repository: ILO-STATISTICS - Micro data processing"
"OEA","Employment Indicators: Agriculture and agrifood systems","578","Norway","21107","Employment in agriculture by status of employment, self-employed","2","Male","2016","2016","6199","Value","3023","Labour force survey","1000 No","21.82","X","Figure from external organization","Repository: ILO-STATISTICS - Micro data processing"
"OEA","Employment Indicators: Agriculture and agrifood systems","578","Norway","21107","Employment in agriculture by status of employment, self-employed","2","Male","2017","2017","6199","Value","3023","Labour force survey","1000 No","24.48","X","Figure from external organization","Repository: ILO-STATISTICS - Micro data processing"
"OEA","Employment Indicators: Agriculture and agrifood systems","578","Norway","21107","Employment in agriculture by status of employment, self-employed","2","Male","2018","2018","6199","Value","3023","Labour force survey","1000 No","21.57","X","Figure from external organization","Repository: ILO-STATISTICS - Micro data processing"
"OEA","Employment Indicators: Agriculture and agrifood systems","578","Norway","21107","Employment in agriculture by status of employment, self-employed","2","Male","2019","2019","6199","Value","3023","Labour force survey","1000 No","18.7","X","Figure from external organization","Repository: ILO-STATISTICS - Micro data processing"
"OEA","Employment Indicators: Agriculture and agrifood systems","578","Norway","21107","Employment in agriculture by status of employment, self-employed","2","Male","2020","2020","6199","Value","3023","Labour force survey","1000 No","20.85","X","Figure from external organization","Repository: ILO-STATISTICS - Micro data processing"
"OEA","Employment Indicators: Agriculture and agrifood systems","578","Norway","21107","Employment in agriculture by status of employment, self-employed","2","Male","2021","2021","6199","Value","3023","Labour force survey","1000 No","24.23","X","Figure from external organization","Repository: ILO-STATISTICS - Micro data processing"
"OEA","Employment Indicators: Agriculture and agrifood systems","578","Norway","21107","Employment in agriculture by status of employment, self-employed","2","Male","2022","2022","6199","Value","3023","Labour force survey","1000 No","20.91","X","Figure from external organization","Repository: ILO-STATISTICS - Micro data processing"
"OEA","Employment Indicators: Agriculture and agrifood systems","578","Norway","21107","Employment in agriculture by status of employment, self-employed","2","Male","2023","2023","6199","Value","3023","Labour force survey","1000 No","20.63","X","Figure from external organization","Repository: ILO-STATISTICS - Micro data processing"
"OEA","Employment Indicators: Agriculture and agrifood systems","578","Norway","21107","Employment in agriculture by status of employment, self-employed","3","Female","2010","2010","6199","Value","3023","Labour force survey","1000 No","6.83","X","Figure from external organization","Repository: ILO-STATISTICS - Micro data processing"
"OEA","Employment Indicators: Agriculture and agrifood systems","578","Norway","21107","Employment in agriculture by status of employment, self-employed","3","Female","2011","2011","6199","Value","3023","Labour force survey","1000 No","9.1","X","Figure from external organization","Repository: ILO-STATISTICS - Micro data processing"
"OEA","Employment Indicators: Agriculture and agrifood systems","578","Norway","21107","Employment in agriculture by status of employment, self-employed","3","Female","2012","2012","6199","Value","3023","Labour force survey","1000 No","5.39","X","Figure from external organization","Repository: ILO-STATISTICS - Micro data processing"
"OEA","Employment Indicators: Agriculture and agrifood systems","578","Norway","21107","Employment in agriculture by status of employment, self-employed","3","Female","2013","2013","6199","Value","3023","Labour force survey","1000 No","6.39","X","Figure from external organization","Repository: ILO-STATISTICS - Micro data processing"
"OEA","Employment Indicators: Agriculture and agrifood systems","578","Norway","21107","Employment in agriculture by status of employment, self-employed","3","Female","2014","2014","6199","Value","3023","Labour force survey","1000 No","6.5","X","Figure from external organization","Repository: ILO-STATISTICS - Micro data processing"
"OEA","Employment Indicators: Agriculture and agrifood systems","578","Norway","21107","Employment in agriculture by status of employment, self-employed","3","Female","2015","2015","6199","Value","3023","Labour force survey","1000 No","6.94","X","Figure from external organization","Repository: ILO-STATISTICS - Micro data processing"
"OEA","Employment Indicators: Agriculture and agrifood systems","578","Norway","21107","Employment in agriculture by status of employment, self-employed","3","Female","2016","2016","6199","Value","3023","Labour force survey","1000 No","5.13","X","Figure from external organization","Repository: ILO-STATISTICS - Micro data processing"
"OEA","Employment Indicators: Agriculture and agrifood systems","578","Norway","21107","Employment in agriculture by status of employment, self-employed","3","Female","2017","2017","6199","Value","3023","Labour force survey","1000 No","5.85","X","Figure from external organization","Repository: ILO-STATISTICS - Micro data processing"
"OEA","Employment Indicators: Agriculture and agrifood systems","578","Norway","21107","Employment in agriculture by status of employment, self-employed","3","Female","2018","2018","6199","Value","3023","Labour force survey","1000 No","5.35","X","Figure from external organization","Repository: ILO-STATISTICS - Micro data processing"
"OEA","Employment Indicators: Agriculture and agrifood systems","578","Norway","21107","Employment in agriculture by status of employment, self-employed","3","Female","2019","2019","6199","Value","3023","Labour force survey","1000 No","5.42","X","Figure from external organization","Repository: ILO-STATISTICS - Micro data processing"
"OEA","Employment Indicators: Agriculture and agrifood systems","578","Norway","21107","Employment in agriculture by status of employment, self-employed","3","Female","2020","2020","6199","Value","3023","Labour force survey","1000 No","5.55","X","Figure from external organization","Repository: ILO-STATISTICS - Micro data processing"
"OEA","Employment Indicators: Agriculture and agrifood systems","578","Norway","21107","Employment in agriculture by status of employment, self-employed","3","Female","2021","2021","6199","Value","3023","Labour force survey","1000 No","5.84","X","Figure from external organization","Repository: ILO-STATISTICS - Micro data processing"
"OEA","Employment Indicators: Agriculture and agrifood systems","578","Norway","21107","Employment in agriculture by status of employment, self-employed","3","Female","2022","2022","6199","Value","3023","Labour force survey","1000 No","3.72","X","Figure from external organization","Repository: ILO-STATISTICS - Micro data processing"
"OEA","Employment Indicators: Agriculture and agrifood systems","578","Norway","21107","Employment in agriculture by status of employment, self-employed","3","Female","2023","2023","6199","Value","3023","Labour force survey","1000 No","2.88","X","Figure from external organization","Repository: ILO-STATISTICS - Micro data processing"
"OEA","Employment Indicators: Agriculture and agrifood systems","578","Norway","21097","Employment in fishing and aquaculture","1","Total","2010","2010","6199","Value","3023","Labour force survey","1000 No","12.31","X","Figure from external organization","Repository: Eurostat special tabulation"
"OEA","Employment Indicators: Agriculture and agrifood systems","578","Norway","21097","Employment in fishing and aquaculture","1","Total","2011","2011","6199","Value","3023","Labour force survey","1000 No","14.47","X","Figure from external organization","Repository: Eurostat special tabulation"
"OEA","Employment Indicators: Agriculture and agrifood systems","578","Norway","21097","Employment in fishing and aquaculture","1","Total","2012","2012","6199","Value","3023","Labour force survey","1000 No","15.08","X","Figure from external organization","Repository: Eurostat special tabulation"
"OEA","Employment Indicators: Agriculture and agrifood systems","578","Norway","21097","Employment in fishing and aquaculture","1","Total","2013","2013","6199","Value","3023","Labour force survey","1000 No","14.44","X","Figure from external organization","Repository: Eurostat special tabulation"
"OEA","Employment Indicators: Agriculture and agrifood systems","578","Norway","21097","Employment in fishing and aquaculture","1","Total","2014","2014","6199","Value","3023","Labour force survey","1000 No","14.31","X","Figure from external organization","Repository: Eurostat special tabulation"
"OEA","Employment Indicators: Agriculture and agrifood systems","578","Norway","21097","Employment in fishing and aquaculture","1","Total","2015","2015","6199","Value","3023","Labour force survey","1000 No","12.05","X","Figure from external organization","Repository: Eurostat special tabulation"
"OEA","Employment Indicators: Agriculture and agrifood systems","578","Norway","21097","Employment in fishing and aquaculture","1","Total","2016","2016","6199","Value","3023","Labour force survey","1000 No","13.51","X","Figure from external organization","Repository: Eurostat special tabulation"
"OEA","Employment Indicators: Agriculture and agrifood systems","578","Norway","21097","Employment in fishing and aquaculture","1","Total","2017","2017","6199","Value","3023","Labour force survey","1000 No","15.31","X","Figure from external organization","Repository: Eurostat special tabulation"
"OEA","Employment Indicators: Agriculture and agrifood systems","578","Norway","21097","Employment in fishing and aquaculture","1","Total","2018","2018","6199","Value","3023","Labour force survey","1000 No","18.02","X","Figure from external organization","Repository: Eurostat special tabulation"
"OEA","Employment Indicators: Agriculture and agrifood systems","578","Norway","21097","Employment in fishing and aquaculture","1","Total","2019","2019","6199","Value","3023","Labour force survey","1000 No","18.09","X","Figure from external organization","Repository: Eurostat special tabulation"
"OEA","Employment Indicators: Agriculture and agrifood systems","578","Norway","21097","Employment in fishing and aquaculture","1","Total","2020","2020","6199","Value","3023","Labour force survey","1000 No","18.56","X","Figure from external organization","Repository: Eurostat special tabulation"
"OEA","Employment Indicators: Agriculture and agrifood systems","578","Norway","21097","Employment in fishing and aquaculture","1","Total","2021","2021","6199","Value","3023","Labour force survey","1000 No","19.26","X","Figure from external organization","Break in series: Methodology revised Repository: Eurostat special tabulation"
"OEA","Employment Indicators: Agriculture and agrifood systems","578","Norway","21097","Employment in fishing and aquaculture","1","Total","2022","2022","6199","Value","3023","Labour force survey","1000 No","18.66","X","Figure from external organization","Repository: Eurostat special tabulation"
"OEA","Employment Indicators: Agriculture and agrifood systems","578","Norway","21097","Employment in fishing and aquaculture","1","Total","2023","2023","6199","Value","3023","Labour force survey","1000 No","23.76","X","Figure from external organization","Repository: Eurostat special tabulation"
"OEA","Employment Indicators: Agriculture and agrifood systems","578","Norway","21097","Employment in fishing and aquaculture","2","Male","2010","2010","6199","Value","3023","Labour force survey","1000 No","11.49","X","Figure from external organization","Repository: Eurostat special tabulation"
"OEA","Employment Indicators: Agriculture and agrifood systems","578","Norway","21097","Employment in fishing and aquaculture","2","Male","2011","2011","6199","Value","3023","Labour force survey","1000 No","13.26","X","Figure from external organization","Repository: Eurostat special tabulation"
"OEA","Employment Indicators: Agriculture and agrifood systems","578","Norway","21097","Employment in fishing and aquaculture","2","Male","2012","2012","6199","Value","3023","Labour force survey","1000 No","13.52","X","Figure from external organization","Repository: Eurostat special tabulation"
"OEA","Employment Indicators: Agriculture and agrifood systems","578","Norway","21097","Employment in fishing and aquaculture","2","Male","2013","2013","6199","Value","3023","Labour force survey","1000 No","12.98","X","Figure from external organization","Repository: Eurostat special tabulation"
"OEA","Employment Indicators: Agriculture and agrifood systems","578","Norway","21097","Employment in fishing and aquaculture","2","Male","2014","2014","6199","Value","3023","Labour force survey","1000 No","13.4","X","Figure from external organization","Repository: Eurostat special tabulation"
"OEA","Employment Indicators: Agriculture and agrifood systems","578","Norway","21097","Employment in fishing and aquaculture","2","Male","2015","2015","6199","Value","3023","Labour force survey","1000 No","11.31","X","Figure from external organization","Repository: Eurostat special tabulation"
"OEA","Employment Indicators: Agriculture and agrifood systems","578","Norway","21097","Employment in fishing and aquaculture","2","Male","2016","2016","6199","Value","3023","Labour force survey","1000 No","12.03","X","Figure from external organization","Repository: Eurostat special tabulation"
"OEA","Employment Indicators: Agriculture and agrifood systems","578","Norway","21097","Employment in fishing and aquaculture","2","Male","2017","2017","6199","Value","3023","Labour force survey","1000 No","12.86","X","Figure from external organization","Repository: Eurostat special tabulation"
"OEA","Employment Indicators: Agriculture and agrifood systems","578","Norway","21097","Employment in fishing and aquaculture","2","Male","2018","2018","6199","Value","3023","Labour force survey","1000 No","14.68","X","Figure from external organization","Repository: Eurostat special tabulation"
"OEA","Employment Indicators: Agriculture and agrifood systems","578","Norway","21097","Employment in fishing and aquaculture","2","Male","2019","2019","6199","Value","3023","Labour force survey","1000 No","15.05","X","Figure from external organization","Repository: Eurostat special tabulation"
"OEA","Employment Indicators: Agriculture and agrifood systems","578","Norway","21097","Employment in fishing and aquaculture","2","Male","2020","2020","6199","Value","3023","Labour force survey","1000 No","15.25","X","Figure from external organization","Repository: Eurostat special tabulation"
"OEA","Employment Indicators: Agriculture and agrifood systems","578","Norway","21097","Employment in fishing and aquaculture","2","Male","2021","2021","6199","Value","3023","Labour force survey","1000 No","15.99","X","Figure from external organization","Break in series: Methodology revised Repository: Eurostat special tabulation"
"OEA","Employment Indicators: Agriculture and agrifood systems","578","Norway","21097","Employment in fishing and aquaculture","2","Male","2022","2022","6199","Value","3023","Labour force survey","1000 No","15.48","X","Figure from external organization","Repository: Eurostat special tabulation"
"OEA","Employment Indicators: Agriculture and agrifood systems","578","Norway","21097","Employment in fishing and aquaculture","2","Male","2023","2023","6199","Value","3023","Labour force survey","1000 No","17.95","X","Figure from external organization","Repository: Eurostat special tabulation"
"OEA","Employment Indicators: Agriculture and agrifood systems","578","Norway","21097","Employment in fishing and aquaculture","3","Female","2011","2011","6199","Value","3023","Labour force survey","1000 No","1.21","X","Figure from external organization","Unreliable Repository: Eurostat special tabulation"
"OEA","Employment Indicators: Agriculture and agrifood systems","578","Norway","21097","Employment in fishing and aquaculture","3","Female","2012","2012","6199","Value","3023","Labour force survey","1000 No","1.57","X","Figure from external organization","Repository: Eurostat special tabulation"
"OEA","Employment Indicators: Agriculture and agrifood systems","578","Norway","21097","Employment in fishing and aquaculture","3","Female","2013","2013","6199","Value","3023","Labour force survey","1000 No","1.45","X","Figure from external organization","Unreliable Repository: Eurostat special tabulation"
"OEA","Employment Indicators: Agriculture and agrifood systems","578","Norway","21097","Employment in fishing and aquaculture","3","Female","2014","2014","6199","Value","3023","Labour force survey","1000 No","0.91","X","Figure from external organization","Unreliable Repository: Eurostat special tabulation"
"OEA","Employment Indicators: Agriculture and agrifood systems","578","Norway","21097","Employment in fishing and aquaculture","3","Female","2015","2015","6199","Value","3023","Labour force survey","1000 No","0.74","X","Figure from external organization","Unreliable Repository: Eurostat special tabulation"
"OEA","Employment Indicators: Agriculture and agrifood systems","578","Norway","21097","Employment in fishing and aquaculture","3","Female","2016","2016","6199","Value","3023","Labour force survey","1000 No","1.47","X","Figure from external organization","Unreliable Repository: Eurostat special tabulation"
"OEA","Employment Indicators: Agriculture and agrifood systems","578","Norway","21097","Employment in fishing and aquaculture","3","Female","2023","2023","6199","Value","3023","Labour force survey","1000 No","5.81","X","Figure from external organization","Unreliable Repository: Eurostat special tabulation"
"OEA","Employment Indicators: Agriculture and agrifood systems","578","Norway","21093","Employment in forestry and logging","1","Total","2010","2010","6199","Value","3023","Labour force survey","1000 No","3.55","X","Figure from external organization","Repository: Eurostat special tabulation"
"OEA","Employment Indicators: Agriculture and agrifood systems","578","Norway","21093","Employment in forestry and logging","1","Total","2011","2011","6199","Value","3023","Labour force survey","1000 No","3.73","X","Figure from external organization","Repository: Eurostat special tabulation"
"OEA","Employment Indicators: Agriculture and agrifood systems","578","Norway","21093","Employment in forestry and logging","1","Total","2012","2012","6199","Value","3023","Labour force survey","1000 No","4.08","X","Figure from external organization","Repository: Eurostat special tabulation"
"OEA","Employment Indicators: Agriculture and agrifood systems","578","Norway","21093","Employment in forestry and logging","1","Total","2013","2013","6199","Value","3023","Labour force survey","1000 No","3.47","X","Figure from external organization","Repository: Eurostat special tabulation"
"OEA","Employment Indicators: Agriculture and agrifood systems","578","Norway","21093","Employment in forestry and logging","1","Total","2014","2014","6199","Value","3023","Labour force survey","1000 No","4.96","X","Figure from external organization","Repository: Eurostat special tabulation"
"OEA","Employment Indicators: Agriculture and agrifood systems","578","Norway","21093","Employment in forestry and logging","1","Total","2015","2015","6199","Value","3023","Labour force survey","1000 No","4.32","X","Figure from external organization","Repository: Eurostat special tabulation"
"OEA","Employment Indicators: Agriculture and agrifood systems","578","Norway","21093","Employment in forestry and logging","1","Total","2016","2016","6199","Value","3023","Labour force survey","1000 No","4.08","X","Figure from external organization","Repository: Eurostat special tabulation"
"OEA","Employment Indicators: Agriculture and agrifood systems","578","Norway","21093","Employment in forestry and logging","1","Total","2021","2021","6199","Value","3023","Labour force survey","1000 No","6.77","X","Figure from external organization","Break in series: Methodology revised Repository: Eurostat special tabulation"
"OEA","Employment Indicators: Agriculture and agrifood systems","578","Norway","21093","Employment in forestry and logging","1","Total","2022","2022","6199","Value","3023","Labour force survey","1000 No","6.8","X","Figure from external organization","Unreliable Repository: Eurostat special tabulation"
"OEA","Employment Indicators: Agriculture and agrifood systems","578","Norway","21093","Employment in forestry and logging","1","Total","2023","2023","6199","Value","3023","Labour force survey","1000 No","7.66","X","Figure from external organization","Unreliable Repository: Eurostat special tabulation"
"OEA","Employment Indicators: Agriculture and agrifood systems","578","Norway","21093","Employment in forestry and logging","2","Male","2010","2010","6199","Value","3023","Labour force survey","1000 No","3.14","X","Figure from external organization","Repository: Eurostat special tabulation"
"OEA","Employment Indicators: Agriculture and agrifood systems","578","Norway","21093","Employment in forestry and logging","2","Male","2011","2011","6199","Value","3023","Labour force survey","1000 No","3.58","X","Figure from external organization","Repository: Eurostat special tabulation"
"OEA","Employment Indicators: Agriculture and agrifood systems","578","Norway","21093","Employment in forestry and logging","2","Male","2012","2012","6199","Value","3023","Labour force survey","1000 No","3.99","X","Figure from external organization","Repository: Eurostat special tabulation"
"OEA","Employment Indicators: Agriculture and agrifood systems","578","Norway","21093","Employment in forestry and logging","2","Male","2013","2013","6199","Value","3023","Labour force survey","1000 No","3.45","X","Figure from external organization","Repository: Eurostat special tabulation"
"OEA","Employment Indicators: Agriculture and agrifood systems","578","Norway","21093","Employment in forestry and logging","2","Male","2014","2014","6199","Value","3023","Labour force survey","1000 No","4.34","X","Figure from external organization","Repository: Eurostat special tabulation"
"OEA","Employment Indicators: Agriculture and agrifood systems","578","Norway","21093","Employment in forestry and logging","2","Male","2015","2015","6199","Value","3023","Labour force survey","1000 No","3.64","X","Figure from external organization","Repository: Eurostat special tabulation"
"OEA","Employment Indicators: Agriculture and agrifood systems","578","Norway","21093","Employment in forestry and logging","2","Male","2016","2016","6199","Value","3023","Labour force survey","1000 No","3.63","X","Figure from external organization","Repository: Eurostat special tabulation"
"OEA","Employment Indicators: Agriculture and agrifood systems","578","Norway","21093","Employment in forestry and logging","2","Male","2021","2021","6199","Value","3023","Labour force survey","1000 No","6.35","X","Figure from external organization","Break in series: Methodology revised Repository: Eurostat special tabulation"
"OEA","Employment Indicators: Agriculture and agrifood systems","578","Norway","21093","Employment in forestry and logging","2","Male","2022","2022","6199","Value","3023","Labour force survey","1000 No","6.23","X","Figure from external organization","Unreliable Repository: Eurostat special tabulation"
"OEA","Employment Indicators: Agriculture and agrifood systems","578","Norway","21093","Employment in forestry and logging","2","Male","2023","2023","6199","Value","3023","Labour force survey","1000 No","6.57","X","Figure from external organization","Unreliable Repository: Eurostat special tabulation"
"OEA","Employment Indicators: Agriculture and agrifood systems","578","Norway","21093","Employment in forestry and logging","3","Female","2014","2014","6199","Value","3023","Labour force survey","1000 No","0.61","X","Figure from external organization","Unreliable Repository: Eurostat special tabulation"
"OEA","Employment Indicators: Agriculture and agrifood systems","578","Norway","21093","Employment in forestry and logging","3","Female","2015","2015","6199","Value","3023","Labour force survey","1000 No","0.68","X","Figure from external organization","Unreliable Repository: Eurostat special tabulation"
"OEA","Employment Indicators: Agriculture and agrifood systems","578","Norway","21111","Employment in crop and animal production, hunting and related service activities","1","Total","2010","2010","6199","Value","3023","Labour force survey","1000 No","47.83","X","Figure from external organization","Repository: Eurostat special tabulation"
"OEA","Employment Indicators: Agriculture and agrifood systems","578","Norway","21111","Employment in crop and animal production, hunting and related service activities","1","Total","2011","2011","6199","Value","3023","Labour force survey","1000 No","41.82","X","Figure from external organization","Repository: Eurostat special tabulation"
"OEA","Employment Indicators: Agriculture and agrifood systems","578","Norway","21111","Employment in crop and animal production, hunting and related service activities","1","Total","2012","2012","6199","Value","3023","Labour force survey","1000 No","38.34","X","Figure from external organization","Repository: Eurostat special tabulation"
"OEA","Employment Indicators: Agriculture and agrifood systems","578","Norway","21111","Employment in crop and animal production, hunting and related service activities","1","Total","2013","2013","6199","Value","3023","Labour force survey","1000 No","39.35","X","Figure from external organization","Repository: Eurostat special tabulation"
"OEA","Employment Indicators: Agriculture and agrifood systems","578","Norway","21111","Employment in crop and animal production, hunting and related service activities","1","Total","2014","2014","6199","Value","3023","Labour force survey","1000 No","39.65","X","Figure from external organization","Repository: Eurostat special tabulation"
"OEA","Employment Indicators: Agriculture and agrifood systems","578","Norway","21111","Employment in crop and animal production, hunting and related service activities","1","Total","2015","2015","6199","Value","3023","Labour force survey","1000 No","36.59","X","Figure from external organization","Repository: Eurostat special tabulation"
"OEA","Employment Indicators: Agriculture and agrifood systems","578","Norway","21111","Employment in crop and animal production, hunting and related service activities","1","Total","2016","2016","6199","Value","3023","Labour force survey","1000 No","37.37","X","Figure from external organization","Repository: Eurostat special tabulation"
"OEA","Employment Indicators: Agriculture and agrifood systems","578","Norway","21111","Employment in crop and animal production, hunting and related service activities","1","Total","2017","2017","6199","Value","3023","Labour force survey","1000 No","34.74","X","Figure from external organization","Repository: Eurostat special tabulation"
"OEA","Employment Indicators: Agriculture and agrifood systems","578","Norway","21111","Employment in crop and animal production, hunting and related service activities","1","Total","2018","2018","6199","Value","3023","Labour force survey","1000 No","34.39","X","Figure from external organization","Repository: Eurostat special tabulation"
"OEA","Employment Indicators: Agriculture and agrifood systems","578","Norway","21111","Employment in crop and animal production, hunting and related service activities","1","Total","2019","2019","6199","Value","3023","Labour force survey","1000 No","33","X","Figure from external organization","Repository: Eurostat special tabulation"
"OEA","Employment Indicators: Agriculture and agrifood systems","578","Norway","21111","Employment in crop and animal production, hunting and related service activities","1","Total","2020","2020","6199","Value","3023","Labour force survey","1000 No","34.39","X","Figure from external organization","Repository: Eurostat special tabulation"
"OEA","Employment Indicators: Agriculture and agrifood systems","578","Norway","21111","Employment in crop and animal production, hunting and related service activities","1","Total","2021","2021","6199","Value","3023","Labour force survey","1000 No","39.36","X","Figure from external organization","Break in series: Methodology revised Repository: Eurostat special tabulation"
"OEA","Employment Indicators: Agriculture and agrifood systems","578","Norway","21111","Employment in crop and animal production, hunting and related service activities","1","Total","2022","2022","6199","Value","3023","Labour force survey","1000 No","37","X","Figure from external organization","Repository: Eurostat special tabulation"
"OEA","Employment Indicators: Agriculture and agrifood systems","578","Norway","21111","Employment in crop and animal production, hunting and related service activities","1","Total","2023","2023","6199","Value","3023","Labour force survey","1000 No","40.48","X","Figure from external organization","Repository: Eurostat special tabulation"
"OEA","Employment Indicators: Agriculture and agrifood systems","578","Norway","21111","Employment in crop and animal production, hunting and related service activities","2","Male","2010","2010","6199","Value","3023","Labour force survey","1000 No","36.93","X","Figure from external organization","Repository: Eurostat special tabulation"
"OEA","Employment Indicators: Agriculture and agrifood systems","578","Norway","21111","Employment in crop and animal production, hunting and related service activities","2","Male","2011","2011","6199","Value","3023","Labour force survey","1000 No","32.54","X","Figure from external organization","Repository: Eurostat special tabulation"
"OEA","Employment Indicators: Agriculture and agrifood systems","578","Norway","21111","Employment in crop and animal production, hunting and related service activities","2","Male","2012","2012","6199","Value","3023","Labour force survey","1000 No","29.74","X","Figure from external organization","Repository: Eurostat special tabulation"
"OEA","Employment Indicators: Agriculture and agrifood systems","578","Norway","21111","Employment in crop and animal production, hunting and related service activities","2","Male","2013","2013","6199","Value","3023","Labour force survey","1000 No","29.43","X","Figure from external organization","Repository: Eurostat special tabulation"
"OEA","Employment Indicators: Agriculture and agrifood systems","578","Norway","21111","Employment in crop and animal production, hunting and related service activities","2","Male","2014","2014","6199","Value","3023","Labour force survey","1000 No","28.48","X","Figure from external organization","Repository: Eurostat special tabulation"
"OEA","Employment Indicators: Agriculture and agrifood systems","578","Norway","21111","Employment in crop and animal production, hunting and related service activities","2","Male","2015","2015","6199","Value","3023","Labour force survey","1000 No","26.57","X","Figure from external organization","Repository: Eurostat special tabulation"
"OEA","Employment Indicators: Agriculture and agrifood systems","578","Norway","21111","Employment in crop and animal production, hunting and related service activities","2","Male","2016","2016","6199","Value","3023","Labour force survey","1000 No","27.03","X","Figure from external organization","Repository: Eurostat special tabulation"
"OEA","Employment Indicators: Agriculture and agrifood systems","578","Norway","21111","Employment in crop and animal production, hunting and related service activities","2","Male","2017","2017","6199","Value","3023","Labour force survey","1000 No","25.61","X","Figure from external organization","Repository: Eurostat special tabulation"
"OEA","Employment Indicators: Agriculture and agrifood systems","578","Norway","21111","Employment in crop and animal production, hunting and related service activities","2","Male","2018","2018","6199","Value","3023","Labour force survey","1000 No","24.48","X","Figure from external organization","Repository: Eurostat special tabulation"
"OEA","Employment Indicators: Agriculture and agrifood systems","578","Norway","21111","Employment in crop and animal production, hunting and related service activities","2","Male","2019","2019","6199","Value","3023","Labour force survey","1000 No","23.1","X","Figure from external organization","Repository: Eurostat special tabulation"
"OEA","Employment Indicators: Agriculture and agrifood systems","578","Norway","21111","Employment in crop and animal production, hunting and related service activities","2","Male","2020","2020","6199","Value","3023","Labour force survey","1000 No","25.27","X","Figure from external organization","Repository: Eurostat special tabulation"
"OEA","Employment Indicators: Agriculture and agrifood systems","578","Norway","21111","Employment in crop and animal production, hunting and related service activities","2","Male","2021","2021","6199","Value","3023","Labour force survey","1000 No","29.6","X","Figure from external organization","Break in series: Methodology revised Repository: Eurostat special tabulation"
"OEA","Employment Indicators: Agriculture and agrifood systems","578","Norway","21111","Employment in crop and animal production, hunting and related service activities","2","Male","2022","2022","6199","Value","3023","Labour force survey","1000 No","28.59","X","Figure from external organization","Repository: Eurostat special tabulation"
"OEA","Employment Indicators: Agriculture and agrifood systems","578","Norway","21111","Employment in crop and animal production, hunting and related service activities","2","Male","2023","2023","6199","Value","3023","Labour force survey","1000 No","30.37","X","Figure from external organization","Repository: Eurostat special tabulation"
"OEA","Employment Indicators: Agriculture and agrifood systems","578","Norway","21111","Employment in crop and animal production, hunting and related service activities","3","Female","2010","2010","6199","Value","3023","Labour force survey","1000 No","10.9","X","Figure from external organization","Repository: Eurostat special tabulation"
"OEA","Employment Indicators: Agriculture and agrifood systems","578","Norway","21111","Employment in crop and animal production, hunting and related service activities","3","Female","2011","2011","6199","Value","3023","Labour force survey","1000 No","9.28","X","Figure from external organization","Repository: Eurostat special tabulation"
"OEA","Employment Indicators: Agriculture and agrifood systems","578","Norway","21111","Employment in crop and animal production, hunting and related service activities","3","Female","2012","2012","6199","Value","3023","Labour force survey","1000 No","8.6","X","Figure from external organization","Repository: Eurostat special tabulation"
"OEA","Employment Indicators: Agriculture and agrifood systems","578","Norway","21111","Employment in crop and animal production, hunting and related service activities","3","Female","2013","2013","6199","Value","3023","Labour force survey","1000 No","9.92","X","Figure from external organization","Repository: Eurostat special tabulation"
"OEA","Employment Indicators: Agriculture and agrifood systems","578","Norway","21111","Employment in crop and animal production, hunting and related service activities","3","Female","2014","2014","6199","Value","3023","Labour force survey","1000 No","11.17","X","Figure from external organization","Repository: Eurostat special tabulation"
"OEA","Employment Indicators: Agriculture and agrifood systems","578","Norway","21111","Employment in crop and animal production, hunting and related service activities","3","Female","2015","2015","6199","Value","3023","Labour force survey","1000 No","10.02","X","Figure from external organization","Repository: Eurostat special tabulation"
"OEA","Employment Indicators: Agriculture and agrifood systems","578","Norway","21111","Employment in crop and animal production, hunting and related service activities","3","Female","2016","2016","6199","Value","3023","Labour force survey","1000 No","10.34","X","Figure from external organization","Repository: Eurostat special tabulation"
"OEA","Employment Indicators: Agriculture and agrifood systems","578","Norway","21111","Employment in crop and animal production, hunting and related service activities","3","Female","2017","2017","6199","Value","3023","Labour force survey","1000 No","9.13","X","Figure from external organization","Unreliable Repository: Eurostat special tabulation"
"OEA","Employment Indicators: Agriculture and agrifood systems","578","Norway","21111","Employment in crop and animal production, hunting and related service activities","3","Female","2018","2018","6199","Value","3023","Labour force survey","1000 No","9.9","X","Figure from external organization","Unreliable Repository: Eurostat special tabulation"
"OEA","Employment Indicators: Agriculture and agrifood systems","578","Norway","21111","Employment in crop and animal production, hunting and related service activities","3","Female","2019","2019","6199","Value","3023","Labour force survey","1000 No","9.9","X","Figure from external organization","Unreliable Repository: Eurostat special tabulation"
"OEA","Employment Indicators: Agriculture and agrifood systems","578","Norway","21111","Employment in crop and animal production, hunting and related service activities","3","Female","2020","2020","6199","Value","3023","Labour force survey","1000 No","9.12","X","Figure from external organization","Unreliable Repository: Eurostat special tabulation"
"OEA","Employment Indicators: Agriculture and agrifood systems","578","Norway","21111","Employment in crop and animal production, hunting and related service activities","3","Female","2021","2021","6199","Value","3023","Labour force survey","1000 No","9.76","X","Figure from external organization","Break in series: Methodology revised Repository: Eurostat special tabulation"
"OEA","Employment Indicators: Agriculture and agrifood systems","578","Norway","21111","Employment in crop and animal production, hunting and related service activities","3","Female","2022","2022","6199","Value","3023","Labour force survey","1000 No","8.41","X","Figure from external organization","Unreliable Repository: Eurostat special tabulation"
"OEA","Employment Indicators: Agriculture and agrifood systems","578","Norway","21111","Employment in crop and animal production, hunting and related service activities","3","Female","2023","2023","6199","Value","3023","Labour force survey","1000 No","10.11","X","Figure from external organization","Repository: Eurostat special tabulation"
"OEA","Employment Indicators: Agriculture and agrifood systems","578","Norway","21150","Mean weekly hours actually worked per employed person in agriculture","1","Total","2010","2010","6173","Value","3023","Labour force survey","No","40.98","X","Figure from external organization","Job coverage: Main job currently held Repository: ILO-STATISTICS - Micro data processing"
"OEA","Employment Indicators: Agriculture and agrifood systems","578","Norway","21150","Mean weekly hours actually worked per employed person in agriculture","1","Total","2011","2011","6173","Value","3023","Labour force survey","No","39.95","X","Figure from external organization","Job coverage: Main job currently held Repository: ILO-STATISTICS - Micro data processing"
"OEA","Employment Indicators: Agriculture and agrifood systems","578","Norway","21150","Mean weekly hours actually worked per employed person in agriculture","1","Total","2012","2012","6173","Value","3023","Labour force survey","No","40.58","X","Figure from external organization","Job coverage: Main job currently held Repository: ILO-STATISTICS - Micro data processing"
"OEA","Employment Indicators: Agriculture and agrifood systems","578","Norway","21150","Mean weekly hours actually worked per employed person in agriculture","1","Total","2013","2013","6173","Value","3023","Labour force survey","No","38.56","X","Figure from external organization","Job coverage: Main job currently held Repository: ILO-STATISTICS - Micro data processing"
"OEA","Employment Indicators: Agriculture and agrifood systems","578","Norway","21150","Mean weekly hours actually worked per employed person in agriculture","1","Total","2014","2014","6173","Value","3023","Labour force survey","No","40.14","X","Figure from external organization","Job coverage: Main job currently held Repository: ILO-STATISTICS - Micro data processing"
"OEA","Employment Indicators: Agriculture and agrifood systems","578","Norway","21150","Mean weekly hours actually worked per employed person in agriculture","1","Total","2015","2015","6173","Value","3023","Labour force survey","No","38.56","X","Figure from external organization","Job coverage: Main job currently held Repository: ILO-STATISTICS - Micro data processing"
"OEA","Employment Indicators: Agriculture and agrifood systems","578","Norway","21150","Mean weekly hours actually worked per employed person in agriculture","1","Total","2016","2016","6173","Value","3023","Labour force survey","No","39.26","X","Figure from external organization","Job coverage: Main job currently held Repository: ILO-STATISTICS - Micro data processing"
"OEA","Employment Indicators: Agriculture and agrifood systems","578","Norway","21150","Mean weekly hours actually worked per employed person in agriculture","1","Total","2017","2017","6173","Value","3023","Labour force survey","No","38.08","X","Figure from external organization","Job coverage: Main job currently held Repository: ILO-STATISTICS - Micro data processing"
"OEA","Employment Indicators: Agriculture and agrifood systems","578","Norway","21150","Mean weekly hours actually worked per employed person in agriculture","1","Total","2018","2018","6173","Value","3023","Labour force survey","No","37.71","X","Figure from external organization","Job coverage: Main job currently held Repository: ILO-STATISTICS - Micro data processing"
"OEA","Employment Indicators: Agriculture and agrifood systems","578","Norway","21150","Mean weekly hours actually worked per employed person in agriculture","1","Total","2019","2019","6173","Value","3023","Labour force survey","No","39.52","X","Figure from external organization","Job coverage: Main job currently held Repository: ILO-STATISTICS - Micro data processing"
"OEA","Employment Indicators: Agriculture and agrifood systems","578","Norway","21150","Mean weekly hours actually worked per employed person in agriculture","1","Total","2020","2020","6173","Value","3023","Labour force survey","No","36.8","X","Figure from external organization","Job coverage: Main job currently held Repository: ILO-STATISTICS - Micro data processing"
"OEA","Employment Indicators: Agriculture and agrifood systems","578","Norway","21150","Mean weekly hours actually worked per employed person in agriculture","1","Total","2021","2021","6173","Value","3023","Labour force survey","No","37.2","X","Figure from external organization","Job coverage: Main job currently held Repository: ILO-STATISTICS - Micro data processing"
"OEA","Employment Indicators: Agriculture and agrifood systems","578","Norway","21150","Mean weekly hours actually worked per employed person in agriculture","1","Total","2022","2022","6173","Value","3023","Labour force survey","No","39.56","X","Figure from external organization","Job coverage: Main job currently held Repository: ILO-STATISTICS - Micro data processing"
"OEA","Employment Indicators: Agriculture and agrifood systems","578","Norway","21150","Mean weekly hours actually worked per employed person in agriculture","1","Total","2023","2023","6173","Value","3023","Labour force survey","No","37.51","X","Figure from external organization","Job coverage: Main job currently held Repository: ILO-STATISTICS - Micro data processing"
"OEA","Employment Indicators: Agriculture and agrifood systems","578","Norway","21150","Mean weekly hours actually worked per employed person in agriculture","2","Male","2010","2010","6173","Value","3023","Labour force survey","No","43.33","X","Figure from external organization","Job coverage: Main job currently held Repository: ILO-STATISTICS - Micro data processing"
"OEA","Employment Indicators: Agriculture and agrifood systems","578","Norway","21150","Mean weekly hours actually worked per employed person in agriculture","2","Male","2011","2011","6173","Value","3023","Labour force survey","No","41.11","X","Figure from external organization","Job coverage: Main job currently held Repository: ILO-STATISTICS - Micro data processing"
"OEA","Employment Indicators: Agriculture and agrifood systems","578","Norway","21150","Mean weekly hours actually worked per employed person in agriculture","2","Male","2012","2012","6173","Value","3023","Labour force survey","No","42.13","X","Figure from external organization","Job coverage: Main job currently held Repository: ILO-STATISTICS - Micro data processing"
"OEA","Employment Indicators: Agriculture and agrifood systems","578","Norway","21150","Mean weekly hours actually worked per employed person in agriculture","2","Male","2013","2013","6173","Value","3023","Labour force survey","No","40.74","X","Figure from external organization","Job coverage: Main job currently held Repository: ILO-STATISTICS - Micro data processing"
"OEA","Employment Indicators: Agriculture and agrifood systems","578","Norway","21150","Mean weekly hours actually worked per employed person in agriculture","2","Male","2014","2014","6173","Value","3023","Labour force survey","No","43.03","X","Figure from external organization","Job coverage: Main job currently held Repository: ILO-STATISTICS - Micro data processing"
"OEA","Employment Indicators: Agriculture and agrifood systems","578","Norway","21150","Mean weekly hours actually worked per employed person in agriculture","2","Male","2015","2015","6173","Value","3023","Labour force survey","No","39.66","X","Figure from external organization","Job coverage: Main job currently held Repository: ILO-STATISTICS - Micro data processing"
"OEA","Employment Indicators: Agriculture and agrifood systems","578","Norway","21150","Mean weekly hours actually worked per employed person in agriculture","2","Male","2016","2016","6173","Value","3023","Labour force survey","No","41.21","X","Figure from external organization","Job coverage: Main job currently held Repository: ILO-STATISTICS - Micro data processing"
"OEA","Employment Indicators: Agriculture and agrifood systems","578","Norway","21150","Mean weekly hours actually worked per employed person in agriculture","2","Male","2017","2017","6173","Value","3023","Labour force survey","No","39.91","X","Figure from external organization","Job coverage: Main job currently held Repository: ILO-STATISTICS - Micro data processing"
"OEA","Employment Indicators: Agriculture and agrifood systems","578","Norway","21150","Mean weekly hours actually worked per employed person in agriculture","2","Male","2018","2018","6173","Value","3023","Labour force survey","No","39.83","X","Figure from external organization","Job coverage: Main job currently held Repository: ILO-STATISTICS - Micro data processing"
"OEA","Employment Indicators: Agriculture and agrifood systems","578","Norway","21150","Mean weekly hours actually worked per employed person in agriculture","2","Male","2019","2019","6173","Value","3023","Labour force survey","No","42.06","X","Figure from external organization","Job coverage: Main job currently held Repository: ILO-STATISTICS - Micro data processing"
"OEA","Employment Indicators: Agriculture and agrifood systems","578","Norway","21150","Mean weekly hours actually worked per employed person in agriculture","2","Male","2020","2020","6173","Value","3023","Labour force survey","No","38.69","X","Figure from external organization","Job coverage: Main job currently held Repository: ILO-STATISTICS - Micro data processing"
"OEA","Employment Indicators: Agriculture and agrifood systems","578","Norway","21150","Mean weekly hours actually worked per employed person in agriculture","2","Male","2021","2021","6173","Value","3023","Labour force survey","No","38.85","X","Figure from external organization","Job coverage: Main job currently held Repository: ILO-STATISTICS - Micro data processing"
"OEA","Employment Indicators: Agriculture and agrifood systems","578","Norway","21150","Mean weekly hours actually worked per employed person in agriculture","2","Male","2022","2022","6173","Value","3023","Labour force survey","No","41.22","X","Figure from external organization","Job coverage: Main job currently held Repository: ILO-STATISTICS - Micro data processing"
"OEA","Employment Indicators: Agriculture and agrifood systems","578","Norway","21150","Mean weekly hours actually worked per employed person in agriculture","2","Male","2023","2023","6173","Value","3023","Labour force survey","No","38.77","X","Figure from external organization","Job coverage: Main job currently held Repository: ILO-STATISTICS - Micro data processing"
"OEA","Employment Indicators: Agriculture and agrifood systems","578","Norway","21150","Mean weekly hours actually worked per employed person in agriculture","3","Female","2010","2010","6173","Value","3023","Labour force survey","No","30.13","X","Figure from external organization","Job coverage: Main job currently held Repository: ILO-STATISTICS - Micro data processing"
"OEA","Employment Indicators: Agriculture and agrifood systems","578","Norway","21150","Mean weekly hours actually worked per employed person in agriculture","3","Female","2011","2011","6173","Value","3023","Labour force survey","No","35.79","X","Figure from external organization","Job coverage: Main job currently held Repository: ILO-STATISTICS - Micro data processing"
"OEA","Employment Indicators: Agriculture and agrifood systems","578","Norway","21150","Mean weekly hours actually worked per employed person in agriculture","3","Female","2012","2012","6173","Value","3023","Labour force survey","No","33.17","X","Figure from external organization","Job coverage: Main job currently held Repository: ILO-STATISTICS - Micro data processing"
"OEA","Employment Indicators: Agriculture and agrifood systems","578","Norway","21150","Mean weekly hours actually worked per employed person in agriculture","3","Female","2013","2013","6173","Value","3023","Labour force survey","No","30.38","X","Figure from external organization","Job coverage: Main job currently held Repository: ILO-STATISTICS - Micro data processing"
"OEA","Employment Indicators: Agriculture and agrifood systems","578","Norway","21150","Mean weekly hours actually worked per employed person in agriculture","3","Female","2014","2014","6173","Value","3023","Labour force survey","No","28.6","X","Figure from external organization","Job coverage: Main job currently held Repository: ILO-STATISTICS - Micro data processing"
"OEA","Employment Indicators: Agriculture and agrifood systems","578","Norway","21150","Mean weekly hours actually worked per employed person in agriculture","3","Female","2015","2015","6173","Value","3023","Labour force survey","No","33.88","X","Figure from external organization","Job coverage: Main job currently held Repository: ILO-STATISTICS - Micro data processing"
"OEA","Employment Indicators: Agriculture and agrifood systems","578","Norway","21150","Mean weekly hours actually worked per employed person in agriculture","3","Female","2016","2016","6173","Value","3023","Labour force survey","No","31.58","X","Figure from external organization","Job coverage: Main job currently held Repository: ILO-STATISTICS - Micro data processing"
"OEA","Employment Indicators: Agriculture and agrifood systems","578","Norway","21150","Mean weekly hours actually worked per employed person in agriculture","3","Female","2017","2017","6173","Value","3023","Labour force survey","No","31.83","X","Figure from external organization","Job coverage: Main job currently held Repository: ILO-STATISTICS - Micro data processing"
"OEA","Employment Indicators: Agriculture and agrifood systems","578","Norway","21150","Mean weekly hours actually worked per employed person in agriculture","3","Female","2018","2018","6173","Value","3023","Labour force survey","No","31.52","X","Figure from external organization","Job coverage: Main job currently held Repository: ILO-STATISTICS - Micro data processing"
"OEA","Employment Indicators: Agriculture and agrifood systems","578","Norway","21150","Mean weekly hours actually worked per employed person in agriculture","3","Female","2019","2019","6173","Value","3023","Labour force survey","No","31.26","X","Figure from external organization","Job coverage: Main job currently held Repository: ILO-STATISTICS - Micro data processing"
"OEA","Employment Indicators: Agriculture and agrifood systems","578","Norway","21150","Mean weekly hours actually worked per employed person in agriculture","3","Female","2020","2020","6173","Value","3023","Labour force survey","No","29.69","X","Figure from external organization","Job coverage: Main job currently held Repository: ILO-STATISTICS - Micro data processing"
"OEA","Employment Indicators: Agriculture and agrifood systems","578","Norway","21150","Mean weekly hours actually worked per employed person in agriculture","3","Female","2021","2021","6173","Value","3023","Labour force survey","No","30.19","X","Figure from external organization","Job coverage: Main job currently held Repository: ILO-STATISTICS - Micro data processing"
"OEA","Employment Indicators: Agriculture and agrifood systems","578","Norway","21150","Mean weekly hours actually worked per employed person in agriculture","3","Female","2022","2022","6173","Value","3023","Labour force survey","No","31.98","X","Figure from external organization","Job coverage: Main job currently held Repository: ILO-STATISTICS - Micro data processing"
"OEA","Employment Indicators: Agriculture and agrifood systems","578","Norway","21150","Mean weekly hours actually worked per employed person in agriculture","3","Female","2023","2023","6173","Value","3023","Labour force survey","No","32.88","X","Figure from external organization","Job coverage: Main job currently held Repository: ILO-STATISTICS - Micro data processing"
"OEA","Employment Indicators: Agriculture and agrifood systems","578","Norway","21151","Mean weekly hours actually worked per employee in agriculture","1","Total","2010","2010","6173","Value","3023","Labour force survey","No","36.05","X","Figure from external organization","Repository: ILO-STATISTICS - Micro data processing"
"OEA","Employment Indicators: Agriculture and agrifood systems","578","Norway","21151","Mean weekly hours actually worked per employee in agriculture","1","Total","2011","2011","6173","Value","3023","Labour force survey","No","34.9","X","Figure from external organization","Repository: ILO-STATISTICS - Micro data processing"
"OEA","Employment Indicators: Agriculture and agrifood systems","578","Norway","21151","Mean weekly hours actually worked per employee in agriculture","1","Total","2012","2012","6173","Value","3023","Labour force survey","No","39.68","X","Figure from external organization","Repository: ILO-STATISTICS - Micro data processing"
"OEA","Employment Indicators: Agriculture and agrifood systems","578","Norway","21151","Mean weekly hours actually worked per employee in agriculture","1","Total","2013","2013","6173","Value","3023","Labour force survey","No","32.2","X","Figure from external organization","Repository: ILO-STATISTICS - Micro data processing"
"OEA","Employment Indicators: Agriculture and agrifood systems","578","Norway","21151","Mean weekly hours actually worked per employee in agriculture","1","Total","2014","2014","6173","Value","3023","Labour force survey","No","33.44","X","Figure from external organization","Repository: ILO-STATISTICS - Micro data processing"
"OEA","Employment Indicators: Agriculture and agrifood systems","578","Norway","21151","Mean weekly hours actually worked per employee in agriculture","1","Total","2015","2015","6173","Value","3023","Labour force survey","No","35.52","X","Figure from external organization","Repository: ILO-STATISTICS - Micro data processing"
"OEA","Employment Indicators: Agriculture and agrifood systems","578","Norway","21151","Mean weekly hours actually worked per employee in agriculture","1","Total","2016","2016","6173","Value","3023","Labour force survey","No","36.62","X","Figure from external organization","Repository: ILO-STATISTICS - Micro data processing"
"OEA","Employment Indicators: Agriculture and agrifood systems","578","Norway","21151","Mean weekly hours actually worked per employee in agriculture","1","Total","2017","2017","6173","Value","3023","Labour force survey","No","33.78","X","Figure from external organization","Repository: ILO-STATISTICS - Micro data processing"
"OEA","Employment Indicators: Agriculture and agrifood systems","578","Norway","21151","Mean weekly hours actually worked per employee in agriculture","1","Total","2018","2018","6173","Value","3023","Labour force survey","No","34.67","X","Figure from external organization","Repository: ILO-STATISTICS - Micro data processing"
"OEA","Employment Indicators: Agriculture and agrifood systems","578","Norway","21151","Mean weekly hours actually worked per employee in agriculture","1","Total","2019","2019","6173","Value","3023","Labour force survey","No","36.8","X","Figure from external organization","Repository: ILO-STATISTICS - Micro data processing"
"OEA","Employment Indicators: Agriculture and agrifood systems","578","Norway","21151","Mean weekly hours actually worked per employee in agriculture","1","Total","2020","2020","6173","Value","3023","Labour force survey","No","33.33","X","Figure from external organization","Repository: ILO-STATISTICS - Micro data processing"
"OEA","Employment Indicators: Agriculture and agrifood systems","578","Norway","21151","Mean weekly hours actually worked per employee in agriculture","1","Total","2021","2021","6173","Value","3023","Labour force survey","No","33.44","X","Figure from external organization","Repository: ILO-STATISTICS - Micro data processing"
"OEA","Employment Indicators: Agriculture and agrifood systems","578","Norway","21151","Mean weekly hours actually worked per employee in agriculture","1","Total","2022","2022","6173","Value","3023","Labour force survey","No","35.05","X","Figure from external organization","Repository: ILO-STATISTICS - Micro data processing"
"OEA","Employment Indicators: Agriculture and agrifood systems","578","Norway","21151","Mean weekly hours actually worked per employee in agriculture","1","Total","2023","2023","6173","Value","3023","Labour force survey","No","34.08","X","Figure from external organization","Repository: ILO-STATISTICS - Micro data processing"
"OEA","Employment Indicators: Agriculture and agrifood systems","578","Norway","21151","Mean weekly hours actually worked per employee in agriculture","2","Male","2010","2010","6173","Value","3023","Labour force survey","No","38.35","X","Figure from external organization","Repository: ILO-STATISTICS - Micro data processing"
"OEA","Employment Indicators: Agriculture and agrifood systems","578","Norway","21151","Mean weekly hours actually worked per employee in agriculture","2","Male","2011","2011","6173","Value","3023","Labour force survey","No","36.68","X","Figure from external organization","Repository: ILO-STATISTICS - Micro data processing"
"OEA","Employment Indicators: Agriculture and agrifood systems","578","Norway","21151","Mean weekly hours actually worked per employee in agriculture","2","Male","2012","2012","6173","Value","3023","Labour force survey","No","41.2","X","Figure from external organization","Repository: ILO-STATISTICS - Micro data processing"
"OEA","Employment Indicators: Agriculture and agrifood systems","578","Norway","21151","Mean weekly hours actually worked per employee in agriculture","2","Male","2013","2013","6173","Value","3023","Labour force survey","No","35.02","X","Figure from external organization","Repository: ILO-STATISTICS - Micro data processing"
"OEA","Employment Indicators: Agriculture and agrifood systems","578","Norway","21151","Mean weekly hours actually worked per employee in agriculture","2","Male","2014","2014","6173","Value","3023","Labour force survey","No","35.67","X","Figure from external organization","Repository: ILO-STATISTICS - Micro data processing"
"OEA","Employment Indicators: Agriculture and agrifood systems","578","Norway","21151","Mean weekly hours actually worked per employee in agriculture","2","Male","2015","2015","6173","Value","3023","Labour force survey","No","35.91","X","Figure from external organization","Repository: ILO-STATISTICS - Micro data processing"
"OEA","Employment Indicators: Agriculture and agrifood systems","578","Norway","21151","Mean weekly hours actually worked per employee in agriculture","2","Male","2016","2016","6173","Value","3023","Labour force survey","No","38.19","X","Figure from external organization","Repository: ILO-STATISTICS - Micro data processing"
"OEA","Employment Indicators: Agriculture and agrifood systems","578","Norway","21151","Mean weekly hours actually worked per employee in agriculture","2","Male","2017","2017","6173","Value","3023","Labour force survey","No","35.87","X","Figure from external organization","Repository: ILO-STATISTICS - Micro data processing"
"OEA","Employment Indicators: Agriculture and agrifood systems","578","Norway","21151","Mean weekly hours actually worked per employee in agriculture","2","Male","2018","2018","6173","Value","3023","Labour force survey","No","35.35","X","Figure from external organization","Repository: ILO-STATISTICS - Micro data processing"
"OEA","Employment Indicators: Agriculture and agrifood systems","578","Norway","21151","Mean weekly hours actually worked per employee in agriculture","2","Male","2019","2019","6173","Value","3023","Labour force survey","No","39.46","X","Figure from external organization","Repository: ILO-STATISTICS - Micro data processing"
"OEA","Employment Indicators: Agriculture and agrifood systems","578","Norway","21151","Mean weekly hours actually worked per employee in agriculture","2","Male","2020","2020","6173","Value","3023","Labour force survey","No","34.53","X","Figure from external organization","Repository: ILO-STATISTICS - Micro data processing"
"OEA","Employment Indicators: Agriculture and agrifood systems","578","Norway","21151","Mean weekly hours actually worked per employee in agriculture","2","Male","2021","2021","6173","Value","3023","Labour force survey","No","35.16","X","Figure from external organization","Repository: ILO-STATISTICS - Micro data processing"
"OEA","Employment Indicators: Agriculture and agrifood systems","578","Norway","21151","Mean weekly hours actually worked per employee in agriculture","2","Male","2022","2022","6173","Value","3023","Labour force survey","No","37.22","X","Figure from external organization","Repository: ILO-STATISTICS - Micro data processing"
"OEA","Employment Indicators: Agriculture and agrifood systems","578","Norway","21151","Mean weekly hours actually worked per employee in agriculture","2","Male","2023","2023","6173","Value","3023","Labour force survey","No","35.07","X","Figure from external organization","Repository: ILO-STATISTICS - Micro data processing"
"OEA","Employment Indicators: Agriculture and agrifood systems","578","Norway","21151","Mean weekly hours actually worked per employee in agriculture","3","Female","2010","2010","6173","Value","3023","Labour force survey","No","27.83","X","Figure from external organization","Repository: ILO-STATISTICS - Micro data processing"
"OEA","Employment Indicators: Agriculture and agrifood systems","578","Norway","21151","Mean weekly hours actually worked per employee in agriculture","3","Female","2011","2011","6173","Value","3023","Labour force survey","No","27.32","X","Figure from external organization","Repository: ILO-STATISTICS - Micro data processing"
"OEA","Employment Indicators: Agriculture and agrifood systems","578","Norway","21151","Mean weekly hours actually worked per employee in agriculture","3","Female","2012","2012","6173","Value","3023","Labour force survey","No","33.54","X","Figure from external organization","Repository: ILO-STATISTICS - Micro data processing"
"OEA","Employment Indicators: Agriculture and agrifood systems","578","Norway","21151","Mean weekly hours actually worked per employee in agriculture","3","Female","2013","2013","6173","Value","3023","Labour force survey","No","24.09","X","Figure from external organization","Repository: ILO-STATISTICS - Micro data processing"
"OEA","Employment Indicators: Agriculture and agrifood systems","578","Norway","21151","Mean weekly hours actually worked per employee in agriculture","3","Female","2014","2014","6173","Value","3023","Labour force survey","No","26.09","X","Figure from external organization","Repository: ILO-STATISTICS - Micro data processing"
"OEA","Employment Indicators: Agriculture and agrifood systems","578","Norway","21151","Mean weekly hours actually worked per employee in agriculture","3","Female","2015","2015","6173","Value","3023","Labour force survey","No","33.23","X","Figure from external organization","Repository: ILO-STATISTICS - Micro data processing"
"OEA","Employment Indicators: Agriculture and agrifood systems","578","Norway","21151","Mean weekly hours actually worked per employee in agriculture","3","Female","2016","2016","6173","Value","3023","Labour force survey","No","30.92","X","Figure from external organization","Repository: ILO-STATISTICS - Micro data processing"
"OEA","Employment Indicators: Agriculture and agrifood systems","578","Norway","21151","Mean weekly hours actually worked per employee in agriculture","3","Female","2017","2017","6173","Value","3023","Labour force survey","No","27.06","X","Figure from external organization","Repository: ILO-STATISTICS - Micro data processing"
"OEA","Employment Indicators: Agriculture and agrifood systems","578","Norway","21151","Mean weekly hours actually worked per employee in agriculture","3","Female","2018","2018","6173","Value","3023","Labour force survey","No","33.09","X","Figure from external organization","Repository: ILO-STATISTICS - Micro data processing"
"OEA","Employment Indicators: Agriculture and agrifood systems","578","Norway","21151","Mean weekly hours actually worked per employee in agriculture","3","Female","2019","2019","6173","Value","3023","Labour force survey","No","28.71","X","Figure from external organization","Repository: ILO-STATISTICS - Micro data processing"
"OEA","Employment Indicators: Agriculture and agrifood systems","578","Norway","21151","Mean weekly hours actually worked per employee in agriculture","3","Female","2020","2020","6173","Value","3023","Labour force survey","No","29.2","X","Figure from external organization","Repository: ILO-STATISTICS - Micro data processing"
"OEA","Employment Indicators: Agriculture and agrifood systems","578","Norway","21151","Mean weekly hours actually worked per employee in agriculture","3","Female","2021","2021","6173","Value","3023","Labour force survey","No","26.65","X","Figure from external organization","Repository: ILO-STATISTICS - Micro data processing"
"OEA","Employment Indicators: Agriculture and agrifood systems","578","Norway","21151","Mean weekly hours actually worked per employee in agriculture","3","Female","2022","2022","6173","Value","3023","Labour force survey","No","26.63","X","Figure from external organization","Repository: ILO-STATISTICS - Micro data processing"
"OEA","Employment Indicators: Agriculture and agrifood systems","578","Norway","21151","Mean weekly hours actually worked per employee in agriculture","3","Female","2023","2023","6173","Value","3023","Labour force survey","No","31.37","X","Figure from external organization","Repository: ILO-STATISTICS - Micro data processing"
"OEA","Employment Indicators: Agriculture and agrifood systems","578","Norway","21155","Share of employment in agriculture in total employment","1","Total","2010","2010","6121","Value","3023","Labour force survey","%","2.5","X","Figure from external organization","Repository: ILO-STATISTICS - Micro data processing"
"OEA","Employment Indicators: Agriculture and agrifood systems","578","Norway","21155","Share of employment in agriculture in total employment","1","Total","2011","2011","6121","Value","3023","Labour force survey","%","2.5","X","Figure from external organization","Repository: ILO-STATISTICS - Micro data processing"
"OEA","Employment Indicators: Agriculture and agrifood systems","578","Norway","21155","Share of employment in agriculture in total employment","1","Total","2012","2012","6121","Value","3023","Labour force survey","%","2.2","X","Figure from external organization","Repository: ILO-STATISTICS - Micro data processing"
"OEA","Employment Indicators: Agriculture and agrifood systems","578","Norway","21155","Share of employment in agriculture in total employment","1","Total","2013","2013","6121","Value","3023","Labour force survey","%","2.3","X","Figure from external organization","Repository: ILO-STATISTICS - Micro data processing"
"OEA","Employment Indicators: Agriculture and agrifood systems","578","Norway","21155","Share of employment in agriculture in total employment","1","Total","2014","2014","6121","Value","3023","Labour force survey","%","2.2","X","Figure from external organization","Repository: ILO-STATISTICS - Micro data processing"
"OEA","Employment Indicators: Agriculture and agrifood systems","578","Norway","21155","Share of employment in agriculture in total employment","1","Total","2015","2015","6121","Value","3023","Labour force survey","%","2.1","X","Figure from external organization","Repository: ILO-STATISTICS - Micro data processing"
"OEA","Employment Indicators: Agriculture and agrifood systems","578","Norway","21155","Share of employment in agriculture in total employment","1","Total","2016","2016","6121","Value","3023","Labour force survey","%","2","X","Figure from external organization","Repository: ILO-STATISTICS - Micro data processing"
"OEA","Employment Indicators: Agriculture and agrifood systems","578","Norway","21155","Share of employment in agriculture in total employment","1","Total","2017","2017","6121","Value","3023","Labour force survey","%","2.2","X","Figure from external organization","Repository: ILO-STATISTICS - Micro data processing"
"OEA","Employment Indicators: Agriculture and agrifood systems","578","Norway","21155","Share of employment in agriculture in total employment","1","Total","2018","2018","6121","Value","3023","Labour force survey","%","2.1","X","Figure from external organization","Repository: ILO-STATISTICS - Micro data processing"
"OEA","Employment Indicators: Agriculture and agrifood systems","578","Norway","21155","Share of employment in agriculture in total employment","1","Total","2019","2019","6121","Value","3023","Labour force survey","%","2.1","X","Figure from external organization","Repository: ILO-STATISTICS - Micro data processing"
"OEA","Employment Indicators: Agriculture and agrifood systems","578","Norway","21155","Share of employment in agriculture in total employment","1","Total","2020","2020","6121","Value","3023","Labour force survey","%","2","X","Figure from external organization","Repository: ILO-STATISTICS - Micro data processing"
"OEA","Employment Indicators: Agriculture and agrifood systems","578","Norway","21155","Share of employment in agriculture in total employment","1","Total","2021","2021","6121","Value","3023","Labour force survey","%","2.4","X","Figure from external organization","Repository: ILO-STATISTICS - Micro data processing"
"OEA","Employment Indicators: Agriculture and agrifood systems","578","Norway","21155","Share of employment in agriculture in total employment","1","Total","2022","2022","6121","Value","3023","Labour force survey","%","2.3","X","Figure from external organization","Repository: ILO-STATISTICS - Micro data processing"
"OEA","Employment Indicators: Agriculture and agrifood systems","578","Norway","21155","Share of employment in agriculture in total employment","1","Total","2023","2023","6121","Value","3023","Labour force survey","%","2.4","X","Figure from external organization","Repository: ILO-STATISTICS - Micro data processing"
"OEA","Employment Indicators: Agriculture and agrifood systems","578","Norway","21155","Share of employment in agriculture in total employment","2","Male","2010","2010","6121","Value","3023","Labour force survey","%","3.8","X","Figure from external organization","Repository: ILO-STATISTICS - Micro data processing"
"OEA","Employment Indicators: Agriculture and agrifood systems","578","Norway","21155","Share of employment in agriculture in total employment","2","Male","2011","2011","6121","Value","3023","Labour force survey","%","3.7","X","Figure from external organization","Repository: ILO-STATISTICS - Micro data processing"
"OEA","Employment Indicators: Agriculture and agrifood systems","578","Norway","21155","Share of employment in agriculture in total employment","2","Male","2012","2012","6121","Value","3023","Labour force survey","%","3.4","X","Figure from external organization","Repository: ILO-STATISTICS - Micro data processing"
"OEA","Employment Indicators: Agriculture and agrifood systems","578","Norway","21155","Share of employment in agriculture in total employment","2","Male","2013","2013","6121","Value","3023","Labour force survey","%","3.4","X","Figure from external organization","Repository: ILO-STATISTICS - Micro data processing"
"OEA","Employment Indicators: Agriculture and agrifood systems","578","Norway","21155","Share of employment in agriculture in total employment","2","Male","2014","2014","6121","Value","3023","Labour force survey","%","3.3","X","Figure from external organization","Repository: ILO-STATISTICS - Micro data processing"
"OEA","Employment Indicators: Agriculture and agrifood systems","578","Norway","21155","Share of employment in agriculture in total employment","2","Male","2015","2015","6121","Value","3023","Labour force survey","%","3.1","X","Figure from external organization","Repository: ILO-STATISTICS - Micro data processing"
"OEA","Employment Indicators: Agriculture and agrifood systems","578","Norway","21155","Share of employment in agriculture in total employment","2","Male","2016","2016","6121","Value","3023","Labour force survey","%","3.1","X","Figure from external organization","Repository: ILO-STATISTICS - Micro data processing"
"OEA","Employment Indicators: Agriculture and agrifood systems","578","Norway","21155","Share of employment in agriculture in total employment","2","Male","2017","2017","6121","Value","3023","Labour force survey","%","3.2","X","Figure from external organization","Repository: ILO-STATISTICS - Micro data processing"
"OEA","Employment Indicators: Agriculture and agrifood systems","578","Norway","21155","Share of employment in agriculture in total employment","2","Male","2018","2018","6121","Value","3023","Labour force survey","%","2.9","X","Figure from external organization","Repository: ILO-STATISTICS - Micro data processing"
"OEA","Employment Indicators: Agriculture and agrifood systems","578","Norway","21155","Share of employment in agriculture in total employment","2","Male","2019","2019","6121","Value","3023","Labour force survey","%","3","X","Figure from external organization","Repository: ILO-STATISTICS - Micro data processing"
"OEA","Employment Indicators: Agriculture and agrifood systems","578","Norway","21155","Share of employment in agriculture in total employment","2","Male","2020","2020","6121","Value","3023","Labour force survey","%","3","X","Figure from external organization","Repository: ILO-STATISTICS - Micro data processing"
"OEA","Employment Indicators: Agriculture and agrifood systems","578","Norway","21155","Share of employment in agriculture in total employment","2","Male","2021","2021","6121","Value","3023","Labour force survey","%","3.7","X","Figure from external organization","Repository: ILO-STATISTICS - Micro data processing"
"OEA","Employment Indicators: Agriculture and agrifood systems","578","Norway","21155","Share of employment in agriculture in total employment","2","Male","2022","2022","6121","Value","3023","Labour force survey","%","3.6","X","Figure from external organization","Repository: ILO-STATISTICS - Micro data processing"
"OEA","Employment Indicators: Agriculture and agrifood systems","578","Norway","21155","Share of employment in agriculture in total employment","2","Male","2023","2023","6121","Value","3023","Labour force survey","%","3.5","X","Figure from external organization","Repository: ILO-STATISTICS - Micro data processing"
"OEA","Employment Indicators: Agriculture and agrifood systems","578","Norway","21155","Share of employment in agriculture in total employment","3","Female","2010","2010","6121","Value","3023","Labour force survey","%","1","X","Figure from external organization","Repository: ILO-STATISTICS - Micro data processing"
"OEA","Employment Indicators: Agriculture and agrifood systems","578","Norway","21155","Share of employment in agriculture in total employment","3","Female","2011","2011","6121","Value","3023","Labour force survey","%","1.1","X","Figure from external organization","Repository: ILO-STATISTICS - Micro data processing"
"OEA","Employment Indicators: Agriculture and agrifood systems","578","Norway","21155","Share of employment in agriculture in total employment","3","Female","2012","2012","6121","Value","3023","Labour force survey","%","0.8","X","Figure from external organization","Repository: ILO-STATISTICS - Micro data processing"
"OEA","Employment Indicators: Agriculture and agrifood systems","578","Norway","21155","Share of employment in agriculture in total employment","3","Female","2013","2013","6121","Value","3023","Labour force survey","%","1","X","Figure from external organization","Repository: ILO-STATISTICS - Micro data processing"
"OEA","Employment Indicators: Agriculture and agrifood systems","578","Norway","21155","Share of employment in agriculture in total employment","3","Female","2014","2014","6121","Value","3023","Labour force survey","%","1","X","Figure from external organization","Repository: ILO-STATISTICS - Micro data processing"
"OEA","Employment Indicators: Agriculture and agrifood systems","578","Norway","21155","Share of employment in agriculture in total employment","3","Female","2015","2015","6121","Value","3023","Labour force survey","%","0.9","X","Figure from external organization","Repository: ILO-STATISTICS - Micro data processing"
"OEA","Employment Indicators: Agriculture and agrifood systems","578","Norway","21155","Share of employment in agriculture in total employment","3","Female","2016","2016","6121","Value","3023","Labour force survey","%","0.9","X","Figure from external organization","Repository: ILO-STATISTICS - Micro data processing"
"OEA","Employment Indicators: Agriculture and agrifood systems","578","Norway","21155","Share of employment in agriculture in total employment","3","Female","2017","2017","6121","Value","3023","Labour force survey","%","1","X","Figure from external organization","Repository: ILO-STATISTICS - Micro data processing"
"OEA","Employment Indicators: Agriculture and agrifood systems","578","Norway","21155","Share of employment in agriculture in total employment","3","Female","2018","2018","6121","Value","3023","Labour force survey","%","1.1","X","Figure from external organization","Repository: ILO-STATISTICS - Micro data processing"
"OEA","Employment Indicators: Agriculture and agrifood systems","578","Norway","21155","Share of employment in agriculture in total employment","3","Female","2019","2019","6121","Value","3023","Labour force survey","%","1.1","X","Figure from external organization","Repository: ILO-STATISTICS - Micro data processing"
"OEA","Employment Indicators: Agriculture and agrifood systems","578","Norway","21155","Share of employment in agriculture in total employment","3","Female","2020","2020","6121","Value","3023","Labour force survey","%","1","X","Figure from external organization","Repository: ILO-STATISTICS - Micro data processing"
"OEA","Employment Indicators: Agriculture and agrifood systems","578","Norway","21155","Share of employment in agriculture in total employment","3","Female","2021","2021","6121","Value","3023","Labour force survey","%","1","X","Figure from external organization","Repository: ILO-STATISTICS - Micro data processing"
"OEA","Employment Indicators: Agriculture and agrifood systems","578","Norway","21155","Share of employment in agriculture in total employment","3","Female","2022","2022","6121","Value","3023","Labour force survey","%","0.9","X","Figure from external organization","Repository: ILO-STATISTICS - Micro data processing"
"OEA","Employment Indicators: Agriculture and agrifood systems","578","Norway","21155","Share of employment in agriculture in total employment","3","Female","2023","2023","6121","Value","3023","Labour force survey","%","1.1","X","Figure from external organization","Repository: ILO-STATISTICS - Micro data processing"
"OEA","Employment Indicators: Agriculture and agrifood systems","578","Norway","21126","Share of employment in crop and animal production, hunting and related service activities","1","Total","2010","2010","6121","Value","3023","Labour force survey","%","75.1","X","Figure from external organization","Repository: Eurostat special tabulation"
"OEA","Employment Indicators: Agriculture and agrifood systems","578","Norway","21126","Share of employment in crop and animal production, hunting and related service activities","1","Total","2011","2011","6121","Value","3023","Labour force survey","%","69.68","X","Figure from external organization","Repository: Eurostat special tabulation"
"OEA","Employment Indicators: Agriculture and agrifood systems","578","Norway","21126","Share of employment in crop and animal production, hunting and related service activities","1","Total","2012","2012","6121","Value","3023","Labour force survey","%","66.68","X","Figure from external organization","Repository: Eurostat special tabulation"
"OEA","Employment Indicators: Agriculture and agrifood systems","578","Norway","21126","Share of employment in crop and animal production, hunting and related service activities","1","Total","2013","2013","6121","Value","3023","Labour force survey","%","68.73","X","Figure from external organization","Repository: Eurostat special tabulation"
"OEA","Employment Indicators: Agriculture and agrifood systems","578","Norway","21126","Share of employment in crop and animal production, hunting and related service activities","1","Total","2014","2014","6121","Value","3023","Labour force survey","%","67.3","X","Figure from external organization","Repository: Eurostat special tabulation"
"OEA","Employment Indicators: Agriculture and agrifood systems","578","Norway","21126","Share of employment in crop and animal production, hunting and related service activities","1","Total","2015","2015","6121","Value","3023","Labour force survey","%","69.08","X","Figure from external organization","Repository: Eurostat special tabulation"
"OEA","Employment Indicators: Agriculture and agrifood systems","578","Norway","21126","Share of employment in crop and animal production, hunting and related service activities","1","Total","2016","2016","6121","Value","3023","Labour force survey","%","68","X","Figure from external organization","Repository: Eurostat special tabulation"
"OEA","Employment Indicators: Agriculture and agrifood systems","578","Norway","21126","Share of employment in crop and animal production, hunting and related service activities","1","Total","2017","2017","6121","Value","3023","Labour force survey","%","69.4","X","Figure from external organization","Repository: Eurostat special tabulation"
"OEA","Employment Indicators: Agriculture and agrifood systems","578","Norway","21126","Share of employment in crop and animal production, hunting and related service activities","1","Total","2018","2018","6121","Value","3023","Labour force survey","%","65.62","X","Figure from external organization","Repository: Eurostat special tabulation"
"OEA","Employment Indicators: Agriculture and agrifood systems","578","Norway","21126","Share of employment in crop and animal production, hunting and related service activities","1","Total","2019","2019","6121","Value","3023","Labour force survey","%","64.6","X","Figure from external organization","Repository: Eurostat special tabulation"
"OEA","Employment Indicators: Agriculture and agrifood systems","578","Norway","21126","Share of employment in crop and animal production, hunting and related service activities","1","Total","2020","2020","6121","Value","3023","Labour force survey","%","64.95","X","Figure from external organization","Repository: Eurostat special tabulation"
"OEA","Employment Indicators: Agriculture and agrifood systems","578","Norway","21126","Share of employment in crop and animal production, hunting and related service activities","1","Total","2021","2021","6121","Value","3023","Labour force survey","%","60.19","X","Figure from external organization","Break in series: Methodology revised Repository: Eurostat special tabulation"
"OEA","Employment Indicators: Agriculture and agrifood systems","578","Norway","21126","Share of employment in crop and animal production, hunting and related service activities","1","Total","2022","2022","6121","Value","3023","Labour force survey","%","59.23","X","Figure from external organization","Repository: Eurostat special tabulation"
"OEA","Employment Indicators: Agriculture and agrifood systems","578","Norway","21126","Share of employment in crop and animal production, hunting and related service activities","1","Total","2023","2023","6121","Value","3023","Labour force survey","%","56.3","X","Figure from external organization","Repository: Eurostat special tabulation"
"OEA","Employment Indicators: Agriculture and agrifood systems","578","Norway","21114","Share of employment in forestry and logging","1","Total","2010","2010","6121","Value","3023","Labour force survey","%","5.57","X","Figure from external organization","Repository: Eurostat special tabulation"
"OEA","Employment Indicators: Agriculture and agrifood systems","578","Norway","21114","Share of employment in forestry and logging","1","Total","2011","2011","6121","Value","3023","Labour force survey","%","6.22","X","Figure from external organization","Repository: Eurostat special tabulation"
"OEA","Employment Indicators: Agriculture and agrifood systems","578","Norway","21114","Share of employment in forestry and logging","1","Total","2012","2012","6121","Value","3023","Labour force survey","%","7.09","X","Figure from external organization","Repository: Eurostat special tabulation"
"OEA","Employment Indicators: Agriculture and agrifood systems","578","Norway","21114","Share of employment in forestry and logging","1","Total","2013","2013","6121","Value","3023","Labour force survey","%","6.06","X","Figure from external organization","Repository: Eurostat special tabulation"
"OEA","Employment Indicators: Agriculture and agrifood systems","578","Norway","21114","Share of employment in forestry and logging","1","Total","2014","2014","6121","Value","3023","Labour force survey","%","8.41","X","Figure from external organization","Repository: Eurostat special tabulation"
"OEA","Employment Indicators: Agriculture and agrifood systems","578","Norway","21114","Share of employment in forestry and logging","1","Total","2015","2015","6121","Value","3023","Labour force survey","%","8.16","X","Figure from external organization","Repository: Eurostat special tabulation"
"OEA","Employment Indicators: Agriculture and agrifood systems","578","Norway","21114","Share of employment in forestry and logging","1","Total","2016","2016","6121","Value","3023","Labour force survey","%","7.42","X","Figure from external organization","Repository: Eurostat special tabulation"
"OEA","Employment Indicators: Agriculture and agrifood systems","578","Norway","21114","Share of employment in forestry and logging","1","Total","2021","2021","6121","Value","3023","Labour force survey","%","10.35","X","Figure from external organization","Break in series: Methodology revised Repository: Eurostat special tabulation"
"OEA","Employment Indicators: Agriculture and agrifood systems","578","Norway","21114","Share of employment in forestry and logging","1","Total","2022","2022","6121","Value","3023","Labour force survey","%","10.89","X","Figure from external organization","Unreliable Repository: Eurostat special tabulation"
"OEA","Employment Indicators: Agriculture and agrifood systems","578","Norway","21114","Share of employment in forestry and logging","1","Total","2023","2023","6121","Value","3023","Labour force survey","%","10.66","X","Figure from external organization","Unreliable Repository: Eurostat special tabulation"
"OEA","Employment Indicators: Agriculture and agrifood systems","578","Norway","21118","Share of employment in fishing and aquaculture","1","Total","2010","2010","6121","Value","3023","Labour force survey","%","19.34","X","Figure from external organization","Repository: Eurostat special tabulation"
"OEA","Employment Indicators: Agriculture and agrifood systems","578","Norway","21118","Share of employment in fishing and aquaculture","1","Total","2011","2011","6121","Value","3023","Labour force survey","%","24.11","X","Figure from external organization","Repository: Eurostat special tabulation"
"OEA","Employment Indicators: Agriculture and agrifood systems","578","Norway","21118","Share of employment in fishing and aquaculture","1","Total","2012","2012","6121","Value","3023","Labour force survey","%","26.23","X","Figure from external organization","Repository: Eurostat special tabulation"
"OEA","Employment Indicators: Agriculture and agrifood systems","578","Norway","21118","Share of employment in fishing and aquaculture","1","Total","2013","2013","6121","Value","3023","Labour force survey","%","25.21","X","Figure from external organization","Repository: Eurostat special tabulation"
"OEA","Employment Indicators: Agriculture and agrifood systems","578","Norway","21118","Share of employment in fishing and aquaculture","1","Total","2014","2014","6121","Value","3023","Labour force survey","%","24.29","X","Figure from external organization","Repository: Eurostat special tabulation"
"OEA","Employment Indicators: Agriculture and agrifood systems","578","Norway","21118","Share of employment in fishing and aquaculture","1","Total","2015","2015","6121","Value","3023","Labour force survey","%","22.75","X","Figure from external organization","Repository: Eurostat special tabulation"
"OEA","Employment Indicators: Agriculture and agrifood systems","578","Norway","21118","Share of employment in fishing and aquaculture","1","Total","2016","2016","6121","Value","3023","Labour force survey","%","24.58","X","Figure from external organization","Repository: Eurostat special tabulation"
"OEA","Employment Indicators: Agriculture and agrifood systems","578","Norway","21118","Share of employment in fishing and aquaculture","1","Total","2017","2017","6121","Value","3023","Labour force survey","%","30.6","X","Figure from external organization","Repository: Eurostat special tabulation"
"OEA","Employment Indicators: Agriculture and agrifood systems","578","Norway","21118","Share of employment in fishing and aquaculture","1","Total","2018","2018","6121","Value","3023","Labour force survey","%","34.38","X","Figure from external organization","Repository: Eurostat special tabulation"
"OEA","Employment Indicators: Agriculture and agrifood systems","578","Norway","21118","Share of employment in fishing and aquaculture","1","Total","2019","2019","6121","Value","3023","Labour force survey","%","35.4","X","Figure from external organization","Repository: Eurostat special tabulation"
"OEA","Employment Indicators: Agriculture and agrifood systems","578","Norway","21118","Share of employment in fishing and aquaculture","1","Total","2020","2020","6121","Value","3023","Labour force survey","%","35.05","X","Figure from external organization","Repository: Eurostat special tabulation"
"OEA","Employment Indicators: Agriculture and agrifood systems","578","Norway","21118","Share of employment in fishing and aquaculture","1","Total","2021","2021","6121","Value","3023","Labour force survey","%","29.45","X","Figure from external organization","Break in series: Methodology revised Repository: Eurostat special tabulation"
"OEA","Employment Indicators: Agriculture and agrifood systems","578","Norway","21118","Share of employment in fishing and aquaculture","1","Total","2022","2022","6121","Value","3023","Labour force survey","%","29.88","X","Figure from external organization","Repository: Eurostat special tabulation"
"OEA","Employment Indicators: Agriculture and agrifood systems","578","Norway","21118","Share of employment in fishing and aquaculture","1","Total","2023","2023","6121","Value","3023","Labour force survey","%","33.04","X","Figure from external organization","Repository: Eurostat special tabulation"
"OEA","Employment Indicators: Agriculture and agrifood systems","578","Norway","21118","Share of employment in fishing and aquaculture","3","Female","2011","2011","6121","Value","3023","Labour force survey","%","11.57","X","Figure from external organization","Unreliable Repository: Eurostat special tabulation"
"OEA","Employment Indicators: Agriculture and agrifood systems","578","Norway","21118","Share of employment in fishing and aquaculture","3","Female","2012","2012","6121","Value","3023","Labour force survey","%","15.42","X","Figure from external organization","Repository: Eurostat special tabulation"
"OEA","Employment Indicators: Agriculture and agrifood systems","578","Norway","21118","Share of employment in fishing and aquaculture","3","Female","2013","2013","6121","Value","3023","Labour force survey","%","12.78","X","Figure from external organization","Unreliable Repository: Eurostat special tabulation"
"OEA","Employment Indicators: Agriculture and agrifood systems","578","Norway","21118","Share of employment in fishing and aquaculture","3","Female","2014","2014","6121","Value","3023","Labour force survey","%","7.17","X","Figure from external organization","Unreliable Repository: Eurostat special tabulation"
"OEA","Employment Indicators: Agriculture and agrifood systems","578","Norway","21118","Share of employment in fishing and aquaculture","3","Female","2015","2015","6121","Value","3023","Labour force survey","%","6.44","X","Figure from external organization","Unreliable Repository: Eurostat special tabulation"
"OEA","Employment Indicators: Agriculture and agrifood systems","578","Norway","21118","Share of employment in fishing and aquaculture","3","Female","2016","2016","6121","Value","3023","Labour force survey","%","12.47","X","Figure from external organization","Unreliable Repository: Eurostat special tabulation"
"OEA","Employment Indicators: Agriculture and agrifood systems","578","Norway","21118","Share of employment in fishing and aquaculture","3","Female","2023","2023","6121","Value","3023","Labour force survey","%","36.48","X","Figure from external organization","Unreliable Repository: Eurostat special tabulation"
"OEA","Employment Indicators: Agriculture and agrifood systems","578","Norway","21158","Share of females in total employment in agriculture","3","Female","2010","2010","6121","Value","3023","Labour force survey","%","18.49","X","Figure from external organization","Repository: ILO-STATISTICS - Micro data processing"
"OEA","Employment Indicators: Agriculture and agrifood systems","578","Norway","21158","Share of females in total employment in agriculture","3","Female","2011","2011","6121","Value","3023","Labour force survey","%","21.84","X","Figure from external organization","Repository: ILO-STATISTICS - Micro data processing"
"OEA","Employment Indicators: Agriculture and agrifood systems","578","Norway","21158","Share of females in total employment in agriculture","3","Female","2012","2012","6121","Value","3023","Labour force survey","%","18.13","X","Figure from external organization","Repository: ILO-STATISTICS - Micro data processing"
"OEA","Employment Indicators: Agriculture and agrifood systems","578","Norway","21158","Share of females in total employment in agriculture","3","Female","2013","2013","6121","Value","3023","Labour force survey","%","21.3","X","Figure from external organization","Repository: ILO-STATISTICS - Micro data processing"
"OEA","Employment Indicators: Agriculture and agrifood systems","578","Norway","21158","Share of females in total employment in agriculture","3","Female","2014","2014","6121","Value","3023","Labour force survey","%","20.75","X","Figure from external organization","Repository: ILO-STATISTICS - Micro data processing"
"OEA","Employment Indicators: Agriculture and agrifood systems","578","Norway","21158","Share of females in total employment in agriculture","3","Female","2015","2015","6121","Value","3023","Labour force survey","%","20.56","X","Figure from external organization","Repository: ILO-STATISTICS - Micro data processing"
"OEA","Employment Indicators: Agriculture and agrifood systems","578","Norway","21158","Share of females in total employment in agriculture","3","Female","2016","2016","6121","Value","3023","Labour force survey","%","20.42","X","Figure from external organization","Repository: ILO-STATISTICS - Micro data processing"
"OEA","Employment Indicators: Agriculture and agrifood systems","578","Norway","21158","Share of females in total employment in agriculture","3","Female","2017","2017","6121","Value","3023","Labour force survey","%","21.79","X","Figure from external organization","Repository: ILO-STATISTICS - Micro data processing"
"OEA","Employment Indicators: Agriculture and agrifood systems","578","Norway","21158","Share of females in total employment in agriculture","3","Female","2018","2018","6121","Value","3023","Labour force survey","%","25.72","X","Figure from external organization","Repository: ILO-STATISTICS - Micro data processing"
"OEA","Employment Indicators: Agriculture and agrifood systems","578","Norway","21158","Share of females in total employment in agriculture","3","Female","2019","2019","6121","Value","3023","Labour force survey","%","23.96","X","Figure from external organization","Repository: ILO-STATISTICS - Micro data processing"
"OEA","Employment Indicators: Agriculture and agrifood systems","578","Norway","21158","Share of females in total employment in agriculture","3","Female","2020","2020","6121","Value","3023","Labour force survey","%","22.39","X","Figure from external organization","Repository: ILO-STATISTICS - Micro data processing"
"OEA","Employment Indicators: Agriculture and agrifood systems","578","Norway","21158","Share of females in total employment in agriculture","3","Female","2021","2021","6121","Value","3023","Labour force survey","%","20.05","X","Figure from external organization","Repository: ILO-STATISTICS - Micro data processing"
"OEA","Employment Indicators: Agriculture and agrifood systems","578","Norway","21158","Share of females in total employment in agriculture","3","Female","2022","2022","6121","Value","3023","Labour force survey","%","17.95","X","Figure from external organization","Repository: ILO-STATISTICS - Micro data processing"
"OEA","Employment Indicators: Agriculture and agrifood systems","578","Norway","21158","Share of females in total employment in agriculture","3","Female","2023","2023","6121","Value","3023","Labour force survey","%","21.55","X","Figure from external organization","Repository: ILO-STATISTICS - Micro data processing"
"OEA","Employment Indicators: Agriculture and agrifood systems","578","Norway","21152","Share of employees in agriculture in total employees","1","Total","2010","2010","6121","Value","3023","Labour force survey","%","0.99","X","Figure from external organization","Repository: ILO-STATISTICS - Micro data processing"
"OEA","Employment Indicators: Agriculture and agrifood systems","578","Norway","21152","Share of employees in agriculture in total employees","1","Total","2011","2011","6121","Value","3023","Labour force survey","%","1.03","X","Figure from external organization","Repository: ILO-STATISTICS - Micro data processing"
"OEA","Employment Indicators: Agriculture and agrifood systems","578","Norway","21152","Share of employees in agriculture in total employees","1","Total","2012","2012","6121","Value","3023","Labour force survey","%","0.95","X","Figure from external organization","Repository: ILO-STATISTICS - Micro data processing"
"OEA","Employment Indicators: Agriculture and agrifood systems","578","Norway","21152","Share of employees in agriculture in total employees","1","Total","2013","2013","6121","Value","3023","Labour force survey","%","1.09","X","Figure from external organization","Repository: ILO-STATISTICS - Micro data processing"
"OEA","Employment Indicators: Agriculture and agrifood systems","578","Norway","21152","Share of employees in agriculture in total employees","1","Total","2014","2014","6121","Value","3023","Labour force survey","%","0.97","X","Figure from external organization","Repository: ILO-STATISTICS - Micro data processing"
"OEA","Employment Indicators: Agriculture and agrifood systems","578","Norway","21152","Share of employees in agriculture in total employees","1","Total","2015","2015","6121","Value","3023","Labour force survey","%","0.87","X","Figure from external organization","Repository: ILO-STATISTICS - Micro data processing"
"OEA","Employment Indicators: Agriculture and agrifood systems","578","Norway","21152","Share of employees in agriculture in total employees","1","Total","2016","2016","6121","Value","3023","Labour force survey","%","1.1","X","Figure from external organization","Repository: ILO-STATISTICS - Micro data processing"
"OEA","Employment Indicators: Agriculture and agrifood systems","578","Norway","21152","Share of employees in agriculture in total employees","1","Total","2017","2017","6121","Value","3023","Labour force survey","%","1.1","X","Figure from external organization","Repository: ILO-STATISTICS - Micro data processing"
"OEA","Employment Indicators: Agriculture and agrifood systems","578","Norway","21152","Share of employees in agriculture in total employees","1","Total","2018","2018","6121","Value","3023","Labour force survey","%","1.12","X","Figure from external organization","Repository: ILO-STATISTICS - Micro data processing"
"OEA","Employment Indicators: Agriculture and agrifood systems","578","Norway","21152","Share of employees in agriculture in total employees","1","Total","2019","2019","6121","Value","3023","Labour force survey","%","1.27","X","Figure from external organization","Repository: ILO-STATISTICS - Micro data processing"
"OEA","Employment Indicators: Agriculture and agrifood systems","578","Norway","21152","Share of employees in agriculture in total employees","1","Total","2020","2020","6121","Value","3023","Labour force survey","%","1.11","X","Figure from external organization","Repository: ILO-STATISTICS - Micro data processing"
"OEA","Employment Indicators: Agriculture and agrifood systems","578","Norway","21152","Share of employees in agriculture in total employees","1","Total","2021","2021","6121","Value","3023","Labour force survey","%","1.4","X","Figure from external organization","Repository: ILO-STATISTICS - Micro data processing"
"OEA","Employment Indicators: Agriculture and agrifood systems","578","Norway","21152","Share of employees in agriculture in total employees","1","Total","2022","2022","6121","Value","3023","Labour force survey","%","1.52","X","Figure from external organization","Repository: ILO-STATISTICS - Micro data processing"
"OEA","Employment Indicators: Agriculture and agrifood systems","578","Norway","21152","Share of employees in agriculture in total employees","1","Total","2023","2023","6121","Value","3023","Labour force survey","%","1.65","X","Figure from external organization","Repository: ILO-STATISTICS - Micro data processing"
"OEA","Employment Indicators: Agriculture and agrifood systems","578","Norway","21152","Share of employees in agriculture in total employees","2","Male","2010","2010","6121","Value","3023","Labour force survey","%","1.55","X","Figure from external organization","Repository: ILO-STATISTICS - Micro data processing"
"OEA","Employment Indicators: Agriculture and agrifood systems","578","Norway","21152","Share of employees in agriculture in total employees","2","Male","2011","2011","6121","Value","3023","Labour force survey","%","1.63","X","Figure from external organization","Repository: ILO-STATISTICS - Micro data processing"
"OEA","Employment Indicators: Agriculture and agrifood systems","578","Norway","21152","Share of employees in agriculture in total employees","2","Male","2012","2012","6121","Value","3023","Labour force survey","%","1.47","X","Figure from external organization","Repository: ILO-STATISTICS - Micro data processing"
"OEA","Employment Indicators: Agriculture and agrifood systems","578","Norway","21152","Share of employees in agriculture in total employees","2","Male","2013","2013","6121","Value","3023","Labour force survey","%","1.61","X","Figure from external organization","Repository: ILO-STATISTICS - Micro data processing"
"OEA","Employment Indicators: Agriculture and agrifood systems","578","Norway","21152","Share of employees in agriculture in total employees","2","Male","2014","2014","6121","Value","3023","Labour force survey","%","1.44","X","Figure from external organization","Repository: ILO-STATISTICS - Micro data processing"
"OEA","Employment Indicators: Agriculture and agrifood systems","578","Norway","21152","Share of employees in agriculture in total employees","2","Male","2015","2015","6121","Value","3023","Labour force survey","%","1.36","X","Figure from external organization","Repository: ILO-STATISTICS - Micro data processing"
"OEA","Employment Indicators: Agriculture and agrifood systems","578","Norway","21152","Share of employees in agriculture in total employees","2","Male","2016","2016","6121","Value","3023","Labour force survey","%","1.68","X","Figure from external organization","Repository: ILO-STATISTICS - Micro data processing"
"OEA","Employment Indicators: Agriculture and agrifood systems","578","Norway","21152","Share of employees in agriculture in total employees","2","Male","2017","2017","6121","Value","3023","Labour force survey","%","1.61","X","Figure from external organization","Repository: ILO-STATISTICS - Micro data processing"
"OEA","Employment Indicators: Agriculture and agrifood systems","578","Norway","21152","Share of employees in agriculture in total employees","2","Male","2018","2018","6121","Value","3023","Labour force survey","%","1.49","X","Figure from external organization","Repository: ILO-STATISTICS - Micro data processing"
"OEA","Employment Indicators: Agriculture and agrifood systems","578","Norway","21152","Share of employees in agriculture in total employees","2","Male","2019","2019","6121","Value","3023","Labour force survey","%","1.83","X","Figure from external organization","Repository: ILO-STATISTICS - Micro data processing"
"OEA","Employment Indicators: Agriculture and agrifood systems","578","Norway","21152","Share of employees in agriculture in total employees","2","Male","2020","2020","6121","Value","3023","Labour force survey","%","1.65","X","Figure from external organization","Repository: ILO-STATISTICS - Micro data processing"
"OEA","Employment Indicators: Agriculture and agrifood systems","578","Norway","21152","Share of employees in agriculture in total employees","2","Male","2021","2021","6121","Value","3023","Labour force survey","%","2.15","X","Figure from external organization","Repository: ILO-STATISTICS - Micro data processing"
"OEA","Employment Indicators: Agriculture and agrifood systems","578","Norway","21152","Share of employees in agriculture in total employees","2","Male","2022","2022","6121","Value","3023","Labour force survey","%","2.35","X","Figure from external organization","Repository: ILO-STATISTICS - Micro data processing"
"OEA","Employment Indicators: Agriculture and agrifood systems","578","Norway","21152","Share of employees in agriculture in total employees","2","Male","2023","2023","6121","Value","3023","Labour force survey","%","2.33","X","Figure from external organization","Repository: ILO-STATISTICS - Micro data processing"
"OEA","Employment Indicators: Agriculture and agrifood systems","578","Norway","21152","Share of employees in agriculture in total employees","3","Female","2010","2010","6121","Value","3023","Labour force survey","%","0.41","X","Figure from external organization","Repository: ILO-STATISTICS - Micro data processing"
"OEA","Employment Indicators: Agriculture and agrifood systems","578","Norway","21152","Share of employees in agriculture in total employees","3","Female","2011","2011","6121","Value","3023","Labour force survey","%","0.4","X","Figure from external organization","Repository: ILO-STATISTICS - Micro data processing"
"OEA","Employment Indicators: Agriculture and agrifood systems","578","Norway","21152","Share of employees in agriculture in total employees","3","Female","2012","2012","6121","Value","3023","Labour force survey","%","0.41","X","Figure from external organization","Repository: ILO-STATISTICS - Micro data processing"
"OEA","Employment Indicators: Agriculture and agrifood systems","578","Norway","21152","Share of employees in agriculture in total employees","3","Female","2013","2013","6121","Value","3023","Labour force survey","%","0.54","X","Figure from external organization","Repository: ILO-STATISTICS - Micro data processing"
"OEA","Employment Indicators: Agriculture and agrifood systems","578","Norway","21152","Share of employees in agriculture in total employees","3","Female","2014","2014","6121","Value","3023","Labour force survey","%","0.47","X","Figure from external organization","Repository: ILO-STATISTICS - Micro data processing"
"OEA","Employment Indicators: Agriculture and agrifood systems","578","Norway","21152","Share of employees in agriculture in total employees","3","Female","2015","2015","6121","Value","3023","Labour force survey","%","0.35","X","Figure from external organization","Repository: ILO-STATISTICS - Micro data processing"
"OEA","Employment Indicators: Agriculture and agrifood systems","578","Norway","21152","Share of employees in agriculture in total employees","3","Female","2016","2016","6121","Value","3023","Labour force survey","%","0.5","X","Figure from external organization","Repository: ILO-STATISTICS - Micro data processing"
"OEA","Employment Indicators: Agriculture and agrifood systems","578","Norway","21152","Share of employees in agriculture in total employees","3","Female","2017","2017","6121","Value","3023","Labour force survey","%","0.56","X","Figure from external organization","Repository: ILO-STATISTICS - Micro data processing"
"OEA","Employment Indicators: Agriculture and agrifood systems","578","Norway","21152","Share of employees in agriculture in total employees","3","Female","2018","2018","6121","Value","3023","Labour force survey","%","0.73","X","Figure from external organization","Repository: ILO-STATISTICS - Micro data processing"
"OEA","Employment Indicators: Agriculture and agrifood systems","578","Norway","21152","Share of employees in agriculture in total employees","3","Female","2019","2019","6121","Value","3023","Labour force survey","%","0.66","X","Figure from external organization","Repository: ILO-STATISTICS - Micro data processing"
"OEA","Employment Indicators: Agriculture and agrifood systems","578","Norway","21152","Share of employees in agriculture in total employees","3","Female","2020","2020","6121","Value","3023","Labour force survey","%","0.55","X","Figure from external organization","Repository: ILO-STATISTICS - Micro data processing"
"OEA","Employment Indicators: Agriculture and agrifood systems","578","Norway","21152","Share of employees in agriculture in total employees","3","Female","2021","2021","6121","Value","3023","Labour force survey","%","0.6","X","Figure from external organization","Repository: ILO-STATISTICS - Micro data processing"
"OEA","Employment Indicators: Agriculture and agrifood systems","578","Norway","21152","Share of employees in agriculture in total employees","3","Female","2022","2022","6121","Value","3023","Labour force survey","%","0.62","X","Figure from external organization","Repository: ILO-STATISTICS - Micro data processing"
"OEA","Employment Indicators: Agriculture and agrifood systems","578","Norway","21152","Share of employees in agriculture in total employees","3","Female","2023","2023","6121","Value","3023","Labour force survey","%","0.91","X","Figure from external organization","Repository: ILO-STATISTICS - Micro data processing"
"OEA","Employment Indicators: Agriculture and agrifood systems","578","Norway","21157","Share of female employees in total employees in agriculture","3","Female","2010","2010","6121","Value","3023","Labour force survey","%","20.29","X","Figure from external organization","Repository: ILO-STATISTICS - Micro data processing"
"OEA","Employment Indicators: Agriculture and agrifood systems","578","Norway","21157","Share of female employees in total employees in agriculture","3","Female","2011","2011","6121","Value","3023","Labour force survey","%","19.15","X","Figure from external organization","Repository: ILO-STATISTICS - Micro data processing"
"OEA","Employment Indicators: Agriculture and agrifood systems","578","Norway","21157","Share of female employees in total employees in agriculture","3","Female","2012","2012","6121","Value","3023","Labour force survey","%","21.06","X","Figure from external organization","Repository: ILO-STATISTICS - Micro data processing"
"OEA","Employment Indicators: Agriculture and agrifood systems","578","Norway","21157","Share of female employees in total employees in agriculture","3","Female","2013","2013","6121","Value","3023","Labour force survey","%","24.2","X","Figure from external organization","Repository: ILO-STATISTICS - Micro data processing"
"OEA","Employment Indicators: Agriculture and agrifood systems","578","Norway","21157","Share of female employees in total employees in agriculture","3","Female","2014","2014","6121","Value","3023","Labour force survey","%","23.71","X","Figure from external organization","Repository: ILO-STATISTICS - Micro data processing"
"OEA","Employment Indicators: Agriculture and agrifood systems","578","Norway","21157","Share of female employees in total employees in agriculture","3","Female","2015","2015","6121","Value","3023","Labour force survey","%","19.71","X","Figure from external organization","Repository: ILO-STATISTICS - Micro data processing"
"OEA","Employment Indicators: Agriculture and agrifood systems","578","Norway","21157","Share of female employees in total employees in agriculture","3","Female","2016","2016","6121","Value","3023","Labour force survey","%","21.81","X","Figure from external organization","Repository: ILO-STATISTICS - Micro data processing"
"OEA","Employment Indicators: Agriculture and agrifood systems","578","Norway","21157","Share of female employees in total employees in agriculture","3","Female","2017","2017","6121","Value","3023","Labour force survey","%","24.58","X","Figure from external organization","Repository: ILO-STATISTICS - Micro data processing"
"OEA","Employment Indicators: Agriculture and agrifood systems","578","Norway","21157","Share of female employees in total employees in agriculture","3","Female","2018","2018","6121","Value","3023","Labour force survey","%","31.3","X","Figure from external organization","Repository: ILO-STATISTICS - Micro data processing"
"OEA","Employment Indicators: Agriculture and agrifood systems","578","Norway","21157","Share of female employees in total employees in agriculture","3","Female","2019","2019","6121","Value","3023","Labour force survey","%","25.09","X","Figure from external organization","Repository: ILO-STATISTICS - Micro data processing"
"OEA","Employment Indicators: Agriculture and agrifood systems","578","Norway","21157","Share of female employees in total employees in agriculture","3","Female","2020","2020","6121","Value","3023","Labour force survey","%","23.65","X","Figure from external organization","Repository: ILO-STATISTICS - Micro data processing"
"OEA","Employment Indicators: Agriculture and agrifood systems","578","Norway","21157","Share of female employees in total employees in agriculture","3","Female","2021","2021","6121","Value","3023","Labour force survey","%","20.54","X","Figure from external organization","Repository: ILO-STATISTICS - Micro data processing"
"OEA","Employment Indicators: Agriculture and agrifood systems","578","Norway","21157","Share of female employees in total employees in agriculture","3","Female","2022","2022","6121","Value","3023","Labour force survey","%","19.64","X","Figure from external organization","Repository: ILO-STATISTICS - Micro data processing"
"OEA","Employment Indicators: Agriculture and agrifood systems","578","Norway","21157","Share of female employees in total employees in agriculture","3","Female","2023","2023","6121","Value","3023","Labour force survey","%","26.36","X","Figure from external organization","Repository: ILO-STATISTICS - Micro data processing"
